map,tick,killer_steamid,killer,kill_victim_steamid,weapon,attacker_X,attacker_Y,attacker_Z,victim_X,victim_Y,victim_Z,enemy_visible,viewX,viewY,aimDelta,distance,log_aimDelta,aimDelta_diff
de_dust2,12008,7.656119796027949e+16,Alter Mann mit Glatze,76561199092589700,glock,-1587.2821044921875,1143.1622314453125,33.5355110168457,-1745.977294921875,381.0864562988281,1.3603410720825195,True,95.2532,-0.5541,0.5744,779.0885008082228,0.45387424731585196,0.0
de_dust2,12210,7.656119796027949e+16,Alter Mann mit Glatze,76561198128564000,glock,-1184.5452880859375,1063.0115966796875,2.417154550552368,-1061.8277587890625,1347.536865234375,-111.7452392578125,False,94.4275,-0.6489,0.0,330.22306491658424,0.0,-0.45387424731585196
de_dust2,15023,7.656119796027949e+16,Alter Mann mit Glatze,76561197985457300,deagle,-237.3143310546875,466.5499267578125,-1.86871337890625,-167.8433837890625,1440.313720703125,-0.21240234375,True,-102.6470,0.5936,0.4697,976.2401765339293,0.38505829833050176,0.38505829833050176
de_dust2,32442,7.656119796027949e+16,Alter Mann mit Glatze,76561197985457300,ak47,332.29559326171875,1425.2952880859375,0.1944761276245117,437.1080322265625,2119.266357421875,95.86658477783205,True,174.2974,2672116,0.8118,708.3322982969228,0.5943208262530504,0.20926252792254862
de_dust2,32883,7.656119796027949e+16,Alter Mann mit Glatze,76561198128564000,ak47,356.5456237792969,2370.841064453125,95.7585678100586,1773.689697265625,1882.196533203125,2.469274044036865,True,-77.8330,-3.5091,0.4495,1501.9233320210851,0.37121866937957315,-0.22310215687347723
de_dust2,71908,7.656119796027949e+16,Alter Mann mit Glatze,76561198128564000,ak47,-23.52996826171875,1406.908935546875,-0.42315673828125,401.26507568359375,1561.4222412109375,2.536859035491944,True,-125.4601,2897074,275030.0,452.03313228248766,12.524639097568194,12.153420428188621
de_dust2,73026,7.656119796027949e+16,Alter Mann mit Glatze,76561199129950300,ak47,1275.5889892578125,2888.11328125,127.97097778320312,1308.5477294921875,1420.6419677734375,1.03125,True,2353045,-6.3316,0.8348,1473.32007008801,0.6069354837408799,-11.917703613827314
de_dust2,74021,7.656119796027949e+16,Alter Mann mit Glatze,76561199092589700,ak47,1074.498291015625,2606.322265625,96.51703643798828,1511.3568115234375,1226.4967041015625,-5.2236328125,True,57.0994,778242,675732.0,1450.9014821666156,13.423553306589541,12.816617822848661
de_dust2,90649,7.656119796027949e+16,Alter Mann mit Glatze,76561198128564000,usp_silencer,1510.6807861328125,1754.411376953125,-3.29644775390625,895.1339721679688,2586.4296875,95.02578735351562,True,-65.4298,-7.3705,0.0766,1039.624745369244,0.07380792714471986,-13.34974537944482
de_dust2,96335,7.656119796027949e+16,Alter Mann mit Glatze,76561197966870100,m4a1_silencer,1256.0687255859375,2900.85009765625,127.85892486572266,1325.5399169921875,1092.97314453125,-6.78228759765625,True,-21.1456,2250048,0.74,1814.2143148397727,0.5538851132264376,0.4800771860817178
de_dust2,96401,7.656119796027949e+16,Alter Mann mit Glatze,76561198128564000,m4a1_silencer,1240.572021484375,2901.946044921875,127.8655242919922,1355.6383056640625,848.10791015625,-8.81695556640625,True,126.7943,-5.8080,0.5736,2061.594876272422,0.4533659880927122,-0.1005191251337254
de_dust2,99169,7.656119796027949e+16,Alter Mann mit Glatze,76561199129950300,m4a1_silencer,1498.5091552734375,3024.905029296875,122.1847152709961,1211.12548828125,881.3274536132812,-0.41754150390625,True,-130.2106,2.0623,0.0539,2166.2284063306274,0.05249756895775399,-0.40086841913495824
de_dust2,99605,7.656119796027949e+16,Alter Mann mit Glatze,76561197985457300,m4a1_silencer,1334.83349609375,3007.821044921875,129.03125,1291.336181640625,1367.3670654296875,1.0312519073486328,True,-154.0417,-0.3660,1.122,1646.0149679477727,0.7523590401917915,0.6998614712340374
de_dust2,120260,7.656119796027949e+16,Alter Mann mit Glatze,76561199129950300,mp9,-173.29998779296875,1441.3680419921875,-0.19134521484375,-160.3546142578125,973.37841796875,1.4625978469848633,True,102.2515,-3.4051,0.0,468.17155660848823,0.0,-0.7523590401917915
de_dust2,120847,7.656119796027949e+16,Alter Mann mit Glatze,76561197966870100,ak47,-424.9593505859375,1694.0738525390625,-125.62445068359376,-599.58544921875,2331.19140625,-112.3775634765625,False,-95.7393,1589903,0.018,660.7484631771775,0.017839918128331,0.017839918128331
de_dust2,19756,7.656119796687011e+16,[QMR.Easy]-Blyatman,76561198190202200,usp_silencer,918.38525390625,2046.4276123046875,-18.37799072265625,488.8483581542969,2500.660400390625,95.77049255371094,True,67.1859,20.6361,39814.0,635.4992107145716,10.591999004691544,0.0
de_dust2,25716,7.656119796687011e+16,[QMR.Easy]-Blyatman,76561198097081700,ak47,-563.7398071289062,2381.922607421875,-102.81866455078124,-168.46246337890625,528.96826171875,-0.0733642578125,True,36.9017,1206429,0.0,1897.4299940905446,0.0,-10.591999004691544
de_dust2,41562,7.656119796687011e+16,[QMR.Easy]-Blyatman,76561197960279400,m4a1_silencer,-500.9661865234375,1926.040283203125,-121.8455810546875,-170.71783447265625,813.6219482421875,1.7342171669006348,True,-19.0712,2052389,0.3351,1166.966363061939,0.28900619541391226,0.28900619541391226
de_dust2,57424,7.656119796687011e+16,[QMR.Easy]-Blyatman,76561199353783800,m4a1_silencer,-473.77874755859375,1215.7685546875,-104.8056640625,-186.55157470703125,1158.03271484375,-0.69915771484375,True,-55.6385,1644355,0.5044,310.919669192348,0.40839414761404425,0.11938795220013199
de_dust2,58188,7.656119796687011e+16,[QMR.Easy]-Blyatman,76561198190202200,awp,-203.4906005859375,1244.7139892578125,0.2849259376525879,383.9177856445313,1582.2867431640625,2.999422073364258,True,108.7125,14.3615,0.206,677.5037600508236,0.1873090983049937,-0.22108504930905054
de_dust2,95571,7.656119796687011e+16,[QMR.Easy]-Blyatman,76561199146301600,mac10,743.8033447265625,1056.4107666015625,0.3520998954772949,1540.430419921875,1072.729248046875,1.0312519073486328,True,-89.9166,-1.9535,0.7687,796.7944848066999,0.570244813458611,0.3829357151536173
de_dust2,108454,7.656119796687011e+16,[QMR.Easy]-Blyatman,76561197960279400,m4a1_silencer,426.5523986816406,2481.249267578125,-119.95037841796876,454.28363037109375,2286.962158203125,-118.96875,True,-51.3353,-8.8845,0.6967,196.25867031715646,0.5286851880667568,-0.041559625391854205
de_dust2,120205,7.656119796687011e+16,[QMR.Easy]-Blyatman,76561198097081700,p90,-1376.660888671875,2167.396484375,2.055819034576416,-813.7147216796875,2363.920654296875,-81.3094482421875,True,-147.6384,1314934,0.2889,602.0630399574485,0.2537891414285968,-0.27489604663816
de_ancient,3576,7.656119797375781e+16,arrozdoce,76561197995817500,glock,1056.3963623046875,135.35003662109375,133.56976318359375,781.938720703125,154.83865356445312,130.03125,True,-91.3616,1698135,0.0,275.17144528349445,0.0,0.0
de_ancient,3639,7.656119797375781e+16,arrozdoce,76561198014259100,glock,1062.444091796875,55.47040939331055,130.90110778808594,1095.30859375,208.366943359375,131.03839111328125,True,77.3317,-7.1511,1.1755,156.38876057496662,0.7772585231785978,0.7772585231785978
de_ancient,5314,7.656119797375781e+16,arrozdoce,76561198044045100,glock,849.002197265625,-61.23565673828125,130.03125,1389.889404296875,590.7334594726562,131.91188049316406,True,-178.9604,1757822,0.5214,847.1282287788484,0.4196309635810637,-0.35762755959753406
de_ancient,9998,7.656119797375781e+16,arrozdoce,76561197995817500,ak47,-1451.445068359375,-1542.477294921875,-19.96875,-1845.4267578125,-310.7784423828125,72.23169708251953,True,103.3096,226118,966434.0,1296.4584672917981,13.781369322394289,13.361738358813225
de_dust2,15416,7.656119797375781e+16,arrozdoce,76561198014259100,deagle,998.5542602539062,2038.054443359375,-1.4649658203125,1347.8770751953125,2087.06982421875,-5.5145263671875,True,74.1076,1342327,362323.0,352.768104482251,12.800294118133827,-0.9810752042604616
de_train,17254,7.656119797375781e+16,,76561197973757800,world,-1955.0,1326.0,-171.96875,-1955.0,1326.0,-171.96875,False,-78.7071,3.0058,0.1428,0.0,0.13348139137448095,-12.666812726759346
de_train,30232,7.656119797375781e+16,arrozdoce,76561198014259100,ak47,-324.58367919921875,286.53857421875,-215.96875,-76.88604736328125,429.3144226074219,-215.96875,False,-50.2010,2095124,0.0,285.9004366912311,0.0,-0.13348139137448095
de_ancient,33045,7.656119797375781e+16,arrozdoce,76561198080114500,m4a1_silencer,-1306.5601806640625,594.7385864257812,73.03125,-1753.128662109375,543.9172973632812,73.03125,False,-33.6340,930761,0.9019,449.45101183816087,0.6428533865054784,0.6428533865054784
de_train,34244,7.656119797375781e+16,arrozdoce,76561198014259100,galilar,927.949462890625,1531.9903564453125,-209.96875,1109.4423828125,1223.7486572265625,-215.96875,False,101.7101,0.5105,0.0,357.75497916734923,0.0,-0.6428533865054784
de_train,35243,7.656119797375781e+16,arrozdoce,76561198055109000,galilar,1027.109375,1450.5892333984375,-214.96875,1017.0709228515624,1035.5428466796875,-215.96875,True,1084804,2345375,1477073.0,415.1689699987544,14.205573661815686,14.205573661815686
de_train,43769,7.656119797375781e+16,arrozdoce,76561198055109000,ak47,-271.0667724609375,1730.50634765625,-210.24017333984372,1124.3004150390625,1492.6162109375,-215.96875,True,-12.0613,1505014,0.0,1415.5119645168236,0.0,-14.205573661815686
de_train,44567,7.656119797375781e+16,arrozdoce,76561198014259100,ak47,983.3487548828124,1536.02685546875,-215.96875,1076.0845947265625,1186.6788330078125,-215.96875,True,78.3020,2629595,0.0,361.4470594553141,0.0,0.0
de_dust2,55363,7.656119797375781e+16,arrozdoce,76561197995817500,m4a1_silencer,1114.3931884765625,2526.579833984375,96.03124237060548,559.7803344726562,2448.561279296875,97.1539306640625,True,125.0354,-0.3629,0.1088,560.0746138961209,0.10327834945350173,0.10327834945350173
de_dust2,55501,7.656119797375781e+16,arrozdoce,76561198080114500,m4a1_silencer,1167.5240478515625,2427.499755859375,96.22322082519533,312.7773742675781,2115.308837890625,97.79052734375,True,-8.3438,0.7021,1109244.0,909.9766489942367,13.91919016168085,13.815911812227348
de_ancient,55791,7.656119797375781e+16,arrozdoce,76561198014259100,galilar,-1911.592041015625,955.4768676757812,52.03125,-1977.1446533203125,1138.0694580078125,74.02025604248047,False,-121.9373,-2.4414,693994.0,195.24526988090108,13.450220034852038,-0.4689701268288129
de_ancient,56796,7.656119797375781e+16,arrozdoce,76561197995817500,m4a1_silencer,-2073.3642578125,723.0929565429688,52.03794097900391,-859.5652465820312,1081.4019775390625,66.03125,True,-28.9967,535083,0.2557,1265.6576183504762,0.2276931860127811,-13.222526848839257
de_dust2,62516,7.656119797375781e+16,arrozdoce,76561198014259100,ak47,-1662.9061279296875,1668.2896728515625,2.4657766819000244,-1127.9783935546875,2543.834716796875,43.65726089477539,True,95.9155,2665328,0.0864,1026.8512761604911,0.08286947782229463,-0.14482370819048646
de_train,63910,7.656119797375781e+16,arrozdoce,76561198014259100,galilar,1117.025390625,528.1004028320312,-211.96875,472.6223754882813,-196.03314208984372,-176.71868896484375,True,4.0001,0.0549,0.0,969.9830944925781,0.0,-0.08286947782229463
de_train,89582,7.656119797375781e+16,arrozdoce,76561197995817500,mac10,-966.1396484375,-324.154052734375,18.03125,-933.3964233398438,-746.0093994140625,-153.96875,True,-58.8177,2.1176,0.2003,456.74725211218856,0.18257152554916198,0.18257152554916198
de_dust2,93795,7.656119797375781e+16,arrozdoce,76561197995817500,m4a1_silencer,-500.8403930664063,2199.790283203125,-122.7451171875,-478.282470703125,1447.6126708984375,-89.609375,True,-89.7590,-1.8632,0.0591,753.2449785587987,0.05741949086748648,-0.1251520346816755
de_dust2,100919,7.656119797375781e+16,arrozdoce,76561198044045100,m4a1_silencer,491.7952880859375,2715.53564453125,96.14869689941406,953.1712646484376,2644.847412109375,96.37974548339844,True,-134.5224,5.1042,0.9342,466.75975762203177,0.6596938043007258,0.6022743134332393
de_ancient,107164,7.656119797375781e+16,arrozdoce,76561198044045100,m4a1_silencer,-77.232421875,-728.8455810546875,153.03125,-1049.329345703125,-787.03173828125,36.55210113525391,True,2553168,1417660,0.5369,980.7779821800412,0.4297674006311293,-0.2299264036695965
de_ancient,107208,7.656119797375781e+16,arrozdoce,76561198080114500,m4a1_silencer,-78.33782958984375,-711.0278930664062,155.42088317871094,-1133.5560302734375,-787.0313110351562,40.51490020751953,True,6.1166,2886056,0.2528,1064.1735551682486,0.22538104625440164,-0.20438635437672764
de_train,107210,7.656119797375781e+16,arrozdoce,76561198044045100,famas,400.7871398925781,-1003.88232421875,-172.7626953125,-313.13623046875,-1353.2403564453125,-350.96875,True,-166.0669,715206,0.67,814.5520310922919,0.5128236264286639,0.2874425801742622
de_dust2,121426,7.656119797375781e+16,arrozdoce,76561198080114500,galilar,-2035.0208740234373,1866.9970703125,0.4792861938476562,-1884.13134765625,1814.0313720703125,18.901042938232425,True,79.9334,243254,0.6651,160.97321354544007,0.509885181688934,-0.0029384447397298175
de_train,129522,7.656119797375781e+16,arrozdoce,76561198044045100,m4a1_silencer,935.7951049804688,16.368675231933594,-211.96875,1513.9505615234375,-6.34344482421875,-211.96875,False,17.3457,2434099,0.1996,578.6013932992676,0.18198816789271696,-0.32789701379621705
de_train,130104,7.656119797375781e+16,arrozdoce,76561198055109000,m4a1_silencer,625.8455200195312,362.8117370605469,-215.96875,-669.8973999023438,427.3122863769531,-215.96875,True,177.8611,0.6544,0.0,1297.347307157873,0.0,-0.18198816789271696
de_ancient,130679,7.656119797375781e+16,arrozdoce,76561197995817500,ak47,-140.225341796875,-293.966552734375,67.84307861328125,-567.6176147460938,-106.06494140625,60.5274543762207,True,177.9796,5.0599,0.8898,466.9311393282559,0.6364710033663885,0.6364710033663885
de_dust2,131856,7.656119797375781e+16,arrozdoce,76561198080114500,ak47,-468.2505493164063,1648.478759765625,-125.29901123046876,-578.0430297851562,2120.807373046875,-118.87335205078124,True,53.4142,18.9645,870406.0,484.96391287142484,13.676716197330888,13.0402451939645
de_ancient,133388,7.656119797375781e+16,arrozdoce,76561198055109000,usp_silencer,1322.98095703125,581.98046875,129.37014770507812,849.7144775390625,-3.54974365234375,130.901123046875,True,156.7038,1.1824,1307205.0,752.8805576798753,14.083402593040622,0.40668639570973397
de_ancient,137437,7.656119797375781e+16,arrozdoce,76561198044045100,ak47,-838.543212890625,-203.601318359375,77.84185791015625,-169.42315673828125,-716.41064453125,154.68478393554688,True,-90.2472,1009563,0.2395,846.5222323331573,0.21470807249310814,-13.868694520547514
de_dust2,150932,7.656119797375781e+16,arrozdoce,76561197995817500,galilar,385.2363586425781,2452.908203125,95.7989730834961,603.9393310546875,2376.364013671875,67.03125,True,-87.5737,-1.2926,0.5218,233.4900104337153,0.41989384476028535,0.2051857722671772
de_ancient,158920,7.656119797375781e+16,arrozdoce,76561198014259100,m4a1_silencer,-106.8939208984375,-851.9685668945312,153.03125,1261.270263671875,-693.897216796875,10.00015354156494,True,157.6157,375349,765275.0,1384.6724097116783,13.547991832055388,13.128097987295103
de_ancient,162008,7.656119797375781e+16,arrozdoce,76561198080114500,m4a1_silencer,378.03033447265625,-302.987060546875,186.52847290039065,643.9448852539062,-294.03277587890625,137.9709014892578,True,1523946,2529154,0.8269,270.4599143541539,0.602620541360387,-12.945371290695
de_ancient,162159,7.656119797375781e+16,arrozdoce,76561198055109000,m4a1_silencer,415.1968078613281,-140.0616455078125,153.98779296875,603.8060913085938,205.3175201416016,147.452392578125,True,-141.3824,964639,0.2792,393.57710975797636,0.24623488253760742,-0.3563856588227796
de_dust2,14728,7.656119798545731e+16,Shamener,76561198190202200,m4a1_silencer,-50.10455322265625,1559.2647705078125,1.6394572257995603,-410.26165771484375,703.4802856445312,0.0312509536743164,True,-121.7460,-1.1803,0.0,928.4841467555177,0.0,0.0
de_dust2,14965,7.656119798545731e+16,Shamener,76561199146301600,m4a1_silencer,-257.250244140625,1417.112060546875,32.052886962890625,-296.9200439453125,1293.1641845703125,-119.25885009765624,False,133.5000,0.0000,0.0,199.5795849978784,0.0,0.0
de_dust2,19865,7.656119798545731e+16,Shamener,76561197960279400,m4a1_silencer,1304.271728515625,2758.150146484375,116.61102294921876,493.5221557617188,2060.3623046875,96.0511703491211,True,-11.1453,2382204,0.3262,1069.8810445180902,0.28231770995263017,0.28231770995263017
de_dust2,20197,7.656119798545731e+16,Shamener,76561199146301600,m4a1_silencer,1375.7354736328125,2736.87109375,105.16860961914062,290.2130432128906,2376.992431640625,97.73035430908205,True,-113.3278,2519476,1.0706,1143.6463290845056,0.7278384203498757,0.4455207103972455
de_dust2,31645,7.656119798545731e+16,Shamener,76561198097081700,m4a1_silencer,350.2683410644531,1992.0098876953125,96.03665924072266,281.2070617675781,1365.291748046875,0.3013763427734375,True,-49.7351,-15.8701,305010.0,637.7384505062164,12.628103120512971,11.900264700163095
de_dust2,31757,7.656119798545731e+16,Shamener,76561198190202200,m4a1_silencer,355.2377319335937,1991.000732421875,96.03437042236328,226.9773101806641,1366.5870361328125,0.11790132522583,True,86.7961,964759,0.422,644.626379343625,0.35206433138104914,-12.276038789131922
de_dust2,38244,7.656119798545731e+16,Shamener,76561198097081700,awp,1582.6907958984375,1482.22314453125,0.6541333198547363,581.3241577148438,672.0813598632812,1.181814193725586,False,-100.9822,1641614,0.1852,1288.0470231242407,0.16991153671727313,-0.182152794663776
de_dust2,38368,7.656119798545731e+16,Shamener,76561198190202200,awp,1518.7432861328125,1702.1214599609375,-0.5616455078125,1033.458740234375,742.3421020507812,7.253623962402344,True,81.5127,-5.8959,0.5985,1075.5178217004016,0.4690656895177591,0.29915415280048596
de_dust2,46827,7.656119798545731e+16,Shamener,76561197960279400,awp,-111.2955322265625,1581.6287841796875,2.217977523803711,-149.03173828125,841.1820678710938,1.809114933013916,True,-29.0503,12.0911,0.4101,741.4078014886269,0.3436606238610474,-0.12540506565671172
de_dust2,54723,7.656119798545731e+16,Shamener,76561199146301600,awp,1589.243896484375,1469.794921875,0.7487344741821289,576.6265869140625,644.9925537109375,1.220777988433838,True,2313448,-6.3394,1374775.0,1306.0218164316948,14.133801366720773,13.790140742859725
de_dust2,64835,7.656119798545731e+16,Shamener,76561199146301600,m4a1,-177.46514892578125,1508.888427734375,0.5672702789306641,-469.2464599609375,1052.423095703125,-61.7650146484375,True,91.9810,-5.3603,2.1549,545.3276506468937,1.148956799769779,-12.984844566950994
de_dust2,70182,7.656119798545731e+16,Shamener,76561198097081700,awp,-655.6207275390625,2550.02783203125,-81.66204833984375,-152.87567138671875,422.8071594238281,-1.22418212890625,True,-90.7498,2500087,0.9066,2187.302135456957,0.6453215510773407,-0.5036352486924383
de_dust2,102292,7.656119798545731e+16,Shamener,76561197960279400,ak47,-184.7235107421875,1256.953369140625,0.3118581771850586,69.48273468017578,1459.5538330078125,-0.25677490234375,True,81.8797,-0.3169,0.2505,325.0662801868466,0.2235434713355367,-0.421778079741804
de_dust2,106726,7.656119798545731e+16,Shamener,76561198190202200,tec9,-513.2488403320312,1799.57861328125,-119.9248046875,-244.225830078125,2092.699462890625,-127.06317138671876,False,39.6126,1152462,1537704.0,397.9248280780274,14.245801603108044,14.022258131772507
de_dust2,107137,7.656119798545731e+16,Shamener,76561199146301600,tec9,-299.5509033203125,1445.07177734375,-27.8302001953125,45.51337814331055,1348.424072265625,0.1388716697692871,True,138.9578,2.0328,0.4331,359.433451726281,0.35983993008188875,-13.885961673026156
de_dust2,121544,7.656119798545731e+16,Shamener,76561197960279400,ak47,-1705.0606689453125,2266.8984375,-1.429443359375,-1148.1795654296875,2163.61767578125,2.099606513977051,True,-5.7177,0.4467,2400011.0,566.3885004014418,14.690984295305674,14.331144365223786
de_ancient,5606,7.656119798942307e+16,Snappi,76561198055109000,glock,-550.0863647460938,725.2957153320312,121.97024536132812,207.04600524902344,829.3147583007812,94.51336669921876,False,178.7300,2908579,0.5847,764.7373844532667,0.4603951149666255,0.0
de_dust2,8802,7.656119798942307e+16,Snappi,76561198055109000,usp_silencer,1548.8363037109375,1314.7188720703125,1.03125,1136.7415771484375,2637.3603515625,96.53269958496094,True,-48.1084,1533776,0.1877,1388.6407288448418,0.17201866379805758,-0.2883764511685679
de_train,17254,7.656119798942307e+16,,76561197989423000,world,-1850.0,1256.0,-171.96875,-1850.0,1256.0,-171.96875,False,162.2945,-0.6506,0.6466,0.0,0.49871255588218855,0.32669389208413097
de_train,22706,7.656119798942307e+16,Snappi,76561198044045100,mac10,610.7161865234375,-870.0712280273438,-229.32427978515625,648.0615234375,-711.6817016601562,-215.96875,True,-4.5181,2147933,0.1785,163.2797796050969,0.16424244339404875,-0.3344701124881398
de_train,22725,7.656119798942307e+16,Snappi,76561198080114500,mac10,621.7543334960938,-871.9467163085938,-229.46343994140625,672.6625366210938,-695.616455078125,-215.96875,True,-145.5688,1.0557,0.3572,184.0274784580724,0.3054237539279381,0.14118131053388933
de_train,22821,7.656119798942307e+16,Snappi,76561198055109000,mac10,643.7041015625,-900.56689453125,-229.96875,632.0027465820312,-598.0496215820312,-215.7005615234375,True,15.4674,0.3550,0.6264,303.0795330328555,0.4863689833319998,0.1809452294040617
de_train,23006,7.656119798942307e+16,Snappi,76561197995817500,mac10,712.76708984375,-612.4057006835938,-215.96875,500.958984375,-719.9677734375,-215.96875,True,-30.7985,1569905,1225787.0,237.5547790244973,14.019094460460643,13.532725477128643
de_train,29954,7.656119798942307e+16,Snappi,76561198044045100,ak47,-598.24658203125,566.0020751953125,-215.96875,-375.8841552734375,182.3566436767578,-215.96875,True,-90.0439,0.0879,0.0,443.42853534552955,0.0,-14.019094460460643
de_dust2,31024,7.656119798942307e+16,Snappi,76561198044045100,ssg08,-430.2027587890625,2416.8720703125,-91.52374267578124,-421.3441162109375,-216.36126708984372,21.203125,True,-5.8502,161804,0.2833,2635.6599992129877,0.24943488526827828,0.24943488526827828
de_ancient,33276,7.656119798942307e+16,Snappi,76561198055109000,ak47,-2008.5836181640625,351.301513671875,88.03125,-1863.026123046875,453.5693054199219,168.03125,True,-173.7577,2885053,0.8031,195.053032823927,0.5895074058001856,0.3400725205319073
de_dust2,41571,7.656119798942307e+16,Snappi,76561198014259100,m4a1_silencer,1383.166748046875,3058.984619140625,121.29151916503906,1047.02490234375,2711.85205078125,95.82998657226562,True,-168.7023,0.7986,0.0811,483.88082219742137,0.07797904131658866,-0.511528364483597
de_ancient,49552,7.656119798942307e+16,Snappi,76561197995817500,ak47,1086.4681396484375,-245.6224365234375,118.39007568359376,680.8607177734375,51.813697814941406,134.03125,True,144.6457,-0.4357,225357.0,503.21991318333045,12.325445527821488,12.2474664865049
de_ancient,60512,7.656119798942307e+16,Snappi,76561198080114500,mac10,-611.966552734375,-617.2754516601562,32.862342834472656,-633.8515014648438,-179.149658203125,56.10989761352539,True,-138.6742,471955,0.4055,439.2876172583214,0.34039311136444955,-11.98505241645704
de_ancient,60677,7.656119798942307e+16,Snappi,76561197995817500,mac10,-328.30322265625,-491.9439697265625,38.8261947631836,-297.3041381835937,-116.03948974609376,68.03115844726562,True,16.1084,-0.2750,30317.0,378.30946487144365,10.319496874519963,9.979103763155514
de_dust2,75522,7.656119798942307e+16,Snappi,76561197995817500,ak47,-220.35162353515625,318.3924865722656,2.160106420516968,-426.4803466796875,1671.070556640625,-125.33587646484376,True,596533,0.1013,61363.0,1374.2205927000805,11.024578622964665,0.7050817484447016
de_ancient,79887,7.656119798942307e+16,Snappi,76561198014259100,tec9,1377.269775390625,-681.7366333007812,13.003884315490724,1050.0615234375,-100.272705078125,133.99215698242188,True,-62.8950,903398,0.9739,678.0882701339625,0.6800112811668048,-10.34456734179786
de_train,81387,7.656119798942307e+16,Snappi,76561197995817500,galilar,-349.585693359375,-1012.9718627929688,-350.96875,673.5345458984375,-783.4232788085938,-213.96875,True,-60.5264,1571000,0.6562,1057.4670568808256,0.5045258216174626,-0.17548545954934214
de_ancient,82161,7.656119798942307e+16,Snappi,76561197995817500,tec9,588.8550415039062,830.9323120117188,114.39962005615234,676.4071044921875,320.2760925292969,121.2074737548828,True,118.9380,-7.2379,0.3686,518.1519903479738,0.31378831953626024,-0.19073750208120238
de_train,88293,7.656119798942307e+16,Snappi,76561198044045100,galilar,198.95790100097656,-465.296142578125,-216.00347900390625,342.73834228515625,-530.8067626953125,-192.5625,False,104.4817,0.2245,491435.0,159.7308240155089,13.105086996459088,12.791298676922828
de_train,88351,7.656119798942307e+16,Snappi,76561198055109000,galilar,188.1893615722656,-442.4544677734375,-216.1741943359375,335.8920593261719,-284.1480712890625,-215.96875,False,127.7693,0.5081,1.1394,216.51107200100668,0.7605254158898934,-12.344561580569195
de_train,106372,7.656119798942307e+16,Snappi,76561198055109000,mp9,-1303.8453369140625,-300.039306640625,-132.96875,-1298.7344970703125,-567.6260375976562,-88.96875,True,-74.8687,1405149,1364183.0,271.2282788873223,14.126067005648418,13.365541589758525
de_train,106671,7.656119798942307e+16,Snappi,76561197995817500,mp9,-1286.5146484375,-409.26898193359375,-115.02886962890624,-1024.4112548828125,-707.8253784179688,-129.84600830078125,True,-60.1045,1684774,0.4056,397.5596287263589,0.3404642578907504,-13.785602747757668
de_ancient,110443,7.656119798942307e+16,Snappi,76561198014259100,mac10,246.11566162109372,-896.6698608398438,153.32492065429688,471.2386169433594,-856.7339477539062,126.94654083251952,True,-175.4129,977360,0.1926,230.1543853352795,0.17613579770686846,-0.16432846018388195
de_train,119977,7.656119798942307e+16,Snappi,76561197995817500,mp9,-1306.1417236328125,-310.1571655273437,-132.96875,-1203.9915771484375,-514.1769409179688,-88.09375,True,-131.5589,-1.3201,1.1876,232.53491523257398,0.7828050524904806,0.6066692547836121
de_ancient,122031,7.656119798942307e+16,Snappi,76561198014259100,m4a1_silencer,624.76708984375,-595.3971557617188,121.61173248291016,1120.21728515625,-710.263671875,10.606537818908691,False,-97.3190,814674,0.2603,520.5644684393951,0.231349787861309,-0.5514552646291716
de_ancient,124095,7.656119798942307e+16,Snappi,76561198080114500,m4a1_silencer,252.0032501220703,-862.767822265625,153.03125,-1204.0972900390625,-795.6590576171875,45.781280517578125,True,1968203,1387618,1002958.0,1461.5864412699518,13.818465188740674,13.587115400879366
de_ancient,124178,7.656119798942307e+16,Snappi,76561197995817500,m4a1_silencer,251.54757690429688,-867.3560180664062,153.03125,-1125.3656005859375,-799.3734130859375,37.70146560668945,True,145.4205,2.1777,0.8957,1383.4061197256544,0.6395881634653822,-13.178877025275293
de_ancient,133231,7.656119798942307e+16,Snappi,76561198044045100,ak47,362.5747375488281,92.29959106445312,152.65475463867188,660.9058837890625,198.94688415527344,134.03125,True,-105.7458,2322730,0.1392,317.36722084304495,0.13032626167557426,-0.5092619017898079
de_ancient,138583,7.656119798942307e+16,Snappi,76561198014259100,ak47,-1117.5771484375,-801.256103515625,36.743255615234375,136.5341796875,-845.2182006835938,153.03125,True,-129.4608,2.1725,0.0779,1260.2582223325855,0.07501470380544567,-0.05531155787012859
de_ancient,147065,7.656119798942307e+16,Snappi,76561198044045100,m4a1_silencer,180.32540893554688,-900.8718872070312,155.65626525878906,429.2711181640625,-736.0349731445312,210.703125,False,-43.8626,2740082,225357.0,303.6039050280895,12.325445527821488,12.250430824016043
de_dust2,9381,7.65611979909264e+16,Cv. iNfxckingLove!,76561199080512600,mp9,711.92724609375,402.8073425292969,0.6402268409729004,254.77757263183597,-236.6314697265625,6.5191731452941895,False,13.0655,1256953,0.7381,786.0676692086807,0.5527925625872971,0.0
de_dust2,9666,7.65611979909264e+16,Cv. iNfxckingLove!,76561198145404500,mp9,450.4845275878906,-345.01861572265625,9.03125,-189.4344482421875,-580.19140625,0.5747027397155762,False,104.9823,1450470,0.7653,681.8167277380333,0.5683206476131003,0.015528085025803162
de_dust2,9756,7.65611979909264e+16,Cv. iNfxckingLove!,76561198079073200,mp9,435.6240539550781,-339.010986328125,9.03125,-760.6629638671875,-836.1740112304688,117.07176971435548,True,13.4946,1304130,0.9519,1299.9794060831448,0.6688032571704279,0.10048260955732757
de_dust2,19918,7.65611979909264e+16,Cv. iNfxckingLove!,76561198207845500,m4a1_silencer,-225.7537841796875,2183.59716796875,-125.2681884765625,-486.95025634765625,1804.8997802734373,-122.741455078125,False,-57.3528,-4.4223,358306.0,460.0453161395225,12.789145439803296,12.120342182632868
de_dust2,22812,7.65611979909264e+16,Cv. iNfxckingLove!,76561198079073200,ak47,1451.9080810546875,1135.13623046875,-8.96875,592.4287719726562,984.4157104492188,0.6456747055053711,True,-167.7750,-4.0921,0.0439,872.6475778099092,0.04296369943211567,-12.74618174037118
de_dust2,31260,7.65611979909264e+16,Cv. iNfxckingLove!,76561198079073200,m4a1_silencer,1414.8724365234375,1254.33837890625,-10.91973876953125,573.137939453125,653.44873046875,1.2350425720214844,True,-81.9951,-3.3882,0.1817,1034.2790106480045,0.16695407966283285,0.12399038023071718
de_dust2,47454,7.65611979909264e+16,Cv. iNfxckingLove!,76561199080512600,deagle,-495.8804931640625,1008.5943603515624,-51.55389404296875,76.39027404785156,1454.003173828125,-0.2637939453125,True,-92.1698,-4.1899,657835.0,726.9893510196279,13.396710939120393,13.22975685945756
de_dust2,49859,7.65611979909264e+16,Cv. iNfxckingLove!,76561198079073200,ak47,1334.4239501953125,1261.62744140625,-4.3359375,586.9134521484375,679.4863891601562,1.1482019424438477,True,-92.1698,-4.1899,657835.0,947.4651577688229,13.396710939120393,0.0
de_dust2,50212,7.65611979909264e+16,Cv. iNfxckingLove!,76561198145404500,ak47,654.038818359375,747.0948486328125,0.7521476745605469,611.262939453125,523.5585327148438,1.1000490188598633,False,-47.1015,-0.2853,0.2875,227.59257761562756,0.2527023535557541,-13.144008585564638
de_dust2,50387,7.65611979909264e+16,Cv. iNfxckingLove!,76561198087731000,ak47,721.0524291992188,377.7922058105469,0.6072969436645508,593.1231079101562,166.94081115722656,-1.40374755859375,True,-80.8577,989475,0.8573,246.6338706924101,0.6191238202111591,0.366421466655405
de_dust2,54996,7.65611979909264e+16,Cv. iNfxckingLove!,76561199080512600,ak47,488.9836730957031,206.7014312744141,0.12158203125,-667.7265014648438,460.8185729980469,9.20022201538086,False,89.6968,0.4034,0.0787,1184.3295028638108,0.07575661239924633,-0.5433672078119127
de_dust2,57859,7.65611979909264e+16,Cv. iNfxckingLove!,76561198079073200,glock,672.4407348632812,842.300537109375,-0.0870361328125,1403.6832275390625,977.8358764648438,-7.95452880859375,True,-105.5154,0.8322,0.9747,743.7387368894372,0.6804164880811269,0.6046598756818805
de_dust2,90704,7.65611979909264e+16,Cv. iNfxckingLove!,76561198207845500,ak47,575.658447265625,667.9653930664062,1.214283466339111,1386.0240478515625,1310.4718017578125,-10.76678466796875,True,-154.9704,-0.0841,0.707,1034.2390622173264,0.5347374438123036,-0.14567904426882328
de_train,17254,7.65611979958175e+16,,76561197995817500,world,1542.0,-1336.0,-327.917724609375,1542.0,-1336.0,-327.917724609375,False,-86.3676,-4.0330,0.3197,0.0,0.2774044380406467,0.0
de_ancient,21773,7.65611979958175e+16,FL1T,76561198294381000,ak47,142.98606872558594,-634.3487548828125,163.66607666015625,472.0695495605469,-351.4713134765625,189.03125,True,19.9230,4.0965,2931438.0,434.69411801122965,14.891003986710075,14.613599548669429
de_dust2,24759,7.65611979958175e+16,FL1T,76561198262460200,ak47,-561.9970703125,1962.889892578125,-117.580810546875,-57.212158203125,2025.4307861328125,-49.96875,True,-155.5098,0.5819,0.0251,513.1184674042462,0.024790168807218786,-14.866213817902857
de_dust2,25289,7.65611979958175e+16,FL1T,76561197989423000,ak47,-666.7987670898438,2545.545166015625,-80.985107421875,-180.23492431640625,787.7434692382812,1.9308862686157229,True,-160.7217,-4.5034,0.7131,1825.7837331670596,0.5383045947542758,0.5135144259470571
de_train,26485,7.65611979958175e+16,FL1T,76561197989423000,m4a1_silencer,491.2917785644531,-125.09130859375,-141.96875,-105.07958984375,689.966796875,-171.96875,True,-22.5793,2367716,1024507.0,1010.3853345864541,13.839723055317767,13.301418460563491
de_dust2,26505,7.65611979958175e+16,FL1T,76561198294381000,ak47,-419.761474609375,1611.604736328125,-126.1827392578125,-231.7744140625,361.1725463867188,-1.546875,True,-6.2450,1.0025,0.0567,1270.6116225007574,0.055150844464848046,-13.78457221085292
de_dust2,28224,7.65611979958175e+16,FL1T,76561198160709500,ak47,550.9468994140625,545.1336669921875,1.4071345329284668,919.049560546875,1175.81494140625,131.640625,True,160.1896,1844293,0.487,741.7676193180995,0.396760667478018,0.34160982301317
de_train,29746,7.65611979958175e+16,FL1T,76561198262460200,fiveseven,-239.17669677734372,-137.0577392578125,-215.96875,-420.3209838867188,288.078857421875,-215.96875,True,55.0542,-10.1905,0.5372,462.1194419073396,0.4299625797085518,0.03320191223053376
de_train,30391,7.65611979958175e+16,FL1T,76561198294381000,fiveseven,-795.1611938476562,395.1760559082031,-215.96875,-856.2654418945312,652.7693481445312,-215.96875,True,-29.0001,0.0000,0.0,264.7414461970856,0.0,-0.4299625797085518
de_dust2,33035,7.65611979958175e+16,FL1T,76561198294381000,ak47,-1.68829345703125,320.6690673828125,0.3089818954467773,-154.0634765625,547.94189453125,0.1264686584472656,False,176.9420,-0.2201,0.0553,273.62596312767977,0.05382508669490746,0.05382508669490746
de_ancient,33205,7.65611979958175e+16,FL1T,76561198160709500,ak47,-1626.1339111328125,1180.3582763671875,52.03125,-1414.00244140625,440.533935546875,93.03124237060548,True,5.0654,595651,1.0917,770.7274583748468,0.7379771324777371,0.6841520457828296
de_train,40069,7.65611979958175e+16,FL1T,76561198262460200,m4a1_silencer,551.668212890625,703.93505859375,-215.96875,-422.6624755859375,286.5753479003906,-215.96875,True,76.2101,0.2338,2637449.0,1059.9572720715005,14.785323099240795,14.047345966763057
de_dust2,41765,7.65611979958175e+16,FL1T,76561197989423000,hegrenade,442.2611389160156,2002.326171875,132.53125,1156.017822265625,3059.96728515625,130.37867736816406,True,-175.9642,-5.0530,0.3172,1275.953745673397,0.2755082715200722,-14.509814827720723
de_ancient,47314,7.65611979958175e+16,FL1T,76561198294381000,inferno,-717.4068603515625,-134.5699462890625,62.6535530090332,-813.81689453125,-855.945556640625,38.37346649169922,True,46.5491,2449469,1075673.0,728.1944716227301,13.888457999820284,13.612949728300212
de_dust2,54562,7.65611979958175e+16,FL1T,76561197989423000,ak47,-260.3592529296875,639.1705932617188,1.8883519172668457,-23.06134033203125,399.4034118652344,-1.53350830078125,True,-87.7677,1349816,1.1211,337.35783631830964,0.7519348220430336,-13.136523177777251
de_ancient,56396,7.65611979958175e+16,FL1T,76561198160709500,m4a1_silencer,-1002.3409423828124,1126.8018798828125,66.30643463134766,-1346.446044921875,813.6580200195312,54.03125,True,38.1610,0.3543,563602.0,465.42247337362943,13.242105381916556,12.490170559873523
de_dust2,62904,7.65611979958175e+16,FL1T,76561197989423000,ak47,-442.5393676757813,736.5011596679688,0.0312480926513671,432.1889343261719,36.66460800170898,-3.11865234375,True,130.4304,13.8472,1.0455,1120.2369049643476,0.7156422583873162,-12.52646312352924
de_train,65395,7.65611979958175e+16,FL1T,76561197973757800,ak47,616.2874755859375,-235.04937744140625,-215.96875,624.5283813476562,348.4543762207031,-215.96875,True,90.8415,1.1443,0.0795,583.5619444973645,0.07649797097272498,-0.6391442874145912
de_dust2,66614,7.65611979958175e+16,FL1T,76561198262460200,ak47,122.4453582763672,1498.0311279296875,1.2701961994171145,-149.06884765625,1295.8299560546875,0.1386137008666992,False,81.4029,-5.7730,3.0049,338.53590416644727,1.3875186114195834,1.3110206404468585
de_ancient,67198,7.65611979958175e+16,FL1T,76561197973757800,ak47,-478.1334228515625,-627.1967163085938,32.37042617797852,-968.6264038085938,-659.5084838867188,47.454734802246094,False,83.5771,642523,0.0696,491.787506001128,0.06728474680559636,-1.320233864613987
de_ancient,70921,7.65611979958175e+16,FL1T,76561198294381000,m4a1_silencer,-358.65447998046875,-786.6437377929688,115.03125,455.9712219238281,-810.7276611328125,124.89153289794922,True,-35.3543,1840824,607490.0,815.041284074209,13.317092639272285,13.24980789246669
de_ancient,70927,7.65611979958175e+16,FL1T,76561198160709500,m4a1_silencer,-358.5743408203125,-784.9947509765625,115.03125,513.4577026367188,-823.4751586914062,116.19767761230467,True,-28.2393,3.1459,404934.0,872.8814278853233,12.911481839381004,-0.40561079989128146
de_train,71583,7.65611979958175e+16,FL1T,76561198262460200,ak47,-1278.41650390625,-513.4097290039062,-88.96875,-571.9111328125,-593.00048828125,-35.6578369140625,True,-42.1916,-0.9362,0.2974,712.9702530966617,0.26036226179681793,-12.651119577584186
de_train,71591,7.65611979958175e+16,FL1T,76561197989423000,hegrenade,-1278.482177734375,-513.9449462890625,-88.96875,-570.081298828125,-555.2373657226562,-35.6514892578125,True,173.3698,-0.0299,0.297,711.6035409066468,0.26005390533430683,-0.0003083564625110946
de_dust2,75315,7.65611979958175e+16,FL1T,76561198160709500,ak47,-426.50927734375,1634.55810546875,-125.7161865234375,-345.9161376953125,2028.0147705078125,-127.22698974609376,True,100.5050,-1.4904,0.6842,401.6287887445709,0.5212906736137547,0.26123676827944786
de_dust2,75435,7.65611979958175e+16,FL1T,76561197973757800,ak47,-435.6316528320313,1629.734375,-125.79541015625,-317.23944091796875,2260.1865234375,-119.86590576171876,False,-53.5834,66416,1660395.0,641.4996386076368,14.32256668610006,13.801276012486305
de_train,78452,7.65611979958175e+16,FL1T,76561198262460200,ak47,701.2517700195312,-126.6842041015625,-215.96875,-72.23291015625,689.249267578125,-171.96875,True,-19.3994,15.4581,0.9008,1125.1497592204773,0.6422748501861888,-13.680291835913872
de_ancient,80294,7.65611979958175e+16,FL1T,76561198262460200,m4a1_silencer,568.3400268554688,782.03173828125,115.17970275878906,818.343505859375,-120.2860107421875,132.96070861816406,True,80.6595,1.0571,198694.0,936.4802314443967,12.19952626466014,11.557251414473951
de_train,96711,7.65611979958175e+16,FL1T,76561197973757800,p250,-928.6646118164062,-1690.6781005859375,-153.96875,-1106.083984375,-705.9701538085938,-92.10540771484376,True,-174.8989,-10.8414,0.5236,1002.4741629210339,0.4210759556223119,-11.778450309037828
de_ancient,98144,7.65611979958175e+16,FL1T,76561197989423000,ak47,-1028.515869140625,-672.0626831054688,44.359413146972656,142.09776306152344,-791.4786987304688,153.03125,True,26.2288,26.6154,172852.0,1181.6962506542313,12.06019680128825,11.639120845665937
de_ancient,110400,7.65611979958175e+16,FL1T,76561197973757800,ak47,-1029.8599853515625,-681.9803466796875,42.33136749267578,-729.79638671875,-734.0830078125,32.47465133666992,True,-175.9629,10.1750,1.0234,304.71298852358484,0.704779264789653,-11.355417536498596
de_dust2,114535,7.65611979958175e+16,FL1T,76561198294381000,elite,64.70387268066406,1393.202392578125,-0.17279052734375,369.8131713867188,1594.763671875,3.251065969467163,True,22.0698,0.2015,0.1954,365.6916136063338,0.17848085740801675,-0.5262984073816362
de_dust2,127530,7.65611979958175e+16,FL1T,76561198294381000,ak47,-599.0842895507812,1900.939453125,-117.4293212890625,-275.031005859375,1373.4666748046875,25.375,False,-78.3528,694693,0.9212,635.3197122071393,0.6529499908085322,0.47446913340051544
de_train,129629,7.65611979958175e+16,FL1T,76561197989423000,ak47,1151.84521484375,411.8980407714844,-211.96875,404.4655456542969,673.7537231445312,-215.96875,True,141.3858,23.5519,1.1618,791.9348257961575,0.7709412079999655,0.11799121719143324
de_dust2,132308,7.65611979958175e+16,FL1T,76561197973757800,ak47,-270.5243530273437,2024.7821044921875,-126.53485107421876,-932.7518310546876,2535.60400390625,-24.96875,True,-95.0805,1576023,191389.0,842.4962424028165,12.16206851003212,11.391127302032153
de_dust2,137244,7.65611979958175e+16,FL1T,76561197989423000,ak47,-491.1458740234375,701.9080810546875,2.4476916790008545,70.01385498046875,348.67333984375,-0.91162109375,False,13.1396,0.9194,0.6605,663.0884623007707,0.5071187618346642,-11.654949748197454
de_ancient,137891,7.65611979958175e+16,FL1T,76561198160709500,ak47,-696.9464721679688,-577.9581298828125,43.4461555480957,-483.2911376953125,635.7373657226562,155.1005859375,True,20.4620,687114,1762662.0,1237.4053781308733,14.382336291661844,13.875217529827179
de_ancient,143617,7.65611979958175e+16,FL1T,76561198262460200,ak47,1394.2515869140625,537.825927734375,132.0205078125,971.9885864257812,252.21847534179688,130.53125,True,-1.9559,-5.6319,0.1337,509.7841468037007,0.12548662004141595,-14.256849671620428
de_ancient,151047,7.65611979958175e+16,FL1T,76561197973757800,ak47,-1972.9534912109373,542.20849609375,52.031246185302734,-1635.5596923828125,581.9229125976562,73.03125,True,-71.9852,-1.5401,0.3345,340.37157714200544,0.2885566898624418,0.16307006982102587
de_ancient,158630,7.65611979958175e+16,FL1T,76561197995817500,hegrenade,-875.8204956054688,-855.945068359375,38.185184478759766,-875.8204956054688,-855.945068359375,38.185184478759766,False,41.0109,281663,0.9913,0.0,0.6887876917824924,0.4002310019200506
de_ancient,12117,7.656119799605382e+16,De><teR,76561198094102900,mac10,-2074.74609375,435.3629150390625,75.03125,-1638.1185302734375,991.33447265625,52.031246185302734,False,-96.3178,583326,0.5833,707.3026242297121,0.4595112765252515,0.0
de_ancient,13143,7.656119799605382e+16,De><teR,76561199123003100,mac10,-801.3285522460938,1409.5465087890625,72.23257446289062,-633.4113159179688,1372.501953125,28.612987518310547,True,2515639,28.6901,2215622.0,177.40114352968243,14.611044186022392,14.15153290949714
de_ancient,19081,7.656119799605382e+16,De><teR,76561198094102900,mac10,-2057.08056640625,666.5645141601562,52.03125381469727,-1201.8853759765625,922.7747192382812,56.03125,True,103.2135,2.0943,266994.0,892.7589164436986,12.494985210615281,-2.1160589754071104
de_ancient,25900,7.656119799605382e+16,De><teR,76561198094102900,p90,-2072.468505859375,414.4569396972656,75.03125,-1633.807861328125,1018.7653198242188,52.03125,True,-136.5027,1844873,0.7994,747.0882005173377,0.5874532760008814,-11.9075319346144
de_ancient,28437,7.656119799605382e+16,De><teR,76561199121624200,p90,1090.224609375,-844.4501953125,3.0089778900146484,853.29248046875,-811.19189453125,42.610965728759766,False,32.8045,2012884,1.0054,242.51034146956306,0.695843542107688,0.10839026610680658
de_ancient,38233,7.656119799605382e+16,De><teR,76561198180825500,ak47,-171.19573974609375,-812.929443359375,153.03125,-622.8533935546875,-431.0430908203125,44.38187026977539,True,66.3948,750361,2260854.0,601.3622121610529,14.631253618288108,13.93541007618042
de_ancient,39085,7.656119799605382e+16,De><teR,76561198885569000,ak47,-1121.9443359375,-188.68475341796875,103.03124237060548,-1421.8736572265625,223.12261962890625,87.03125,True,-75.3329,7.1765,1526716.0,509.7047282697554,14.238630236311092,-0.39262338197701574
de_ancient,39827,7.656119799605382e+16,De><teR,76561199121624200,ak47,-535.1829223632812,1102.9320068359375,63.71222686767578,-352.0,1728.0,28.813251495361328,True,161043,1800648,0.2382,652.2912827914672,0.2136587121029947,-14.024971524208098
de_ancient,50048,7.656119799605382e+16,De><teR,76561199121624200,p90,-521.8425903320312,-590.2113037109375,33.306278228759766,-710.246337890625,-299.3446655273437,59.408447265625,True,54.9100,219360,0.4348,347.5351730843615,0.36102546667599045,0.14736675457299575
de_ancient,91391,7.656119799605382e+16,De><teR,76561198885569000,xm1014,705.1074829101562,27.16774177551269,130.03125,971.09619140625,-263.96502685546875,127.45011138916016,True,-174.9902,2267974,2.1426,394.35383134272814,1.1450504827738943,0.7840250160979039
de_ancient,95686,7.656119799605382e+16,De><teR,76561198180825500,mp9,652.8008422851562,172.06475830078125,134.03125,437.1111450195313,108.62008666992188,152.65475463867188,True,78.6477,-1.5178,0.4017,225.5972224782724,0.337685785686875,-0.8073646970870193
de_ancient,100883,7.656119799605382e+16,De><teR,76561198094102900,ak47,-265.4654541015625,-1958.9993896484373,-170.2557373046875,-1378.16015625,-1450.14404296875,-23.2557373046875,True,-74.5220,1153834,1517644.0,1232.3279855759606,14.232670349245563,13.894984563558689
de_ancient,111799,7.656119799605382e+16,De><teR,76561199123003100,hkp2000,72.6388931274414,895.240234375,78.92391204833984,498.0340270996094,859.273681640625,113.7916259765625,True,13.3082,13.2330,493476.0,428.3344142108753,13.109231530893192,-1.123438818352371
de_ancient,115577,7.656119799605382e+16,De><teR,76561198885569000,p90,128.6097412109375,-867.09326171875,153.03125,724.6693115234375,-737.0764770507812,77.34086608886719,True,-5.0444,2222168,0.5071,614.7523158745591,0.41018727444349357,-12.699044256449698
de_dust2,6566,7.65611980091459e+16,Roman,76561198063645300,mp9,-1178.58984375,1079.43896484375,-0.715576171875,-1505.512451171875,1126.4432373046875,35.23503494262695,True,-15.5426,8.0406,1787499.0,332.23521684584495,14.3963285535503,0.0
de_dust2,10507,7.65611980091459e+16,Roman,76561198074384700,awp,-416.4788818359375,2325.3876953125,-110.16790771484376,-417.2525024414063,-169.10955810546875,-0.07440185546875,True,135.0388,-0.0717,2550157.0,2496.9256548465833,14.751665875999432,0.35533732244913274
de_dust2,10792,7.65611980091459e+16,Roman,76561198063645300,awp,-554.9295043945312,2377.1767578125,-103.56201171875,-212.61175537109372,329.92730712890625,2.160105466842652,True,-39.5975,2314238,1820737.0,2078.3620764156935,14.414752471367793,-0.3369134046316393
de_dust2,13681,7.65611980091459e+16,Roman,76561198158472300,awp,381.7396545410156,2136.767333984375,95.54547119140624,1544.48779296875,1983.5372314453125,-9.60614013671875,True,11.1532,2297498,0.2089,1177.5056514115736,0.1897108552258092,-14.225041616141983
de_dust2,35170,7.65611980091459e+16,Roman,76561199130088600,ssg08,1258.91796875,2940.333251953125,128.0624237060547,1314.1998291015625,1159.4036865234375,1.03125,True,127.9090,1486904,0.2994,1786.3099171752483,0.26190261946429355,0.07219176423848436
de_dust2,42409,7.65611980091459e+16,Roman,76561199130088600,famas,436.5210571289063,2078.75634765625,96.03125,269.9627685546875,1418.7027587890625,0.0820474624633789,True,-166.7725,11.1728,0.6534,687.4726562830089,0.5028337738364381,0.24093115437214457
de_dust2,60398,7.65611980091459e+16,Roman,76561198158472300,deagle,861.1675415039062,2355.3994140625,-17.62579345703125,1459.1414794921875,1924.373046875,-10.96820068359375,True,-86.2887,896703,0.629,737.1572988620566,0.4879663296199081,-0.014867444216530024
de_dust2,64529,7.65611980091459e+16,Roman,76561199130088600,fiveseven,1398.3704833984375,1262.3084716796875,-10.5535888671875,1005.7748413085938,1102.0452880859375,0.6201567649841309,True,-135.6324,0.0041,1.0236,424.19391649927417,0.704878103435644,0.21691177381573595
de_dust2,69964,7.65611980091459e+16,Roman,76561199130088600,m4a1_silencer,1004.968505859375,2368.99267578125,27.73639678955078,305.8257751464844,1965.504150390625,99.02062225341795,True,-171.3023,16.8949,1.1804,810.3610237607445,0.7795083462079887,0.07463024277234465
de_dust2,71109,7.65611980091459e+16,Roman,76561198063645300,m4a1_silencer,1313.1767578125,2059.4775390625,1.0312480926513672,1523.580322265625,1256.8260498046875,-0.334228515625,False,172.3034,4.0426,0.2022,829.7716177772847,0.1841532116229246,-0.5953551345850641
de_dust2,80802,7.65611980091459e+16,Roman,76561199130088600,m4a1_silencer,1126.86083984375,2096.9013671875,1.0491032600402832,1380.404296875,2180.356689453125,-4.7857666015625,True,-120.7511,25.6060,2581536.0,266.9889906421583,14.763895515951404,14.57974230432848
de_dust2,89646,7.65611980091459e+16,Roman,76561199130088600,mac10,-1869.994140625,1814.0286865234373,133.140625,-1632.2073974609375,1917.981201171875,-1.1220703125,True,-73.4769,1137092,1.1867,292.1902323468098,0.7823935580741399,-13.981501957877263
de_dust2,91456,7.65611980091459e+16,Roman,76561198190202200,mac10,-1960.0262451171875,1578.54833984375,33.6939582824707,-1946.1082763671875,1101.400634765625,33.70464324951172,False,-139.2524,2253580,0.7322,477.3506493445,0.5493922769148073,-0.2330012811593326
de_dust2,118189,7.65611980091459e+16,Roman,76561198074384700,ak47,-374.16546630859375,1517.4241943359375,-126.1649169921875,-754.7606811523438,2551.191650390625,-81.048095703125,True,-76.1940,-2.1128,0.5822,1102.5259173021602,0.45881628360515897,-0.09057599330964833
de_dust2,121782,7.65611980091459e+16,Roman,76561198009145800,world,-493.0,-808.0,108.56336975097656,-493.0,-808.0,108.56336975097656,False,174.8842,2909555,1237841.0,0.0,14.02888009887995,13.570063815274791
de_dust2,133141,7.65611980091459e+16,Roman,76561199130088600,galilar,-175.04498291015625,1512.536376953125,0.5945806503295898,-674.8373413085938,1334.0352783203125,-108.90350341796876,True,-46.3678,2583118,1.0759,541.8900941530685,0.7303947945866118,-13.298485304293338
de_dust2,133700,7.65611980091459e+16,Roman,76561198063645300,ak47,272.05450439453125,1365.8458251953125,0.2953224182128906,486.0533752441406,2089.453369140625,96.06288146972656,True,-132.5174,16.9708,0.13,760.6410584146508,0.12221763272424921,-0.6081771618623626
de_dust2,143594,7.65611980091459e+16,Roman,76561199130088600,ak47,664.218017578125,2560.697509765625,95.27983856201172,1400.8074951171875,2036.603759765625,-8.48883056640625,True,104.7495,1394529,0.4221,909.9484896976392,0.3521346523965136,0.22991701967226438
de_dust2,144759,7.65611980091459e+16,Roman,76561198074384700,ak47,826.9624633789062,2626.232421875,95.0658187866211,1118.9405517578125,2541.4521484375,95.89876556396484,True,72.8452,-6.8613,0.8454,304.03880123739395,0.6126960561623184,0.2605614037658048
de_dust2,152595,7.65611980091459e+16,Roman,76561198190202200,ak47,1320.145751953125,2416.692138671875,88.03125,1129.794189453125,2901.231201171875,127.91329956054688,True,72.2365,-0.6293,0.1369,522.1133960278363,0.12830526015292384,-0.4843907960093945
de_dust2,158452,7.65611980091459e+16,Roman,76561198063645300,tec9,-712.69384765625,1480.3162841796875,-111.42083740234376,-160.535400390625,1313.7305908203125,0.1044697761535644,True,72.9630,9.1475,0.0968,587.4245809123652,0.09239684926596758,-0.03590841088695626
de_dust2,158909,7.65611980091459e+16,Roman,76561199130088600,mag7,-373.4666137695313,2029.8653564453125,-70.28125,-893.2598266601562,2230.451416015625,-80.762939453125,False,-108.2572,0.6139,2733143.0,557.2518436711496,14.82096315287453,14.728566303608563
de_train,4663,7.656119801425914e+16,FL4MUS,76561197973757800,usp_silencer,946.3631591796876,-1102.214111328125,-342.96875,-311.72607421875,-1155.910888671875,-350.96875,True,25.7111,1.1069,2895460.0,1259.2600458563643,14.878654896380963,0.0
de_dust2,6183,7.656119801425914e+16,FL4MUS,76561197973757800,glock,715.975341796875,2102.448974609375,-64.97393798828125,203.9720764160156,2166.22900390625,-124.5472412109375,False,99.5478,-2.9546,0.1795,519.3883078724737,0.16509061986559267,-14.71356427651537
de_dust2,6369,7.656119801425914e+16,FL4MUS,76561198294381000,glock,1242.4736328125,2038.1173095703125,2.006490707397461,1339.3726806640625,2741.464599609375,111.70378875732422,True,-102.2783,0.3289,2268158.0,718.4151537093903,14.634479047192587,14.469388427326994
de_dust2,7877,7.656119801425914e+16,FL4MUS,76561198160709500,glock,365.12115478515625,1660.0302734375,39.369384765625,215.70306396484372,1360.4429931640625,0.0694899559020996,False,-153.7887,0.0505,0.5063,337.07979188625,0.40965631272663244,-14.224822734465954
de_dust2,8288,7.656119801425914e+16,FL4MUS,76561198262460200,usp_silencer,348.5426940917969,2034.2237548828125,96.01315307617188,1254.7464599609375,2249.162841796875,10.148704528808594,True,-90.3708,1197267,1166253.0,935.2950229115976,13.969307460934164,13.559651148207532
de_dust2,8813,7.656119801425914e+16,FL4MUS,76561197989423000,usp_silencer,1190.9869384765625,2314.462646484375,127.063232421875,1533.1134033203125,1309.7781982421875,1.03125,False,171.5124,1138979,0.7341,1068.7962476914756,0.5504885468223666,-13.418818914111798
de_train,17254,7.656119801425914e+16,,76561198014259100,world,1600.0,-1440.0,-327.9638671875,1600.0,-1440.0,-327.9638671875,False,105.3307,16.8640,1.0023,0.0,0.6942965198164668,0.1438079729941002
de_train,26114,7.656119801425914e+16,FL4MUS,76561198262460200,m4a1_silencer,874.6890869140625,517.0606689453125,-211.96875,346.54443359375,570.9014892578125,-215.96875,True,-122.5892,0.4075,0.4075,530.8969850759712,0.3418150810317084,-0.3524814387847584
de_train,30171,7.656119801425914e+16,FL4MUS,76561197989423000,deagle,-100.9818115234375,360.6750183105469,-215.96875,-402.31390380859375,686.1776733398438,-171.96875,True,-89.0047,-0.1308,0.0,445.7454523290971,0.0,-0.3418150810317084
de_dust2,35222,7.656119801425914e+16,FL4MUS,76561197989423000,ak47,-428.5513916015625,1619.5509033203125,-125.962646484375,-267.510009765625,2194.722900390625,-125.3125,True,83.9146,0.5435,0.7938,597.2918679907931,0.5843362747017656,0.5843362747017656
de_ancient,35567,7.656119801425914e+16,FL4MUS,76561198294381000,famas,-244.20068359375,1293.7445068359375,29.17485809326172,-1628.0791015625,839.383544921875,52.03125,True,105.2837,618389,0.4651,1456.7380595296318,0.38192349952513027,-0.20241277517663536
de_train,40724,7.656119801425914e+16,FL4MUS,76561197973757800,famas,619.1879272460938,602.8718872070312,-215.96875,-867.9177856445312,485.5953369140625,-215.96875,True,118.2943,1.0166,0.574,1491.7228933553822,0.45362014999521144,0.07169665047008117
de_ancient,45089,7.656119801425914e+16,FL4MUS,76561198262460200,m4a1_silencer,519.9090576171875,-1466.6160888671875,-1.2340087890625,501.5318603515625,-2064.061279296875,-172.20233154296875,False,-161.9931,-0.8315,0.1991,621.6981939270768,0.18157127540325046,-0.272048874591961
de_train,53646,7.656119801425914e+16,FL4MUS,76561197989423000,m4a1_silencer,733.1694946289062,130.8695831298828,-211.96875,-447.8763427734375,-158.89892578125,-215.96875,True,123.4050,-1.2902,0.0,1216.080202454585,0.0,-0.18157127540325046
de_ancient,55694,7.656119801425914e+16,FL4MUS,76561198294381000,m4a1_silencer,-1999.340576171875,1112.727783203125,76.56367492675781,-1168.6937255859375,649.454345703125,66.21482849121094,False,143.1745,-1.3860,2.0027,951.159064985426,1.0995118839109457,1.0995118839109457
de_ancient,55758,7.656119801425914e+16,FL4MUS,76561198262460200,m4a1_silencer,-1995.78759765625,1120.3681640625,76.31507873535156,-1280.03271484375,774.8079833984375,54.03125,False,-99.8990,1194011,0.4055,795.1185193124492,0.34039311136444955,-0.7591187725464961
de_train,55923,7.656119801425914e+16,FL4MUS,76561197973757800,m4a1_silencer,-145.5106201171875,-266.328125,-215.96875,-547.4037475585938,462.3057556152344,-215.96875,True,45.3656,2185034,0.0,832.1210355862,0.0,-0.34039311136444955
de_train,60523,7.656119801425914e+16,FL4MUS,76561198262460200,ak47,592.1549682617188,580.187744140625,-215.96875,-894.0438232421875,361.1555786132813,-215.96875,True,-103.6035,1353956,0.0,1502.2522882003773,0.0,0.0
de_ancient,61760,7.656119801425914e+16,FL4MUS,76561197989423000,m4a1_silencer,-522.8341064453125,636.0375366210938,154.92320251464844,-390.0279541015625,308.1856994628906,175.03125,True,-122.1642,2360929,0.4008,354.3002043494096,0.337043501989505,0.337043501989505
de_dust2,65939,7.656119801425914e+16,FL4MUS,76561197973757800,ak47,-205.6197509765625,1275.0826416015625,0.3229780197143554,273.0315246582031,1537.114990234375,2.720609188079834,False,173.6211,1034184,220974.0,545.68648877541,12.305804851929148,11.968761349939642
de_ancient,67541,7.656119801425914e+16,FL4MUS,76561198262460200,famas,874.4489135742188,220.7785797119141,134.03125,1297.1312255859375,-224.26898193359372,115.30398559570312,True,-179.5399,11.1803,0.0,614.0670805752841,0.0,-12.305804851929148
de_ancient,71482,7.656119801425914e+16,FL4MUS,76561198262460200,ak47,769.6235961914062,325.5502014160156,124.2167510986328,1282.1610107421875,-348.5194091796875,89.89266967773438,True,-169.0041,-3.2633,0.7695,847.4919373117544,0.570697020803381,0.570697020803381
de_ancient,71612,7.656119801425914e+16,FL4MUS,76561197989423000,ak47,765.887939453125,312.71832275390625,124.00379180908205,1345.0120849609375,-463.7447509765625,49.98870086669922,True,-2.6906,169991,1.0675,971.4720348339064,0.7263401479157092,0.1556431271123282
de_train,72676,7.656119801425914e+16,FL4MUS,76561197973757800,m4a1_silencer,-249.4757080078125,204.831298828125,-37.96875,-573.9334716796875,467.1760559082031,-215.96875,True,126.3064,507415,1.0058,453.6315817647174,0.6960429836719709,-0.030297164243738295
de_dust2,75023,7.656119801425914e+16,FL4MUS,76561198262460200,ak47,-2011.0914306640625,1648.03515625,32.229488372802734,-1556.9183349609375,2604.815673828125,4.111230850219727,True,-86.8181,544153,4.0223,1059.4776052771153,1.6138879961077117,0.9178450124357408
de_dust2,76537,7.656119801425914e+16,FL4MUS,76561197989423000,ak47,595.9127807617188,2170.845947265625,-104.84051513671876,1773.490234375,2048.344970703125,3.634812831878662,True,158.2364,-4.4684,0.1095,1188.8910990057082,0.10390946339051156,-1.5099785327172002
de_train,95839,7.656119801425914e+16,FL4MUS,76561197989423000,glock,-930.9297485351562,-1732.765380859375,-153.96875,-688.9508056640625,-1760.3011474609375,-153.96875,True,78.9344,20.4370,178971.0,243.54060695364086,12.094984648006285,11.991075184615774
de_dust2,96658,7.656119801425914e+16,FL4MUS,76561197989423000,ak47,1264.8629150390625,850.7619018554688,0.0148115158081054,1264.39599609375,2131.725341796875,-0.28070068359375,True,-121.8964,0.1936,0.6312,1280.9635591254273,0.4893159402781084,-11.605668707728176
de_dust2,99879,7.656119801425914e+16,FL4MUS,76561198262460200,ak47,1531.5606689453125,1676.964599609375,1.03125,1203.0421142578125,2136.632080078125,1.0650238990783691,True,-20.6440,5.0087,0.5438,564.9943667994654,0.43424690953361644,-0.05506903074449193
de_train,146901,7.656119801425914e+16,FL4MUS,76561197973757800,galilar,-682.5792236328125,426.72161865234375,-215.96875,603.9222412109375,644.3029174804688,-215.96875,True,-8.9017,-2.9701,1197722.0,1304.7711066102163,13.995932812224538,13.561685902690922
de_dust2,147077,7.656119801425914e+16,FL4MUS,76561198294381000,inferno,1418.375732421875,1113.4532470703125,-9.12188720703125,591.8795166015625,985.513916015625,0.6662840843200684,True,-89.0868,1861033,0.6875,836.3971995967265,0.5232481437645479,-13.47268466845999
de_dust2,147078,7.656119801425914e+16,FL4MUS,76561198262460200,ak47,1420.662353515625,1113.8782958984375,-9.0958251953125,846.2066040039062,1070.9674072265625,0.8860206604003906,True,-117.9836,1421617,656709.0,576.1426817728121,13.394997799716544,12.871749655951996
de_ancient,151070,7.656119801425914e+16,FL4MUS,76561198160709500,ak47,-1343.7431640625,454.9165954589844,85.8975830078125,-1056.98486328125,699.68994140625,81.03125,True,-78.9151,5.0599,0.8177,377.0517141588307,0.5975719656369161,-12.797425834079627
de_ancient,154364,7.656119801425914e+16,FL4MUS,76561198262460200,ak47,1074.2535400390625,-943.9103393554688,3.5282516479492188,1241.5216064453125,-1073.321533203125,14.2524995803833,False,1379249,1089611,1249131.0,211.75663537674006,14.037959468071135,13.440387502434218
de_mirage,19606,7.656119802328058e+16,m1kkYplay,76561199015497600,ak47,364.2449951171875,-453.9049072265625,-164.65814208984375,-1142.67333984375,-549.9956665039062,-167.96875,True,13.2334,951549,0.7853,1509.9825371124912,0.5795864683367791,0.0
de_mirage,21096,7.656119802328058e+16,m1kkYplay,76561199027584500,ak47,-231.91387939453125,-882.2247924804688,-167.96875,296.3819885253906,-16.58465576171875,-197.9283447265625,True,166.2726,1088150,64345.0,1014.5575132420536,11.072030051030096,10.492443582693316
de_mirage,25800,7.656119802328058e+16,m1kkYplay,76561199027584500,ak47,-553.86669921875,-1109.9290771484375,-167.96875,-890.649169921875,148.2501678466797,-172.64251708984375,True,-103.2090,0.8779,0.8036,1302.481972699889,0.5897846675647921,-10.482245383465303
de_mirage,31592,7.656119802328058e+16,m1kkYplay,76561199015497600,ak47,-787.1812744140625,-2284.36962890625,-178.4249267578125,-562.9260864257812,-381.4140625,-167.927978515625,True,73.6798,-3.5331,762294.0,1916.1525155839215,13.544088898857385,12.954304231292593
de_mirage,32852,7.656119802328058e+16,m1kkYplay,76561199027584500,ak47,-739.6343383789062,-2351.425048828125,-176.981201171875,-647.7153930664062,-942.5044555664062,-215.96875,True,-5.2072,-5.6621,0.8116,1412.4540203447125,0.5942104326999218,-12.949878466157463
de_mirage,41976,7.656119802328058e+16,m1kkYplay,76561198150806200,ak47,-134.2320556640625,-590.0313110351562,-223.96875,-596.9053955078125,-600.11083984375,-274.84423828125,False,41.6972,13.2660,32933.0,465.5711885534038,10.402260837777945,9.808050405078022
de_mirage,42361,7.656119802328058e+16,m1kkYplay,76561199015497600,ak47,-718.8698120117188,-1154.91064453125,-167.96875,-515.0130615234375,-1580.6207275390625,-39.96875,True,147.1701,1074485,0.7041,489.05076371902334,0.53303711213121,-9.869223725646735
de_mirage,47526,7.656119802328058e+16,m1kkYplay,76561199169167900,ak47,-760.3231811523438,-1360.991455078125,-167.96875,-1275.97119140625,-1460.0565185546875,-154.7288818359375,False,-90.7841,-4.7210,1799917.0,525.2447537952471,14.403251666273151,13.870214554141942
de_mirage,48489,7.656119802328058e+16,m1kkYplay,76561199015497600,ak47,-1503.313720703125,-984.890625,-201.6505126953125,-1613.2630615234375,-2184.271728515625,-255.25091552734372,False,-146.0248,23.9735,0.3365,1205.602294374449,0.29005425659683665,-14.113197409676316
de_mirage,58153,7.656119802328058e+16,m1kkYplay,76561199065901300,ak47,-737.8654174804688,-2194.500732421875,-179.96875,-730.7138061523438,-1389.6796875,-167.96875,True,-76.0470,-0.8974,0.0,804.9422711559677,0.0,-0.29005425659683665
de_mirage,59439,7.656119802328058e+16,m1kkYplay,76561199015497600,ak47,-824.8826904296875,-2382.464111328125,-170.7139892578125,-546.5621948242188,-1377.66259765625,-112.5,False,-7.3849,-5.3902,0.4534,1044.2591865512477,0.3739056392003985,0.3739056392003985
de_mirage,69604,7.656119802328058e+16,m1kkYplay,76561199065901300,ak47,119.44695281982422,-1647.75732421875,-167.96875,-859.1134033203125,-2390.23828125,-167.96875,True,-94.8439,779489,0.0374,1228.355950921048,0.03671758293516277,-0.33718805626523574
de_mirage,78131,7.656119802328058e+16,m1kkYplay,76561199015497600,usp_silencer,-242.92681884765625,-2195.589599609375,-168.75738525390625,66.80526733398438,-1475.539794921875,-175.96875,True,-8.3891,859083,0.5526,783.8735167247579,0.4399309449894429,0.40321336205428016
de_mirage,103822,7.656119802328058e+16,m1kkYplay,76561199169167900,mp9,1234.93701171875,-695.4777221679688,-217.89935302734372,1216.0,-307.0,-164.8148193359375,True,83.8360,13.6138,0.5355,392.54492577395985,0.42885606089873995,-0.011074884090702952
de_mirage,121597,7.656119802328058e+16,m1kkYplay,76561198150806200,deagle,-906.8882446289062,-739.9303588867188,-261.94677734375,-1010.2127075195312,-238.96240234375,-367.96875,True,-113.2230,-4.8000,0.0319,522.384433918543,0.0314017631395316,-0.3974542977592084
de_mirage,131218,7.656119802328058e+16,m1kkYplay,76561199027584500,ak47,-312.860107421875,-1944.84130859375,-169.7713623046875,29.827238082885746,-2216.356689453125,-39.96875,True,55.7045,841155,936575.0,456.07448621188155,13.749985950803648,13.718584187664117
de_mirage,15917,7.656119802956789e+16,- lucky -,76561198190202200,mp9,1325.25048828125,-1391.0948486328125,-167.96875,1155.5166015625,-651.4498291015625,-216.9874267578125,True,-8.5916,-1.0478,2.1522,760.451956331972,1.1481006217593037,0.0
de_mirage,21343,7.656119802956789e+16,- lucky -,76561198190202200,m4a1_silencer,-684.5051879882812,-2251.875732421875,-179.96875,235.6891021728516,-1436.028076171875,-175.96875,True,-66.0261,1.1810,0.3011,1229.7889777737355,0.2632100605272932,-0.8848905612320106
de_mirage,26934,7.656119802956789e+16,- lucky -,76561198208554100,famas,-536.7901611328125,-1782.0777587890625,-179.96875,-735.8578491210938,-350.154296875,-166.4859619140625,True,-90.0831,2388688,2.0639,1445.7574245894516,1.1196886142700258,0.8564785537427326
de_mirage,35136,7.656119802956789e+16,- lucky -,76561199012454700,mp9,-99.01348876953124,-1942.599853515625,-167.96875,-127.64007568359376,-2125.412353515625,-167.96875,False,-12.3758,357026,0.3085,185.04024328399046,0.2688814429880635,-0.8508071712819623
de_mirage,35698,7.656119802956789e+16,- lucky -,76561198208554100,mp9,-297.36053466796875,-1840.29736328125,-167.96875,97.06426239013672,-1970.2635498046875,-39.96875,True,-74.7039,1342327,0.9466,434.56429923979334,0.6660842610102561,0.3972028180221926
de_mirage,39669,7.656119802956789e+16,- lucky -,76561198208554100,m4a1_silencer,-382.328125,-2393.570556640625,-163.96875,-808.9059448242188,-481.8975830078125,-164.4677734375,True,41.0048,2254676,0.1889,1958.6889603784707,0.17302850988236196,-0.4930557511278941
de_ancient,3753,7.65611980324708e+16,FUCKHERRIGHTINTHEPUSSY,76561199049231300,glock,790.0690307617188,-130.67987060546875,130.53125,711.1102905273438,52.30002212524414,130.90110778808594,True,-91.7039,0.1445,1997148.0,199.28938907509882,14.507231221532498,0.0
de_ancient,14971,7.65611980324708e+16,FUCKHERRIGHTINTHEPUSSY,76561199049231300,ak47,1029.7042236328125,-1249.5947265625,1.0312480926513672,1224.604248046875,-272.96923828125,109.29830169677734,True,-135.0203,25.1329,0.5075,1001.7510263400336,0.4104526496192034,-14.096778571913294
de_ancient,27225,7.65611980324708e+16,FUCKHERRIGHTINTHEPUSSY,76561199049231300,p90,1238.093505859375,405.5323181152344,122.09489440917967,1384.788818359375,571.1008911132812,131.88584899902344,True,2361719,0.1335,0.1113,221.423417609481,0.10553050120946376,-0.30492214840973964
de_ancient,40845,7.65611980324708e+16,FUCKHERRIGHTINTHEPUSSY,76561198126984600,p90,503.9659729003906,-805.3444213867188,115.51233673095705,203.98585510253903,-805.860107421875,153.03125,True,0.0007,10.0940,0.9947,302.3177233623423,0.690493663094382,0.5849631618849183
de_ancient,49386,7.65611980324708e+16,FUCKHERRIGHTINTHEPUSSY,76561199117151400,ak47,-982.1869506835938,-825.6678466796875,33.772544860839844,-218.3173828125,-140.60638427734375,68.03123474121094,True,-13.8956,7.0790,94934.0,1026.635077240559,11.460947725877515,10.770454062783134
de_ancient,58186,7.65611980324708e+16,FUCKHERRIGHTINTHEPUSSY,76561199117151400,ak47,-442.5257568359375,-867.86474609375,32.03787612915039,-298.89306640625,-131.11224365234375,68.03115844726562,True,-176.3718,5.1698,0.1262,751.4852732993351,0.1188491338383811,-11.342098592039134
de_train,4324,7.656119803692744e+16,✪ gopnik ツ,76561199134767700,glock,214.12705993652344,-427.8917236328125,-216.69775390625,448.638916015625,-656.5130004882812,-215.96875,True,66.2215,0.0923,0.2634,327.5118781348021,0.23380649948246296,0.0
de_train,10213,7.656119803692744e+16,✪ gopnik ツ,76561199204782200,inferno,-388.7457275390625,-1607.475830078125,-166.775634765625,828.4210815429688,-968.1365356445312,-305.4422607421875,True,178.2638,-2.1880,0.9499,1381.838705384063,0.6677780892094041,0.4339715897269411
de_train,10581,7.656119803692744e+16,✪ gopnik ツ,76561199222029200,galilar,-994.1128540039062,-1780.0689697265625,-153.96875,-957.4581909179688,-925.2133178710938,-153.96875,True,38.8830,123909,1.0895,855.6411337910199,0.736924802905833,0.06914671369642889
de_train,15351,7.656119803692744e+16,✪ gopnik ツ,76561199134767700,galilar,-1228.4935302734375,-529.8674926757812,-88.13836669921875,-817.5758666992188,-905.256591796875,-173.9755859375,True,74.6665,552522,0.3593,563.1503619663242,0.3069698613590652,-0.4299549415467678
de_train,15444,7.656119803692744e+16,✪ gopnik ツ,76561199222029200,galilar,-1160.7193603515625,-528.9151000976562,-88.96875,-880.5248413085938,-1772.1021728515625,-153.96875,True,175.3827,-7.0752,1.1597,1276.02823885843,0.7699693231612298,0.4629994618021646
de_train,15661,7.656119803692744e+16,✪ gopnik ツ,76561199090283400,galilar,-1023.3871459960938,-803.5442504882812,-153.96875,-482.7183837890625,-901.448974609375,-318.96875,True,141.0312,4.1271,0.154,573.7011813058352,0.14323416808590783,-0.626735155075322
de_train,19033,7.656119803692744e+16,✪ gopnik ツ,76561199134767700,galilar,-123.806640625,-258.2991943359375,-215.96875,660.3889770507812,-180.6219482421875,-215.96875,False,-171.6998,0.1765,4.1898,788.0333250203377,1.6466951607898082,1.5034609927039004
de_train,55164,7.656119803692744e+16,✪ gopnik ツ,76561199134767700,awp,-871.654052734375,609.2845458984375,-215.96875,559.6896362304688,282.2997131347656,-215.96875,True,-172.6701,0.5898,0.4418,1468.2179118907975,0.36589233298834123,-1.280802827801467
de_train,70189,7.656119803692744e+16,✪ gopnik ツ,76561199204782200,inferno,-195.07196044921875,146.9117431640625,-215.96875,675.411865234375,-203.845703125,-215.96875,True,1183295,1644355,314141.0,938.4950063287337,12.657600391964902,12.29170805897656
de_train,70935,7.656119803692744e+16,✪ gopnik ツ,76561198928544200,ak47,-241.9100341796875,-137.98114013671875,-215.96875,-232.58251953125,-226.1513671875,-215.96875,True,124.3429,0.7066,0.6613,88.66223247642219,0.507600428410296,-12.149999963554606
de_train,75193,7.656119803692744e+16,✪ gopnik ツ,76561199222029200,usp_silencer,1026.3140869140625,383.36041259765625,-211.96875,1082.922607421875,1039.91015625,-215.96875,True,-115.1759,1738222,0.2272,658.9977924728138,0.20473515163085468,-0.3028652767794413
de_train,75209,7.656119803692744e+16,✪ gopnik ツ,76561198928544200,usp_silencer,1019.9246215820312,384.92724609375,-211.96875,1106.102783203125,1283.86376953125,-215.96875,True,2340535,618478,493841.0,903.0667465421868,13.10997090695428,12.905235755323424
de_train,89410,7.656119803692744e+16,✪ gopnik ツ,76561199222029200,m4a1_silencer,895.5928955078125,203.4923095703125,-211.96875,-375.587890625,94.79602813720705,-215.96875,True,-72.8713,2696953,0.3304,1275.8258002684458,0.2854796488965809,-12.824491258057698
de_train,91328,7.656119803692744e+16,✪ gopnik ツ,76561199090283400,m4a1_silencer,-133.13348388671875,391.7635803222656,-215.96875,-616.1316528320312,527.8838500976562,-215.96875,True,84.9226,0.4237,2.0877,501.81267326388814,1.1274264771840703,0.8419468282874893
de_train,108712,7.656119803692744e+16,✪ gopnik ツ,76561199222029200,m4a1_silencer,645.8199462890625,589.6664428710938,-215.96875,-1.59039306640625,592.749267578125,-215.96875,False,-175.2656,1604968,0.3198,647.4176791782393,0.2774802099671842,-0.849946267216886
de_train,116428,7.656119803692744e+16,,76561199222029200,ak47,-45.3040771484375,1590.6502685546875,-215.96875,-756.0075073242188,1293.6282958984375,-215.96875,True,-17.0772,1507205,0.7632,770.273599381565,0.5671303399764583,0.28965013000927414
de_ancient,9557,7.65611980440451e+16,electroNic,76561198160709500,usp_silencer,-1753.391845703125,-340.906494140625,72.279296875,-1565.10693359375,-1523.3134765625,-31.939453125,True,50.3940,0.4676,2.1739,1201.831530647953,1.154961115621756,0.0
de_dust2,11180,7.65611980440451e+16,electroNic,76561197989423000,mac10,655.9337768554688,987.8954467773438,0.0685434341430664,1306.4542236328125,1111.6717529296875,-2.52862548828125,True,-153.9178,1881335,0.5527,662.196474565159,0.439995351004987,-0.7149657646167691
de_ancient,17170,7.65611980440451e+16,electroNic,76561198262460200,m4a1_silencer,-189.91961669921875,857.7788696289062,77.66424560546875,-591.621826171875,724.760498046875,122.26374816894533,True,-80.8038,549843,0.6742,425.4969657970062,0.515335439243819,0.07534008823883198
de_ancient,17240,7.65611980440451e+16,electroNic,76561198160709500,m4a1_silencer,-187.785888671875,847.8421020507812,77.66424560546875,-573.0914916992188,674.31591796875,138.03125,True,120.5015,0.4096,1049740.0,426.8675667064732,13.864054025039813,13.348718585795995
de_train,17254,7.65611980440451e+16,,76561198044045100,world,1456.0,-1328.0,-327.96875,1456.0,-1328.0,-327.96875,False,143.6978,-5.9268,0.4581,0.0,0.3771342183401026,-13.48691980669971
de_ancient,33720,7.65611980440451e+16,electroNic,76561198262460200,famas,-1030.6068115234375,-206.546142578125,106.03125,-1503.918212890625,35.96778869628906,103.88291931152344,True,22.3864,13.8599,0.9105,531.8282663145022,0.6473649879048177,0.2702307695647151
de_train,53640,7.65611980440451e+16,electroNic,76561198262460200,m4a1_silencer,147.41685485839844,384.3777770996094,-215.96875,-875.431640625,538.90283203125,-215.96875,True,113.5547,1255584,0.0,1034.454946971727,0.0,-0.6473649879048177
de_ancient,57403,7.65611980440451e+16,electroNic,76561197973757800,mp9,-1432.582275390625,1147.4049072265625,97.25526428222656,-2035.98388671875,1136.7547607421875,116.03125,True,-24.9870,1220125,0.252,603.7876015729292,0.22474227267790678,0.22474227267790678
de_ancient,61070,7.65611980440451e+16,electroNic,76561198294381000,m4a1_silencer,92.7176742553711,-806.0123901367188,153.03125,-1199.115478515625,-846.6256103515625,40.09486389160156,True,179.1070,0.2420,0.2823,1297.396221499699,0.24865534048293306,0.023913067805026278
de_dust2,62389,7.65611980440451e+16,electroNic,76561198262460200,galilar,-1038.1151123046875,2515.673095703125,10.73054027557373,-1382.437255859375,2694.531005859375,125.03125,True,-179.4600,1474486,0.0,404.4904730782464,0.0,-0.24865534048293306
de_train,64110,7.65611980440451e+16,electroNic,76561197989423000,m4a1_silencer,-522.9214477539062,458.6267700195313,-215.96875,-475.9677734375,245.15673828125,-215.96875,True,-11.4790,1047669,0.0,218.57287567800807,0.0,0.0
de_train,64293,7.65611980440451e+16,electroNic,76561198160709500,m4a1_silencer,-494.6458740234375,447.2845153808594,-215.96875,-414.1460571289063,-226.990478515625,-215.96875,True,76.9373,-3.6296,1272173.0,679.0633165722892,14.0562378059798,14.0562378059798
de_ancient,67699,7.65611980440451e+16,electroNic,76561197989423000,mp9,731.1475830078125,3.676314830780029,130.03125,1102.3265380859375,-263.96710205078125,116.59519958496094,True,-51.8963,1122909,157421.0,457.8071021114476,11.9666853764817,-2.0895524294981005
de_ancient,67750,7.65611980440451e+16,electroNic,76561198294381000,mp9,762.3619995117188,-7.439208984375,130.03125,1236.3701171875,-302.2042236328125,105.4717025756836,True,-176.9104,2284319,0.3403,558.7246914652314,0.29289346950231393,-11.673791906979385
de_train,71321,7.65611980440451e+16,electroNic,76561198294381000,ak47,-1145.1614990234375,-633.9253540039062,-88.96875,-570.4276733398438,-543.5875244140625,-35.6527099609375,True,-156.4522,278713,89487.0,584.2281180886025,11.40185981706137,11.108966347559056
de_ancient,71573,7.65611980440451e+16,electroNic,76561197973757800,m4a1_silencer,889.9790649414062,254.84686279296875,130.53125,1218.54345703125,-375.8272705078125,74.44912719726562,True,793795,604995,0.2442,713.3369657196529,0.21849275309878236,-11.183367063962587
de_train,71608,7.65611980440451e+16,electroNic,76561198160709500,ak47,-1136.0235595703125,-681.96923828125,-91.63482666015624,-620.6326904296875,-497.9737548828125,-30.6778564453125,False,110.4902,1700296,0.716,550.6340328406217,0.5399960010657705,0.32150324796698815
de_dust2,74936,7.65611980440451e+16,electroNic,76561198294381000,ak47,-1975.2896728515625,2107.1396484375,-1.79559326171875,-1239.380126953125,2181.427978515625,56.390625,True,2596996,903306,2679087.0,741.934802880847,14.8009869960649,14.26099099499913
de_ancient,91170,7.65611980440451e+16,electroNic,76561198262460200,glock,896.9545288085938,-1458.7110595703125,9.04110050201416,1255.132080078125,-517.150146484375,34.05632781982422,False,-126.3445,0.1507,1.1014,1007.6973121341665,0.7426037892725378,-14.058383206792362
de_dust2,99452,7.65611980440451e+16,electroNic,76561198294381000,galilar,1280.9219970703125,1036.849365234375,0.0401444435119628,1417.51171875,2768.322509765625,108.85066223144533,False,105.2792,0.0549,1772614.0,1740.257374954276,14.387966415396631,13.645362626124093
de_ancient,110567,7.65611980440451e+16,electroNic,76561197989423000,galilar,49.1986083984375,-779.2750244140625,153.03125,400.9326477050781,-794.623046875,133.68032836914062,True,-143.3221,808953,0.0781,352.60013381788514,0.07520023256293519,-14.312766182833697
de_dust2,121414,7.65611980440451e+16,electroNic,76561198262460200,mp9,-1634.7987060546875,1644.7120361328125,2.301365375518799,-1486.0242919921875,2744.202880859375,18.703125,True,58.8098,0.4398,0.8268,1109.6319036671348,0.6025658023287068,0.5273655697657716
de_dust2,121488,7.65611980440451e+16,electroNic,76561197989423000,mp9,-1678.9853515625,1678.6612548828125,2.3914356231689453,-1249.217041015625,2313.996337890625,10.01915168762207,True,194127,92894,1939471.0,767.078646882586,14.477926329047456,13.87536052671875
de_dust2,132466,7.65611980440451e+16,electroNic,76561198262460200,m4a1_silencer,-311.93310546875,2282.41259765625,-117.38824462890624,-856.8242797851562,2261.296630859375,-89.03253173828125,False,5.0705,2610876,0.3389,546.0369239851958,0.29184838132119684,-14.18607794772626
de_dust2,132942,7.65611980440451e+16,electroNic,76561197989423000,m4a1_silencer,-366.1038818359375,1739.0892333984375,-125.27886962890624,-709.5785522460938,2333.399658203125,-110.018798828125,False,63.6641,2016930,123850.0,686.5949315322233,11.726834509168317,11.43498612784712
de_dust2,136075,7.65611980440451e+16,electroNic,76561198294381000,m4a1_silencer,27.845195770263672,1538.846435546875,0.7865676879882812,-663.3323974609375,427.7282409667969,8.663095474243164,True,78.9148,2628804,2283864.0,1308.5763819516749,14.641379741181037,2.9145452320127205
de_dust2,148579,7.65611980440451e+16,electroNic,76561198160709500,m4a1_silencer,802.6904296875,2069.256103515625,-43.295166015625,-531.2090454101562,2184.0263671875,-123.62847900390624,False,-114.4978,15.6452,2413218.0,1341.2357974140073,14.696472098880918,0.05509235769988052
de_dust2,150936,7.65611980440451e+16,electroNic,76561197973757800,m4a1_silencer,1300.5108642578125,2389.220703125,83.98719787597656,385.457763671875,2453.9130859375,95.80012512207033,True,-104.3962,964639,0.5339,917.4131166143301,0.4278135117719262,-14.268658587108991
de_dust2,15873,7.656119805510902e+16,ICY,76561198262460200,ssg08,1659.1737060546875,652.85888671875,56.00150680541992,1240.62353515625,2860.108154296875,127.1858139038086,True,-176.8480,-11.3499,356.3942,2247.7101192903765,5.8788393742780345,0.0
de_dust2,16998,7.656119805510902e+16,ICY,76561198294381000,ssg08,1372.6497802734375,2050.037841796875,-7.0609130859375,294.7124938964844,2489.5419921875,97.806396484375,True,83.5709,143116,385453.0,1168.807017513503,12.86217713931443,6.983337765036395
de_train,17254,7.656119805510902e+16,,76561198055109000,world,1342.0,-1431.0,-327.24664306640625,1342.0,-1431.0,-327.24664306640625,False,-107.8360,-28.5669,2.1073,0.0,1.1337541819131658,-11.728422957401264
de_dust2,17362,7.656119805510902e+16,ICY,76561198160709500,ssg08,1436.77880859375,1985.1312255859373,-9.722412109375,442.96435546875,2258.497802734375,-127.44842529296876,True,-146.4278,-2.4541,0.6563,1037.427523696041,0.5045861989759716,-0.6291679829371942
de_ancient,17897,7.656119805510902e+16,ICY,76561197989423000,m4a1_silencer,-1362.5555419921875,1383.8519287109375,97.25526428222656,-2085.731689453125,332.8251037597656,88.03125,True,-161.7256,-5.8076,463495.0,1275.8237376153743,13.046553033961596,12.541966834985624
de_ancient,18353,7.656119805510902e+16,ICY,76561198294381000,m4a1_silencer,-1686.0877685546875,1067.7930908203125,52.03125,-1280.03173828125,793.96875,54.03125,True,11.0845,2289524,0.1472,489.7604203558118,0.13732419086321887,-12.909228843098377
de_train,26750,7.656119805510902e+16,ICY,76561197973757800,ssg08,695.3380737304688,-50.49310302734375,-215.96875,200.79537963867188,192.22987365722656,-215.96875,True,125.7533,-7.9860,0.5862,550.8964691211871,0.4613412186670822,0.3240170278038633
de_train,30308,7.656119805510902e+16,ICY,76561197973757800,p250,-278.484619140625,689.7401123046875,-171.96875,-301.0888671875,313.6890869140625,-215.96875,True,137.4057,2692205,0.0,379.2905558105885,0.0,-0.4613412186670822
de_dust2,33152,7.656119805510902e+16,ICY,76561198262460200,galilar,-815.8670043945312,1481.822265625,-110.74945068359376,-114.32647705078124,1319.3089599609375,0.474651575088501,True,-153.0100,1423292,0.1452,728.6566317181623,0.13557929424182294,0.13557929424182294
de_ancient,33159,7.656119805510902e+16,ICY,76561197973757800,m4a1_silencer,-1797.9151611328125,482.3237915039063,168.03125,-1213.2060546875,725.0076904296875,56.03125,True,123.2178,-3.5167,0.1263,642.902958429882,0.11893792407151378,-0.016641370170309158
de_dust2,36783,7.656119805510902e+16,ICY,76561197973757800,galilar,-1379.1156005859375,2129.1484375,2.1042466163635254,-1521.9610595703125,2660.508544921875,6.434762477874756,False,-160.2236,15.1010,0.9727,550.2428030237834,0.6794031627676861,0.5604652386961723
de_train,38753,7.656119805510902e+16,ICY,76561198294381000,awp,-452.8536987304688,-938.16943359375,-318.96875,-1006.587158203125,-790.7684936523438,-153.96875,True,24.8590,261301,0.1834,596.2992379964659,0.16839165126045666,-0.5110115115072295
de_train,39144,7.656119805510902e+16,ICY,76561197989423000,awp,-451.62451171875,-939.0314331054688,-318.96875,-1133.4134521484375,-771.2040405273438,-98.58050537109376,True,-91.9243,8.1464,0.4584,735.9165519013815,0.3773399443823162,0.20894829312185956
de_ancient,49285,7.656119805510902e+16,ICY,76561197973757800,awp,-460.5223388671875,-519.644287109375,36.879432678222656,-840.1759033203125,-680.8204956054688,41.31942367553711,False,-117.2004,50253,1897072.0,412.4734084849539,14.455822729990135,14.07848278560782
de_ancient,50608,7.656119805510902e+16,ICY,76561198160709500,usp_silencer,860.4862670898438,881.2020263671875,105.79158782958984,621.4102172851562,481.3899230957031,121.31199645996094,True,62.7158,11.1439,2814926.0,466.0986575786667,14.850446886715234,0.394624156725099
de_train,53844,7.656119805510902e+16,ICY,76561198160709500,m4a1_silencer,632.8019409179688,-276.482421875,-207.7686767578125,-317.3865966796875,-207.7418212890625,-215.96875,False,130.5547,-0.9438,0.0,952.7070737388619,0.0,-14.850446886715234
de_dust2,56253,7.656119805510902e+16,ICY,76561198294381000,awp,-1125.968505859375,1277.5916748046875,-109.76092529296876,-607.10888671875,1488.7884521484375,-111.16644287109376,False,177.8580,9.1334,357.8039,560.1976067556897,5.882775999690785,5.882775999690785
de_ancient,57704,7.656119805510902e+16,ICY,76561197989423000,awp,-1537.7750244140625,1179.8192138671875,98.46377563476562,-2164.544921875,191.0279083251953,72.03125762939453,True,104.4110,1644355,2820951.0,1171.0027447818966,14.852584974596551,8.969808974905767
de_dust2,58420,7.656119805510902e+16,ICY,76561198294381000,awp,-459.8182373046875,-563.2741088867188,55.991737365722656,-401.53753662109375,2314.019287109375,-111.0030517578125,True,-179.2069,1.0880,0.396,2882.7246115973894,0.3336110043401807,-14.51897397025637
de_dust2,62636,7.656119805510902e+16,ICY,76561198160709500,awp,-2002.8548583984373,1715.794189453125,32.00694274902344,-1879.0479736328125,2414.5244140625,16.844440460205078,True,-83.8010,-2.5045,0.0,709.7760019708294,0.0,-0.3336110043401807
de_dust2,62879,7.656119805510902e+16,ICY,76561197973757800,awp,-1957.6727294921875,1853.478759765625,9.4755859375,-1733.745849609375,1885.193115234375,-0.0946044921875,False,97.3904,1370483,0.3688,226.36394682393717,0.31393444359584666,0.31393444359584666
de_dust2,67050,7.656119805510902e+16,ICY,76561198160709500,awp,-243.795654296875,1263.5711669921875,32.117164611816406,-417.2611083984375,1634.24072265625,-125.863525390625,True,-116.6367,1252509,0.3211,438.6844898973547,0.27846472290217134,-0.03546972069367532
de_ancient,68393,7.656119805510902e+16,ICY,76561198160709500,awp,-220.73876953125,-853.23681640625,164.03125,1351.146728515625,-698.5049438476562,10.13396453857422,True,119.8540,337517,2194013.0,1586.9626163926978,14.60124330083615,14.32277857793398
de_train,77483,7.656119805510902e+16,ICY,76561197973757800,awp,692.4479370117188,363.6119079589844,-215.96875,-580.8234252929688,390.0848388671875,-215.96875,True,-16.9965,18.8738,0.8836,1273.546535520436,0.6331848393872626,-13.968058461448889
de_train,78142,7.656119805510902e+16,ICY,76561198294381000,awp,681.8707275390625,361.9900512695313,-215.96875,-838.5413818359375,416.03131103515625,-215.96875,True,24.1171,0.1171,82182.0,1521.372222728939,11.316703747003517,10.683518907616255
de_ancient,81403,7.656119805510902e+16,ICY,76561198160709500,m4a1_silencer,1355.5076904296875,671.8531494140625,128.06056213378906,837.9405517578125,-30.80316162109375,130.03125,True,-95.5982,2491321,0.7878,872.7001306755901,0.5809858136716152,-10.735717933331902
de_ancient,82366,7.656119805510902e+16,ICY,76561198294381000,m4a1_silencer,786.4608154296875,-8.75848388671875,130.03125,534.9210815429688,197.80784606933597,155.4954833984375,True,-172.1812,1752801,0.456,326.4817201282256,0.37569294977449424,-0.20529286389712093
de_ancient,89749,7.656119805510902e+16,ICY,76561198294381000,p250,-1135.6622314453125,-855.1736450195312,33.931636810302734,-456.6970825195313,-484.5633544921875,38.314064025878906,True,-75.1104,-0.3921,0.0,773.5404750682865,0.0,-0.37569294977449424
de_dust2,93573,7.656119805510902e+16,ICY,76561198262460200,awp,-1968.5301513671875,1740.591064453125,32.20721435546875,-1331.558837890625,2680.648193359375,130.03125,False,59.9222,-0.8041,2895644.0,1139.7409362435403,14.878718442100922,14.878718442100922
de_ancient,94267,7.656119805510902e+16,ICY,76561198160709500,p250,-1271.6392822265625,694.4829711914062,56.03125,-1051.8621826171875,724.0192260742188,73.02496337890625,False,140.9889,-2.4342,2773289.0,222.40312533688916,14.83554489900721,-0.043173543093711686
de_ancient,94492,7.656119805510902e+16,ICY,76561197989423000,p250,-1312.5909423828125,723.752197265625,56.03125,-1071.3304443359375,751.7070922851562,68.09588623046875,False,68.6573,-0.4357,2028559.0,243.17413415236567,14.522836739697489,-0.3127081593097216
de_ancient,97506,7.656119805510902e+16,ICY,76561198160709500,ak47,-2015.5191650390625,-403.9134521484375,80.03125,-2090.22119140625,46.71269989013672,72.03125762939453,True,1925226,-2.4750,2786162.0,456.84605888897187,14.840175938430244,0.3173391987327552
de_dust2,112326,7.656119805510902e+16,ICY,76561198262460200,usp_silencer,1440.74951171875,2411.102783203125,26.44979286193848,1051.0616455078125,2090.788330078125,-0.11883544921875,False,1823109,2873031,1242981.0,505.13748025971876,14.033023889293869,-0.8071520491363753
de_dust2,112556,7.656119805510902e+16,ICY,76561197989423000,usp_silencer,1320.4281005859375,2497.105712890625,67.18783569335938,349.31005859375,2021.3463134765625,96.02213287353516,True,14.2596,2678,7.1474,1081.7803262712093,2.0976988579506672,-11.9353250313432
de_train,114863,7.656119805510902e+16,ICY,76561198262460200,ak47,-596.8897094726562,1311.6160888671875,-215.96875,-848.5426635742188,583.7540283203125,-215.96875,True,119.2380,281663,0.8619,770.1379022562036,0.6215974717198696,-1.4761013862307977
de_dust2,121510,7.656119805510902e+16,ICY,76561198160709500,ssg08,665.1679077148438,2091.865478515625,-77.67578125,-1304.6962890625,2214.226318359375,2.355419158935547,True,-38.6035,0.6173,0.7808,1975.2827954273819,0.5770627015391433,-0.04453477018072627
de_dust2,121940,7.656119805510902e+16,ICY,76561197973757800,ssg08,-442.6751708984375,1975.2015380859373,-125.40185546875,-1386.8851318359375,2717.1728515625,125.03125,True,-150.8193,1413338,1015436.0,1226.6909230407034,13.830829619673388,13.253766918134245
de_dust2,123553,7.656119805510902e+16,ICY,76561198294381000,galilar,-1643.7960205078125,2400.6396484375,3.2816057205200195,-1936.400390625,2067.121826171875,-2.87542724609375,False,114.3986,23.0033,1679784.0,443.722170096822,14.334176366999314,0.5033467473259261
de_dust2,135308,7.656119805510902e+16,ICY,76561198160709500,ssg08,-489.8599243164063,2431.5869140625,-88.549560546875,-295.924560546875,470.6895446777344,-3.18157958984375,True,77.8306,1.0193,1916854.0,1972.312630074957,14.466196380147705,0.1320200131483915
de_dust2,136359,7.656119805510902e+16,ICY,76561198262460200,ssg08,-635.9249267578125,2548.78662109375,-81.755126953125,-121.881591796875,308.0317077636719,1.7603015899658203,True,98.7458,1344307,1324371.0,2300.4777674725274,14.096448942782692,-0.3697474373650138
de_dust2,136521,7.656119805510902e+16,ICY,76561197973757800,ssg08,-645.0414428710938,2539.709716796875,-81.02685546875,-129.64453125,438.8580322265625,-0.984130859375,True,-5.9827,-5.5539,0.0,2164.6289785626946,0.0,-14.096448942782692
de_ancient,143081,7.656119805510902e+16,ICY,76561197973757800,ak47,523.4254760742188,926.2056274414062,112.05047607421876,774.3062744140625,149.10926818847656,130.03125,True,59.8223,-1.4038,0.0,816.7883659619337,0.0,0.0
de_ancient,143537,7.656119805510902e+16,ICY,76561197989423000,ak47,572.975341796875,842.180908203125,114.2220458984375,777.3898315429688,-128.8809814453125,130.81198120117188,True,80.2019,-5.1797,0.1407,992.4825958671008,0.1316421090517151,0.1316421090517151
de_ancient,3141,7.65611980553275e+16,7 7 7 ready to die,76561198126984600,glock,1151.318603515625,-648.6356201171875,118.03125,1382.005126953125,-479.3984375,49.076438903808594,True,-40.6947,-6.4435,0.4849,294.2996127234879,0.39534742991987876,0.0
de_ancient,27365,7.65611980553275e+16,7 7 7 ready to die,76561198126984600,ak47,707.2066040039062,-315.7891845703125,139.1907501220703,739.2123413085938,-317.72186279296875,140.3199005126953,False,-87.8130,-1.0695,0.6703,32.08391257520883,0.5130032510137648,0.117655821093886
de_ancient,51596,7.65611980553275e+16,7 7 7 ready to die,76561199049231300,galilar,1016.8316650390624,-1080.2254638671875,1.03125,1171.152099609375,-832.140625,2.564126968383789,True,106.2632,1972797,2.0224,292.1698709886574,1.106051217765108,0.5930479667513433
de_ancient,61944,7.65611980553275e+16,7 7 7 ready to die,76561198126984600,usp_silencer,678.1500854492188,124.92642211914062,134.03125,867.108154296875,-263.2254638671875,137.68011474609375,False,-133.0300,320593,1497527.0,431.7179085830403,14.219326306626655,13.113275088861547
de_ancient,62053,7.65611980553275e+16,7 7 7 ready to die,76561199049231300,usp_silencer,682.6622924804688,49.17041778564453,133.70379638671875,1094.1439208984375,-170.1387939453125,124.5240249633789,True,-136.8083,2248556,532557.0,466.36673238873055,13.185447090822137,-1.033879215804518
de_dust2,3729,7.656119806364539e+16,Papalamelullos,76561198958840900,glock,395.3859558105469,2067.507080078125,96.03125762939452,1104.0650634765625,2262.326416015625,13.518310546875,True,-172.8170,15.2549,0.6113,739.5870724489924,0.47704130659738625,0.0
de_dust2,3824,7.656119806364539e+16,Papalamelullos,76561198313319800,glock,348.2646789550781,2056.201171875,95.9641571044922,1383.928955078125,2263.08544921875,2.6398940086364746,True,-1.4598,-14.2702,0.0568,1060.241017472869,0.055245474225978516,-0.4217958323714077
de_dust2,36275,7.656119806364539e+16,Papalamelullos,76561198178481400,galilar,1040.6400146484375,767.1949462890625,9.031248092651367,1614.6873779296875,1772.986083984375,-0.47747802734375,False,21.2654,1606763,0.3247,1158.117698607966,0.2811860187080788,0.22594054448210027
de_dust2,36472,7.656119806364539e+16,Papalamelullos,76561198313319800,galilar,1194.115478515625,858.8255615234375,0.0012145042419433,1446.8001708984375,1514.337890625,-7.5523681640625,True,88.6833,-0.0728,0.5133,702.5688749011578,0.41429269671084346,0.13310667800276466
de_dust2,37051,7.656119806364539e+16,Papalamelullos,76561198958840900,galilar,639.2041015625,892.16259765625,-0.1474609375,679.1438598632812,306.6658935546875,0.8641242980957031,True,119.2068,2505016,811936.0,586.8582436258405,13.607178029926953,13.19288533321611
de_dust2,51669,7.656119806364539e+16,Papalamelullos,76561198313319800,m4a1,-465.2537231445313,-674.248779296875,116.05442810058594,683.871826171875,-251.71893310546875,0.5531244277954102,True,-83.1572,1313870,1700206.0,1229.781098474188,14.346260566319607,0.7390825363926545
de_dust2,51887,7.656119806364539e+16,Papalamelullos,76561198958840900,m4a1,-348.8905029296875,-662.3739624023438,90.9129638671875,-477.54833984375,51.08906936645508,1.0352544784545898,True,72.5568,-0.3038,1.1799,730.5205947439792,0.7792790041892325,-13.566981562130374
de_dust2,53919,7.656119806364539e+16,Papalamelullos,76561198009145800,m4a1,-143.5799560546875,1459.299072265625,-0.07989501953125,-763.9664916992188,1335.105712890625,-111.67877197265624,True,106.6700,-6.6454,0.5572,642.4622583927166,0.4428893367541636,-0.3363896674350689
de_dust2,57341,7.656119806364539e+16,Papalamelullos,76561198958840900,ak47,747.961669921875,235.8296813964844,9.03125,539.0064697265625,224.95095825195312,1.3268234729766846,False,-25.4646,5.1303,0.438,209.37999067253008,0.36325325929885494,-0.07963607745530865
de_dust2,59730,7.656119806364539e+16,Papalamelullos,76561198313319800,ak47,-196.2010498046875,1513.81640625,0.604158878326416,-559.199462890625,1452.1553955078125,-112.64141845703124,True,130.0208,2023627,0.4841,385.22005261236797,0.39480852791963555,0.03155526862078062
de_dust2,60522,7.656119806364539e+16,Papalamelullos,76561198009145800,ak47,550.0767211914062,2410.580078125,127.03125,960.330322265625,2338.080322265625,10.403303146362305,True,20.0095,333285,0.7522,432.62721803109906,0.5608721412501264,0.16606361333049086
de_dust2,61246,7.656119806364539e+16,Papalamelullos,76561198178481400,ak47,1297.50048828125,2016.900390625,1.194633960723877,-493.4337158203125,2266.59130859375,-116.56610107421876,True,99.7043,7.1291,0.0716,1812.086771833221,0.06915285868831662,-0.4917192825618098
de_dust2,70534,7.656119806364539e+16,Papalamelullos,76561199015488100,ak47,690.001220703125,815.0529174804688,0.1445269584655761,594.7799682617188,847.11865234375,1.3654389381408691,False,-35.7347,0.3976,0.0,100.4827790961933,0.0,-0.06915285868831662
de_dust2,81682,7.656119806364539e+16,Papalamelullos,76561198009145800,ak47,231.95350646972656,1423.909912109375,-0.212646484375,450.2984619140625,1933.35888671875,173.734375,False,-150.1618,-5.6930,1.0569,580.921977189552,0.7211999950019805,0.7211999950019805
de_dust2,91373,7.656119806364539e+16,Papalamelullos,76561198178481400,mp9,-1257.2525634765625,2676.234375,128.86431884765625,-1924.5032958984373,2554.275390625,28.622318267822266,True,-74.0571,-3.4847,0.1996,685.671927723133,0.18198816789271696,-0.5392118271092635
de_dust2,94985,7.656119806364539e+16,Papalamelullos,76561198178481400,mp9,360.9701232910156,2135.39794921875,96.17404174804688,1785.717529296875,1998.374267578125,3.8288772106170654,True,-179.7346,612787,359.4683,1434.2971413428327,5.887404019432836,5.705415851540119
de_dust2,96083,7.656119806364539e+16,Papalamelullos,76561198958840900,mp9,321.8455505371094,1804.013916015625,96.1131591796875,1129.8314208984375,2892.341064453125,127.76742553710938,True,36.8344,1328540,0.8459,1355.8389068426527,0.6129669634324173,-5.274437056000418
de_dust2,101654,7.656119806364539e+16,Papalamelullos,76561198009145800,m4a1_silencer,-108.6708984375,1476.2296142578125,0.0591564178466796,-208.453857421875,520.0049438476562,-0.49493408203125,True,-177.5030,-6.0047,0.8473,961.4169575272591,0.6137251135824546,0.0007581501500373289
de_dust2,140535,7.656119806364539e+16,Papalamelullos,76561199015488100,mp9,1478.9793701171875,845.7513427734375,-11.4197998046875,876.8888549804688,1062.4638671875,0.853579044342041,True,173.2218,6.1160,0.6702,640.0218296932431,0.512943379736992,-0.10078173384546263
de_dust2,147326,7.656119806364539e+16,Papalamelullos,76561198313319800,hegrenade,1294.3770751953125,1498.189208984375,1.0312490463256836,1172.387939453125,1175.3721923828125,0.3274354934692383,True,62.0700,-6.7583,0.0,345.09805968764374,0.0,-0.512943379736992
de_dust2,157446,7.656119806364539e+16,Papalamelullos,76561199015488100,mp9,396.607666015625,287.9007873535156,1.1048974990844729,-572.974609375,358.0565795898437,7.463418006896973,False,-36.7379,7.0107,1791882.0,972.1378784509001,14.398777580206945,14.398777580206945
de_dust2,164044,7.656119806364539e+16,Papalamelullos,76561198178481400,m4a1_silencer,-1485.4288330078125,1821.62646484375,0.9466967582702636,-1822.62109375,1814.0343017578125,132.27874755859375,True,-2.7150,0.8714,0.7261,361.9452572035854,0.5458645284105065,-13.852913051796438
de_mirage,2754,7.656119806601864e+16,Гроза негра Зила,76561199069072200,hegrenade,259.6441345214844,-385.6138916015625,-165.7686767578125,-1145.0592041015625,-815.408447265625,-132.25,True,-93.8383,10.0034,1822198.0,1469.3666429141497,14.415554571474564,0.0
de_mirage,13846,7.656119806601864e+16,Гроза негра Зила,76561198262660000,ak47,-1865.645263671875,614.0366821289062,-167.96875,-750.0436401367188,-5.66473388671875,-143.96875,True,-46.1711,0.0347,2123188.0,1276.3905465985115,14.568429761687579,0.152875190213015
de_mirage,16635,7.656119806601864e+16,Гроза негра Зила,76561199112107300,ak47,473.5069274902344,-267.9189453125,-160.1568603515625,41.2451171875,-624.2323608398438,-185.89300537109372,True,-159.2719,591115,2395110.0,560.7779167294527,14.688940134308508,0.12051037262092912
de_mirage,40451,7.656119806601864e+16,Гроза негра Зила,76561198970902000,galilar,-446.4412841796875,-1970.8624267578125,-179.96875,-800.918701171875,-1055.9674072265625,-167.96875,True,42.0093,-23.3463,2763943.0,981.2395914966637,14.83216920317241,0.14322906886390285
de_mirage,45772,7.656119806601864e+16,Гроза негра Зила,76561198970902000,ak47,-1142.53955078125,-1351.0277099609375,-167.28387451171875,-1288.1370849609375,-1108.523193359375,-167.96875,False,22.4695,-6.2251,1005149.0,282.8560616034191,13.820647342069426,-1.0115218611029846
de_dust2,3672,7.656119807438474e+16,EvdK,76561199130088600,glock,1551.293701171875,1728.7667236328125,1.03125,1515.52001953125,1760.6715087890625,-1.30206298828125,False,-138.1201,0.1188,0.4523,47.99079040287358,0.3731485066316213,0.0
de_dust2,10092,7.656119807438474e+16,EvdK,76561198313319800,ssg08,-421.3366088867188,-569.5598754882812,1.6238183975219729,-421.2064208984375,2033.9322509765625,-127.246337890625,True,-50.7201,1366740,0.1442,2606.679647884465,0.13470570285229133,-0.23844280377932997
de_dust2,20226,7.656119807438474e+16,EvdK,76561199015488100,ssg08,1645.873779296875,867.1691284179688,-9.718017578125,1133.3875732421875,2552.810302734375,96.0497589111328,True,-165.9897,-0.6080,2859241.0,1764.997196170748,14.866067112703027,14.731361409850734
de_dust2,29256,7.656119807438474e+16,EvdK,76561198178481400,glock,-1896.3587646484373,2079.8955078125,-3.36126708984375,-1926.6842041015625,2132.553466796875,-2.06060791015625,False,151.4417,2907514,2023080.0,60.77980451372799,14.52013215489355,-0.3459349578094759
de_dust2,43628,7.656119807438474e+16,EvdK,76561198958840900,galilar,1380.885986328125,1730.7882080078125,-7.65020751953125,1148.17431640625,2520.41162109375,95.1532745361328,True,-88.3160,283155,0.5328,829.5953301062405,0.4270961282344591,-14.093036026659092
de_dust2,54338,7.656119807438474e+16,EvdK,76561199015488100,m4a1,1490.2088623046875,1337.21630859375,-9.4918212890625,1170.9356689453125,2581.120849609375,96.59928131103516,True,-0.6836,-2.7589,0.0968,1288.599705575044,0.09239684926596758,-0.3346992789684915
de_dust2,64603,7.656119807438474e+16,EvdK,76561198009145800,ak47,1009.6105346679688,1039.7271728515625,-0.03643798828125,1399.6156005859375,1260.4058837890625,-10.57550048828125,True,105.0760,-4.5737,0.2578,448.2344439476899,0.2293641631272659,0.13696731386129832
de_dust2,71026,7.656119807438474e+16,EvdK,76561198313319800,ssg08,278.5098571777344,1840.6031494140625,97.78033447265624,1059.18212890625,2590.93505859375,96.4204559326172,True,-9.7366,26.1042,2777702.0,1082.7968503134093,14.837134885133906,14.60777072200664
de_dust2,74412,7.656119807438474e+16,EvdK,76561198958840900,ak47,-917.2749633789062,1406.947509765625,-111.96875,-454.6807861328125,1463.3084716796875,-126.0716552734375,True,-153.7880,-0.6963,0.5967,466.2282947087407,0.4679389993635186,-14.369195885770388
de_dust2,103859,7.656119807438474e+16,EvdK,76561198313319800,ssg08,-627.6378784179688,2509.55419921875,-82.54583740234375,-114.55316162109376,457.7568054199219,-0.70098876953125,True,-91.5432,-44.2289,0.025,2116.560193110019,0.0246926125903715,-0.44324638677314715
de_dust2,106635,7.656119807438474e+16,EvdK,76561198178481400,ssg08,-2090.73291015625,3117.9677734375,35.61423110961914,-1942.35888671875,1418.1309814453125,33.62291717529297,True,47.1557,-1.5048,772580.0,1706.3012440869015,13.557492136626134,13.532799524035763
de_dust2,140401,7.656119807438474e+16,EvdK,76561198958840900,ssg08,-626.2169799804688,2512.4716796875,-82.822265625,-119.966796875,322.9053955078125,0.7604770660400391,True,163.0426,0.7038,0.3523,2248.883241875069,0.30180684649717704,-13.255685290128957
de_dust2,159680,7.656119807438474e+16,EvdK,76561198009145800,usp_silencer,-1372.7685546875,2683.96435546875,125.80650329589844,-1589.3973388671875,2132.966064453125,-6.24139404296875,True,25.8501,460420,2357063.0,606.6001929021495,14.672927334710426,14.371120488213249
de_dust2,18890,7.656119807907323e+16,Vorkämpfer IA,76561198380883900,mac10,-784.8231811523438,2532.7822265625,-73.245849609375,-366.3865966796875,1937.472412109375,-125.9984130859375,False,37.6107,1.1333,0.1471,729.5654757201065,0.13723701830508495,0.0
de_dust2,26405,7.656119807907323e+16,Vorkämpfer IA,76561198380883900,awp,-387.787109375,-420.6394653320313,6.5128173828125,-421.88623046875,2201.042236328125,-123.602783203125,True,-159.5153,137699,1.181,2625.1300471395502,0.779783487219492,0.642546468914407
de_dust2,27450,7.656119807907323e+16,Vorkämpfer IA,76561197990926400,awp,672.3775024414062,-192.14654541015625,-0.62274169921875,573.9474487304688,224.6096649169922,0.0259726047515869,True,-157.8303,-4.4014,0.0875,428.2226467038293,0.08388148398070211,-0.6959020032387899
de_dust2,28921,7.656119807907323e+16,Vorkämpfer IA,76561198334928100,awp,1558.07275390625,1448.03271484375,1.03125,597.4544677734375,732.6055297851562,1.0647039413452148,True,97.7969,476764,0.8922,1197.7577175258657,0.6377401732882069,0.5538586893075048
de_dust2,35998,7.656119807907323e+16,Vorkämpfer IA,76561197990926400,awp,643.6679077148438,207.9989776611328,-0.779541015625,626.17822265625,971.2415771484376,0.1144063472747802,True,95.7098,1610507,1144672.0,763.4434844161517,13.950629564662373,13.312889391374167
de_dust2,37313,7.656119807907323e+16,Vorkämpfer IA,76561198380883900,awp,741.8338012695312,2250.808837890625,-53.56591796875,-545.4254760742188,2149.8876953125,-121.46307373046876,False,-27.9537,984270,0.8471,1292.9932512922715,0.6136168416031371,-13.337012723059235
de_dust2,40143,7.656119807907323e+16,Vorkämpfer IA,76561197990926400,awp,634.9845581054688,-218.5118408203125,-1.435546875,650.9902954101562,1020.7019653320312,0.5457680225372314,True,161.1385,51.7000,1601956.0,1239.3187510055548,14.286736564802014,13.673119723198877
de_dust2,70949,7.656119807907323e+16,Vorkämpfer IA,76561197990926400,deagle,-636.4055786132812,2384.71533203125,-103.06146240234376,-374.19622802734375,1512.5797119140625,-126.1201171875,False,-100.3127,373188,3.0645,910.991759003555,1.40229073420449,-12.884445830597524
de_dust2,81268,7.656119807907323e+16,Vorkämpfer IA,76561198828762300,mp9,1642.6649169921875,1876.7325439453125,1.0312480926513672,306.21484375,2461.31201171875,97.52682495117188,True,-2.1087,752340,6.0333,1461.8971744840958,1.9506560124661876,0.5483652782616977
de_dust2,86415,7.656119807907323e+16,Vorkämpfer IA,76561198334928100,mp9,-1599.634033203125,2376.982177734375,-0.42486572265625,-1880.8734130859373,1814.0345458984373,79.03125,True,161.1186,1486904,2863624.0,634.2861336276329,14.86759886273565,12.91694285026946
de_dust2,94793,7.656119807907323e+16,Vorkämpfer IA,76561197990926400,awp,-620.3815307617188,2461.794677734375,-85.0654296875,-97.1053466796875,309.5779724121094,1.4743614196777344,True,-32.2847,19.5152,2026733.0,2216.606380695624,14.521936188406556,-0.3456626743290929
de_dust2,95110,7.656119807907323e+16,Vorkämpfer IA,76561198828762300,awp,-618.1525268554688,2493.770263671875,-83.11346435546875,-144.55615234375,439.8071899414063,-0.971923828125,True,-128.3608,1.1440,0.3926,2109.4561068861244,0.3311725035263093,-14.190763684880247
de_dust2,98379,7.656119807907323e+16,Vorkämpfer IA,76561198334928100,awp,-419.19085693359375,783.8712768554688,-3.2801513671875,80.27247619628906,307.77227783203125,0.4582366943359375,True,-81.0451,1338005,364515.0,690.0346756197329,12.806325725215059,12.47515322168875
de_dust2,114396,7.656119807907323e+16,Vorkämpfer IA,76561198380883900,awp,-573.0367431640625,2237.888916015625,-120.67987060546876,-477.27294921875,1989.212158203125,-123.3875732421875,False,-142.2719,1981077,0.099,266.4923371515698,0.09440067542148432,-12.711925049793575
de_dust2,114516,7.656119807907323e+16,Vorkämpfer IA,76561198334928100,awp,-642.8493041992188,2199.03173828125,-120.66290283203124,-412.812744140625,1860.537841796875,-127.3204345703125,True,39.8474,0.6139,1226487.0,409.31559907925816,14.019665358694782,13.925264683273298
de_dust2,115038,7.656119807907323e+16,Vorkämpfer IA,76561197990926400,awp,-638.1878662109375,2278.767578125,-118.850341796875,-431.4253540039063,1627.00146484375,-125.84027099609376,True,-12.0362,1095730,0.484,683.8118615424276,0.3947411447451887,-13.624924213949594
de_dust2,15634,7.656119808011454e+16,fame,76561197973757800,ak47,1330.1341552734375,2366.716064453125,32.044803619384766,1347.3973388671875,2043.482421875,-6.03204345703125,False,-110.6241,7.1500,0.4536,325.9261442188941,0.37404323809982437,0.0
de_train,17254,7.656119808011454e+16,,76561198080114500,world,1552.0,-1232.0,-327.759521484375,1552.0,-1232.0,-327.759521484375,False,-56.9078,23.5289,0.5976,0.0,0.4685025031194684,0.09445926501964402
de_ancient,17793,7.656119808011454e+16,fame,76561197973757800,m4a1_silencer,-1727.9481201171875,551.5634765625,73.03125,-1326.2757568359375,621.5258178710938,73.03125,False,117.9599,1191454,2341237.0,407.7197770838749,14.666190407260135,14.197687904140667
de_train,30568,7.656119808011454e+16,fame,76561198160709500,fiveseven,-1141.0347900390625,-625.5460205078125,-88.56964111328125,-1228.1549072265625,-516.03857421875,-88.09600830078125,True,127.3178,2.0747,0.0,139.93577076486454,0.0,-14.666190407260135
de_dust2,36350,7.656119808011454e+16,fame,76561198014259100,ak47,-1239.709716796875,2295.04443359375,7.717483043670654,-1268.941650390625,2238.630126953125,3.4531869888305664,False,96.4304,0.6242,0.4147,63.68095599325751,0.34691749448275155,0.34691749448275155
de_dust2,36610,7.656119808011454e+16,fame,76561198160709500,ak47,-1287.060302734375,2272.575439453125,4.884939193725586,-1652.95751953125,1652.9210205078125,2.347096920013428,True,-166.5091,0.4542,0.0296,719.624077433182,0.029170377299779858,-0.3177471171829717
de_train,38858,7.656119808011454e+16,fame,76561198160709500,m4a1_silencer,-781.6207885742188,-820.029052734375,-200.5577392578125,-1018.9276733398438,-842.6429443359375,-153.96875,True,-5.4533,401524,2471598.0,242.8919092324761,14.720375867572667,14.691205490272887
de_dust2,41413,7.656119808011454e+16,fame,76561197973757800,ak47,344.6201171875,2396.39794921875,96.2397003173828,1554.2811279296875,1919.8270263671875,-9.37176513671875,True,64.3133,-11.1577,0.5869,1304.4360417639355,0.46178242758665955,-14.258593439986008
de_ancient,49650,7.656119808011454e+16,fame,76561197989423000,m4a1_silencer,1231.81494140625,868.1529541015625,115.17162322998048,1041.16015625,-154.75689697265625,126.1733627319336,True,-156.6053,653056,0.3131,1040.5838980109797,0.2723907538828223,-0.18939167370383725
de_dust2,55479,7.656119808011454e+16,fame,76561198262460200,ak47,313.09332275390625,2114.3935546875,97.7686538696289,972.3211669921876,2377.746826171875,14.36334991455078,True,2458630,821949,1.0525,714.7676132481197,0.7190585623444462,0.4466678084616239
de_dust2,68420,7.656119808011454e+16,fame,76561197989423000,ak47,273.0308837890625,1692.0634765625,51.768062591552734,350.95343017578125,2524.5927734375,96.60881805419922,True,13.1585,6.1366,2.0797,837.3694804212971,1.1248321896441393,0.40577362729969313
de_dust2,71886,7.656119808011454e+16,fame,76561198294381000,ak47,-1678.7784423828125,1157.32470703125,30.93707275390625,-1813.8448486328125,-433.69085693359375,88.95492553710938,True,113470,78710,1076007.0,1597.7920797516908,13.888768454620466,12.763936264976326
de_ancient,79791,7.656119808011454e+16,fame,76561197973757800,ak47,681.28466796875,-248.21875,136.09494018554688,761.777587890625,213.5630798339844,134.03125,True,-2.9433,1162020,180067.0,468.7492158282019,12.101089836310067,-1.7876786183103999
de_dust2,81146,7.656119808011454e+16,fame,76561197973757800,ak47,690.0292358398438,1035.4556884765625,0.4752969741821289,1206.5931396484375,1165.9764404296875,0.0683379173278808,True,165.7755,7.1875,1466450.0,532.7983661987499,14.198355753953592,2.0972659176435258
de_train,81356,7.656119808011454e+16,fame,76561198160709500,ak47,958.732421875,-1362.5804443359375,-342.96875,-320.92242431640625,-1382.63916015625,-350.96875,True,112.7565,0.0189,746982.0,1279.8370511363983,13.523797706158538,-0.6745580477950543
de_train,81526,7.656119808011454e+16,fame,76561197989423000,ak47,973.4662475585938,-1282.3848876953125,-342.96875,-369.63720703125,-1143.5367431640625,-350.96875,True,131.4356,-3.9499,0.9227,1350.285042859819,0.6537304481961538,-12.870067257962384
de_train,87834,7.656119808011454e+16,fame,76561198294381000,ak47,-649.0181274414062,-1740.709716796875,-152.96875,-942.5258178710938,-1671.2529296875,-153.96875,True,28.6853,172762,0.8631,301.6156654037159,0.6222417670441711,-0.03148868115198267
de_ancient,94382,7.656119808011454e+16,fame,76561197973757800,glock,-1213.97216796875,31.522592544555664,105.43074035644533,-1115.8865966796875,-107.0872802734375,104.3032684326172,True,28.6747,-1.6500,2.0467,169.80797192906175,1.1140590376571347,0.49181727061296354
de_train,96150,7.656119808011454e+16,fame,76561198262460200,glock,-646.4414672851562,-876.240234375,-300.498046875,773.1682739257812,-957.2510375976562,-235.944091796875,True,177.3575,0.1013,0.456,1423.383918939649,0.37569294977449424,-0.7383660878826404
de_ancient,114579,7.656119808011454e+16,fame,76561198294381000,ak47,739.059326171875,672.8311157226562,127.9346694946289,415.51947021484375,897.5013427734375,108.76717376708984,True,1826366,14.2781,0.6617,394.3629574493671,0.5078411747250309,0.13214822495053663
de_ancient,114787,7.656119808011454e+16,fame,76561198160709500,ak47,732.4534301757812,678.5984497070312,127.08384704589844,448.9956665039063,879.8213500976562,111.29206848144533,False,0.4117,2440127,919714.0,347.9774988382218,13.731819118423983,13.223977943698952
de_train,115485,7.656119808011454e+16,fame,76561197989423000,ak47,-1112.5887451171875,-300.0362548828125,-176.76739501953125,-1286.3797607421875,-319.3099365234375,-132.96875,True,-171.3493,1.0097,0.4898,180.25846227431342,0.39864188276003887,-13.333177235663944
de_train,120319,7.656119808011454e+16,fame,76561197989423000,ak47,-1272.834716796875,-571.6009521484375,-88.96875,-1244.0560302734375,-303.7489624023437,-132.96875,True,-82.6007,0.7745,0.4567,272.96318654528454,0.376173603472765,-0.02246827928727385
de_train,123758,7.656119808011454e+16,fame,76561197973757800,ak47,-187.9482421875,-1761.609619140625,-166.96875,-125.64447021484376,-1144.4423828125,-350.96875,True,89.4479,9.0040,1586615.0,647.0186686633674,14.277114004256521,13.900940400783757
de_dust2,131843,7.656119808011454e+16,fame,76561198160709500,m4a1_silencer,-577.0086669921875,2120.985595703125,-118.9024658203125,-505.85107421875,1720.70166015625,-119.29058837890624,False,73.7784,969356,0.8965,406.559691441891,0.6400100821468165,-13.637103922109706
de_ancient,137766,7.656119808011454e+16,fame,76561198294381000,ak47,-835.6132202148438,-849.5317993164062,37.544281005859375,-482.79150390625,-242.51043701171875,56.03104019165039,True,-12.2092,13.1767,2918015.0,702.353086458922,14.886414491257511,14.246404409110696
de_train,139203,7.656119808011454e+16,fame,76561197989423000,ak47,-586.4776000976562,-497.8358154296875,-30.581787109375,-785.6175537109375,-568.878662109375,-87.8067626953125,True,1053696,-6.9303,1.1516,219.039962153632,0.7662117514169504,-14.120202739840561
de_train,144607,7.656119808011454e+16,fame,76561198294381000,ak47,-1323.6817626953125,-385.1569213867188,-132.140625,-622.8826293945312,-363.8662109375,-213.46875,True,-30.4201,0.3958,2673943.0,705.823620674864,14.799065094016353,14.032853342599402
de_train,146120,7.656119808011454e+16,fame,76561197989423000,ak47,-1167.6749267578125,-514.9122314453125,-88.09375,-1143.897216796875,-1090.033203125,-101.96875,True,48.8239,8.0300,1734629.0,575.7794952772931,14.36630469213655,-0.43276040187980236
de_train,147582,7.656119808011454e+16,fame,76561198262460200,ak47,-445.70947265625,-166.63507080078125,-215.96875,47.14032745361328,-246.83831787109372,-215.96875,False,-152.7690,-6.5022,0.08,499.3330414752801,0.07696104113612832,-14.289343651000422
de_dust2,150620,7.656119808011454e+16,fame,76561197989423000,ak47,8.90513801574707,1400.6944580078125,-0.29180908203125,389.2623291015625,1543.333251953125,2.42334508895874,False,55.7175,-4.2860,0.6397,406.23243397227293,0.4945132982736857,0.41755225713755734
de_dust2,159666,7.656119808011454e+16,fame,76561198160709500,ak47,-1412.7099609375,2218.56884765625,0.0312485694885253,-796.8370971679688,2101.223876953125,-104.84576416015624,True,89.7511,1038903,1.0762,635.6637588191535,0.730539299777008,0.23602600150332237
de_ancient,160199,7.656119808011454e+16,fame,76561198262460200,ak47,1375.765625,-457.714111328125,53.090782165527344,1020.8826904296876,-198.4007568359375,123.50553131103516,True,-33.2748,-0.3265,1923428.0,445.1331822774531,14.46962008861384,13.739080788836832
de_ancient,160402,7.656119808011454e+16,fame,76561197989423000,ak47,1273.73583984375,-189.3824462890625,118.28947448730467,680.8610229492188,6.634756088256836,134.03125,True,37.3590,404384,0.0,624.6367709572077,0.0,-14.46962008861384
de_dust2,161384,7.656119808011454e+16,fame,76561197973757800,ak47,-1403.1282958984375,2117.372802734375,2.195272445678711,-2045.1158447265625,1854.478759765625,8.750094413757324,False,-88.6521,555170,0.0433,693.7609504503928,0.04238876649178662,0.04238876649178662
de_dust2,26214,7.656119808773104e+16,Ghost Cat,76561198828762300,ak47,-1087.8203125,1364.193603515625,-112.19134521484376,-614.8853149414062,1438.422119140625,-114.12615966796876,True,-125.9085,3.0302,0.9568,478.728657962531,0.6713104859507709,0.0
de_dust2,37041,7.656119808773104e+16,Ghost Cat,76561198828762300,ak47,-241.007080078125,397.50927734375,-2.5169677734375,-435.8511962890625,1453.8717041015625,-126.4190673828125,True,142.5277,-1.6720,437653.0,1081.3036283002511,12.98918392284234,12.317873436891569
de_dust2,58092,7.656119808773104e+16,Ghost Cat,76561198380883900,usp_silencer,-2006.3533935546875,1476.105224609375,32.30018997192383,-1648.146484375,948.1470336914062,31.03477668762207,True,-73.5518,0.5699,0.3393,638.007556704636,0.2921470894109394,-12.697036833431401
de_dust2,58561,7.656119808773104e+16,Ghost Cat,76561198828762300,usp_silencer,-1991.47265625,1317.4755859375,29.62167358398437,-1342.3687744140625,1084.719970703125,36.46825408935547,True,-72.4377,19025,2081519.0,689.6070631179989,14.548608954026447,14.256461864615508
de_dust2,76668,7.656119808773104e+16,Ghost Cat,76561199261576700,mp9,1182.32421875,2637.656005859375,96.5352783203125,1756.33154296875,2045.7891845703125,3.233074188232422,True,12.0280,2570579,0.5433,829.756617144746,0.43392298092464876,-14.114685973101798
de_dust2,76755,7.656119808773104e+16,Ghost Cat,76561197990926400,mp9,1159.98828125,2622.0419921875,96.5620574951172,1450.5447998046875,2453.601806640625,37.51696014404297,True,-143.1251,-0.3574,0.7507,341.0007479506225,0.5600157079567496,0.12609272703210084
de_dust2,80220,7.656119808773104e+16,Ghost Cat,76561198380883900,famas,-111.4188232421875,1422.9459228515625,-0.4229736328125,-303.63983154296875,1404.4014892578125,-27.91143798828125,True,-164.4993,0.9235,0.2015,195.06006183251324,0.18357077619438655,-0.37644493176236304
de_dust2,80260,7.656119808773104e+16,Ghost Cat,76561198334928100,famas,-145.8499755859375,1466.2911376953125,0.0210447311401367,-311.6861572265625,1378.1524658203125,-27.95294189453125,True,-160.8072,-0.5345,0.8118,189.87524469704977,0.5943208262530504,0.41075005005866383
de_dust2,86516,7.656119808773104e+16,Ghost Cat,76561198828762300,usp_silencer,-2157.966796875,2003.5548095703125,4.329225063323975,-2157.856201171875,1943.3140869140625,4.246395111083984,False,57.9072,-3.7402,97522.0,60.24088112202352,11.487843526602411,10.893522700349362
de_dust2,86549,7.656119808773104e+16,Ghost Cat,76561198380883900,usp_silencer,-2117.541015625,2029.7171630859373,3.075749397277832,-2157.95849609375,1814.8206787109373,4.080508708953857,False,-7.4120,2303525,0.3641,218.66659842200593,0.3104948705169375,-11.177348656085474
de_dust2,97984,7.656119808773104e+16,Ghost Cat,76561199261576700,mp9,1312.3922119140625,736.6143188476562,-12.72857666015625,949.637451171875,782.0043334960938,9.031248092651367,True,98.7125,-4.7962,0.4055,366.2304736694913,0.34039311136444955,0.029898240847512025
de_dust2,110683,7.656119808773104e+16,Ghost Cat,76561198334928100,ak47,386.2259521484375,-307.1007080078125,7.771339893341064,-87.02386474609375,-564.094970703125,1.9470534324646,False,38.5064,465745,0.9235,538.5585971477876,0.6541464432102128,0.3137533318457632
de_dust2,115904,7.656119808773104e+16,Ghost Cat,76561198828762300,m4a1_silencer,-346.7371826171875,2213.199951171875,-124.34765625,-430.831298828125,1521.0074462890625,-125.9024658203125,False,158.6014,3.1239,2083345.0,697.2838027876749,14.549485813025992,13.89533936981578
de_dust2,116296,7.656119808773104e+16,Ghost Cat,76561199261576700,m4a1_silencer,-427.9114990234375,2111.6142578125,-128.416015625,-416.52484130859375,784.02685546875,-3.3365478515625,False,-76.6928,-2.1362,0.1665,1333.5152192960632,0.1540078124793476,-14.395478000546644
de_dust2,120640,7.656119808773104e+16,Ghost Cat,76561198828762300,ak47,1451.52978515625,2655.93017578125,86.0792465209961,381.1747131347656,2533.472412109375,95.91004943847656,True,-173.0972,0.4947,1.1631,1077.3822574980693,0.7715423779873188,0.6175345655079713
de_inferno,4203,7.656119808828058e+16,Lucasz Feltiono,76561198190202200,hkp2000,329.89752197265625,1919.8333740234373,137.03125,85.64347839355469,722.8521118164062,80.23753356933594,True,176.6530,2726993,1.1337,1222.9675817884486,0.7578575619287009,0.0
de_inferno,7897,7.656119808828058e+16,Lucasz Feltiono,76561198097081700,nova,1235.2960205078125,-590.8956909179688,139.32275390625,1049.17333984375,-631.051513671875,111.4030532836914,True,70.2881,-2.8314,0.1624,192.44129505247312,0.15048683327393608,-0.6073707286547648
de_inferno,8137,7.656119808828058e+16,Lucasz Feltiono,76561198091216600,nova,851.5455322265625,-648.51708984375,89.03125,938.864013671875,43.96855163574219,121.8206787109375,True,73.9184,-2.3957,0.0,698.7388836270447,0.0,-0.15048683327393608
de_inferno,14703,7.656119808828058e+16,Lucasz Feltiono,76561198103716700,m4a1_silencer,1893.8616943359373,2720.545654296875,124.03184509277344,1284.0677490234375,2731.1064453125,124.03174591064452,True,-20.1472,-3.7752,1582598.0,609.8853876317004,14.274578990285427,14.274578990285427
de_inferno,42344,7.656119808828058e+16,Lucasz Feltiono,76561199130088600,ak47,-55.7412109375,-492.093505859375,192.03125,-392.32464599609375,-341.6151123046875,192.03125,False,-106.2361,2443141,0.607,368.68978244947607,0.47436908675537554,-13.800209903530051
de_inferno,45264,7.656119808828058e+16,Lucasz Feltiono,76561198190202200,awp,1412.7554931640625,466.1168823242188,120.2030792236328,-569.9686889648438,877.206298828125,26.031253814697266,True,114.4576,-1.0121,0.9258,2027.0811585777992,0.6553414658240465,0.18097237906867097
de_inferno,54632,7.656119808828058e+16,Lucasz Feltiono,76561199130088600,m4a1_silencer,578.031982421875,2538.967529296875,254.6385955810547,440.15625,3148.531005859375,162.38536071777344,False,-10.4061,-3.3862,1.0883,631.7341283266004,0.7363503378605935,0.08100887203654694
de_inferno,64565,7.656119808828058e+16,Lucasz Feltiono,76561198091216600,ak47,894.9112548828125,-628.1723022460938,89.03125,334.5495300292969,-630.0965576171875,96.03125,True,-112.0351,127562,23377.0,560.4087485394391,10.059550688167716,9.323200350307124
de_inferno,77637,7.656119808828058e+16,Lucasz Feltiono,76561198091216600,nova,1228.4434814453125,-312.9771728515625,260.03125,1496.6556396484375,-287.090576171875,256.03125,True,-156.8250,2.1561,2413584.0,269.4881772835962,14.696623752024779,4.637073063857063
de_inferno,103083,7.656119808828058e+16,Lucasz Feltiono,76561198097081700,tec9,1365.5604248046875,318.8374328613281,128.03125,1465.8538818359375,1185.4239501953125,177.11805725097656,True,168.3566,-13.3515,0.2531,873.7508135586586,0.22562048118910227,-14.471003270835677
de_inferno,116052,7.656119808828058e+16,Lucasz Feltiono,76561199130088600,ak47,1409.9521484375,1029.4071044921875,162.8484344482422,2322.3701171875,1024.742919921875,160.6072235107422,True,-27.9578,0.5061,0.0568,912.432642632895,0.055245474225978516,-0.17037500696312374
de_inferno,116718,7.656119808828058e+16,Lucasz Feltiono,76561198103716700,ak47,1875.6336669921875,1220.2073974609375,169.53125,2608.620361328125,1108.5474853515625,159.29742431640625,True,101.3506,-0.6324,0.698,741.5134261993646,0.5294510878891555,0.474205613663177
de_inferno,120799,7.656119808828058e+16,Lucasz Feltiono,76561198091216600,ak47,1632.1695556640625,-347.820068359375,256.03125,1902.43212890625,-261.4115600585937,260.03125,True,1.0155,185666,0.6124,283.7680193437149,0.4777237522608737,-0.0517273356282818
de_inferno,122543,7.656119808828058e+16,Lucasz Feltiono,76561198103716700,ak47,2395.368896484375,-359.4283447265625,89.65765380859375,2383.73388671875,723.1114501953125,171.43885803222656,True,-50.5134,1169993,0.8499,1085.6868546712763,0.6151315835752064,0.13740783131433265
de_inferno,123242,7.656119808828058e+16,,76561199130088600,ak47,2460.918701171875,-214.6229248046875,102.03125,1876.07373046875,-198.75726318359372,260.03125,True,-19.3318,-0.0481,1149420.0,606.0192727755564,13.954768895290826,13.33963731171562
de_ancient,2562,7.656119808850269e+16,ZIILA,76561199009079800,glock,412.7248840332031,-835.868896484375,135.0360107421875,-356.26220703125,-737.716064453125,115.03125,True,-53.1014,521384,0.8117,775.4839231807946,0.5942656309998281,0.0
de_ancient,11423,7.656119808850269e+16,ZIILA,76561198868387200,ak47,-851.2338256835938,-839.64599609375,36.42070007324219,-246.7376708984375,-252.5634765625,134.125,False,-81.1028,1239422,0.8878,848.3086797347873,0.6354121299087071,0.041146498908879
de_ancient,32818,7.656119808850269e+16,ZIILA,76561199009079800,ak47,1344.606689453125,-452.0091552734375,53.26234436035156,746.1091918945312,456.2496337890625,129.69203186035156,True,-101.5271,-1.4076,1.1757,1090.4012012211494,0.7773504518420197,0.14193832193331257
de_ancient,33438,7.656119808850269e+16,ZIILA,76561199132215200,ak47,355.9054870605469,818.6871337890625,108.00452423095705,-128.2933349609375,776.3963623046875,78.8927993774414,False,-114.0810,200521,0.0099,486.9132377782345,0.009851316050374183,-0.7674991357916455
de_ancient,33842,7.656119808850269e+16,ZIILA,76561198862785500,ak47,-471.58197021484375,413.05413818359375,160.43313598632812,-718.0570068359375,-813.0347900390625,32.33429336547852,True,47.7504,1945131,1848554.0,1257.1608159135221,14.429914810770663,14.420063494720289
de_ancient,36729,7.656119808850269e+16,ZIILA,76561198868387200,ak47,-250.7821044921875,-851.8283081054688,164.03125,-397.3639526367188,-598.6400756835938,33.3777961730957,True,-110.9664,1680118,0.6243,320.4073099030027,0.485076953743213,-13.94483785702745
de_inferno,13630,7.656119809121662e+16,Riisgaard,76561199221645100,ak47,673.2918090820312,2628.204833984375,143.92593383789062,1016.9898071289062,2648.03125,245.8701019287109,True,85.1591,-0.1147,2.0418,359.04597761454414,1.1124494454561313,0.0
de_inferno,18871,7.656119809121662e+16,Riisgaard,76561199221645100,ak47,330.4965515136719,1895.782958984375,137.03125,457.0201110839844,1833.5906982421875,136.03121948242188,False,135.2335,357422,3.0102,140.98612869216154,1.3888411153864666,0.27639166993033526
de_inferno,19060,7.656119809121662e+16,Riisgaard,76561198844569300,ak47,518.2164306640625,2113.737548828125,140.1398162841797,808.0547485351562,1890.4049072265625,136.03126525878906,True,41.6986,267511,0.3264,365.92430843359585,0.2824685053988935,-1.106372609987573
de_inferno,40018,7.656119809121662e+16,Riisgaard,76561198304850100,glock,957.6099243164062,-122.15643310546876,256.53179931640625,820.2164306640625,366.7959899902344,94.82582092285156,True,-135.9908,2755146,0.2619,533.0105698739687,0.2326185216767279,-0.04984998372216562
de_inferno,51855,7.656119809121662e+16,Riisgaard,76561199221645100,mac10,651.0755004882812,2100.551025390625,139.09413146972656,806.577392578125,2299.019287109375,136.03147888183594,True,168.1784,2574628,0.3472,252.15048918068308,0.29802836450592524,0.06540984282919735
de_inferno,53125,7.656119809121662e+16,Riisgaard,76561198304850100,mac10,1332.7877197265625,3174.0966796875,140.223876953125,1149.19091796875,2980.24267578125,128.03152465820312,False,-15.7067,-2.6350,0.0381,267.2747909935866,0.03739211921706267,-0.2606362452888626
de_inferno,63141,7.656119809121662e+16,Riisgaard,76561198844569300,glock,876.357177734375,709.3484497070312,96.03125,896.142578125,207.45187377929688,164.1754913330078,False,-70.2287,2269619,0.3371,506.8878304156183,0.2905030896384828,0.25311097042142017
de_inferno,63603,7.656119809121662e+16,Riisgaard,76561198304850100,awp,941.63427734375,329.8673095703125,96.76457214355467,680.15283203125,477.259521484375,100.3823471069336,False,-112.1364,780191,0.8273,300.18344170076983,0.6028394675284116,0.31233637788992874
de_inferno,72228,7.656119809121662e+16,Riisgaard,76561199221645100,hkp2000,1886.6966552734373,-316.87939453125,261.03125,1648.8565673828125,-328.7352294921875,256.03125,True,179.6536,1973407,357.009,238.18788430657236,5.880558125749508,5.277718658221096
de_inferno,103687,7.656119809121662e+16,Riisgaard,76561199221645100,mp9,1869.3846435546875,-219.179443359375,261.03125,1822.9736328125,-349.01763916015625,261.03125,False,-157.1419,1872659,550116.0,137.88378804962335,13.217886261858142,7.337328136108634
de_inferno,108166,7.656119809121662e+16,Riisgaard,76561198088280500,mp9,503.43170166015625,509.6826477050781,87.78427124023438,61.78388977050781,717.4692993164062,80.03125,False,125.1906,118887,1644171.0,488.1477150137172,14.312747471996717,1.0948612101385748
de_mirage,7167,7.65611980918044e+16,спокойно,76561198180825500,glock,-436.443115234375,-637.724609375,-273.937744140625,-1173.9344482421875,-531.315673828125,-167.96875,True,131.7807,-2.8842,1.155,752.6259067724383,0.7677907235557111,0.0
de_mirage,12999,7.65611980918044e+16,спокойно,76561198190202200,deagle,-23.885498046875,-1421.035400390625,-167.96875,-182.97576904296875,-2208.168212890625,-167.96875,False,-55.0364,2330309,1.1413,803.0490513286039,0.761413121230034,-0.006377602325677079
de_mirage,27360,7.65611980918044e+16,спокойно,76561198435318800,ak47,-1065.5802001953125,-782.1182250976562,-263.96875,-886.446533203125,-318.8447265625,-166.11114501953125,True,-171.5326,-1.2343,457682.0,506.24827500702145,13.03393208371904,12.272518962489007
de_mirage,33998,7.65611980918044e+16,спокойно,76561198435318800,ak47,-374.8153076171875,-1788.3172607421875,-168.32183837890625,-608.6654052734375,-1606.239501953125,-167.96875,False,-24.9307,0.3828,2273668.0,296.3752740882562,14.636905384210706,1.6029733004916658
de_mirage,34074,7.65611980918044e+16,спокойно,76561198190202200,ak47,-341.4837646484375,-1860.1802978515625,-168.552978515625,-601.8079223632812,-2403.4833984375,-167.96875,False,165.2660,0.9019,0.0,602.4510498946737,0.0,-14.636905384210706
de_mirage,40911,7.65611980918044e+16,спокойно,76561198190202200,ak47,63.22379302978516,-1418.0340576171875,-175.8909912109375,26.53768348693848,-1972.787109375,-39.96875,True,-11.7753,-8.4482,0.1046,572.3387761840012,0.09948327848495012,0.09948327848495012
de_mirage,68172,7.65611980918044e+16,спокойно,76561199181204500,ak47,-472.110595703125,-1563.3670654296875,-39.96875,-800.6941528320312,-1417.7135009765625,-167.96875,True,-161.1612,1953685,1121662.0,381.531276376375,13.93032296344249,13.83083968495754
de_mirage,73717,7.65611980918044e+16,спокойно,76561198330759100,ak47,-358.763916015625,-1721.1934814453125,-167.96875,-871.7683715820312,-1494.4300537109375,-167.96875,False,39.3060,-12.4901,57711.0,560.8878886095046,10.96322040314332,-2.967102560299171
de_mirage,74279,7.65611980918044e+16,спокойно,76561199181204500,ak47,-698.38818359375,-1872.2322998046875,-179.96875,-583.741943359375,-540.0930786132812,-270.8900146484375,True,-126.4859,-4.0138,0.1426,1340.151238256935,0.1333063673082251,-10.829914035835094
de_mirage,74566,7.65611980918044e+16,спокойно,76561198180825500,ak47,-739.5020751953125,-1755.7164306640625,-179.96875,-594.4636840820312,-1208.2237548828125,-167.96875,True,1983359,1356998,0.2111,566.505397088891,0.19152903754486778,0.05822267023664268
de_mirage,87050,7.65611980918044e+16,спокойно,76561198190202200,usp_silencer,-911.5221557617188,-148.5184326171875,-167.96795654296875,-623.012939453125,-416.606689453125,-168.04315185546875,True,73.8501,2161507,1.027,393.8386560543106,0.7065568674698629,0.5150278299249951
de_mirage,105099,7.65611980918044e+16,спокойно,76561198330759100,m4a1_silencer,-185.42694091796875,-2185.85498046875,-167.96875,-142.41064453125,-1418.0406494140625,-72.17535400390625,True,96.4171,2287151,2219612.0,774.9616915978826,14.612843414327887,13.906286546858025
de_mirage,114502,7.65611980918044e+16,спокойно,76561199181204500,deagle,-650.1417846679688,-1051.7200927734375,-206.10498046875,-651.708984375,-452.17919921875,-167.75152587890625,True,79.5891,-1.9617,1.117,600.7684467731724,0.7499999921527281,-13.862843422175159
de_mirage,114616,7.65611980918044e+16,спокойно,76561198180825500,deagle,-637.09619140625,-1089.4962158203125,-187.2169189453125,-895.2915649414062,-100.4105224609375,-167.98956298828125,True,179.2903,29.2720,358.7948,1022.4113902633582,5.885533868938398,5.13553387678567
de_mirage,142526,7.65611980918044e+16,спокойно,76561199181204500,m4a1_silencer,-662.1012573242188,-874.4848022460938,-246.72265625,-944.990234375,-545.2103271484375,-263.96875,False,91.4523,-3.4319,1562145.0,434.44824897484426,14.261571074924099,8.3760372059857
de_mirage,142996,7.65611980918044e+16,спокойно,76561198190202200,usp_silencer,-832.9812622070312,-605.8731079101562,-261.94677734375,-1044.0274658203125,-495.4342041015625,-288.2479248046875,True,105.4004,-1.7159,0.3962,239.64348914957895,0.33375426055416396,-13.927816814369935
de_mirage,143186,7.65611980918044e+16,спокойно,76561198435318800,ak47,-969.5054321289062,-434.442138671875,-318.7440185546875,-968.3456420898438,-249.733154296875,-363.96875,False,79.1651,716973,1496432.0,190.16842628596194,14.21859483413999,13.884840573585826
de_mirage,147103,7.65611980918044e+16,спокойно,76561199181204500,m4a1_silencer,-736.272216796875,-1881.6650390625,-179.96875,322.02569580078125,-1540.486572265625,-175.96875,True,173.2963,-9.8891,0.2175,1111.941193595427,0.1967995759746078,-14.021795258165383
de_mirage,33168,7.656119809184851e+16,Pigaz,76561199130088600,xm1014,158.660400390625,-1717.9677734375,-167.96875,28.012439727783203,-1422.91064453125,-172.369873046875,True,-115.5494,-0.4182,0.6129,322.7180949804839,0.4780338009409998,0.0
de_mirage,33458,7.656119809184851e+16,Pigaz,76561198342649200,xm1014,-90.629150390625,-1809.8507080078125,-167.96875,175.93357849121094,-1587.6539306640625,-172.4031982421875,True,-22.4451,1926322,0.7204,347.0544058531628,0.5425568219274441,0.06452302098644436
de_mirage,48422,7.656119809184851e+16,Pigaz,76561198342649200,famas,311.48468017578125,-473.2647705078125,-163.33819580078125,372.9805603027344,326.2165832519531,-258.9378662109375,True,-172.5712,-3.5160,0.7699,807.5218110148273,0.570923047814571,0.028366225887126895
de_mirage,50703,7.656119809184851e+16,Pigaz,76561198190202200,awp,16.775188446044922,-2223.326171875,-39.96875,232.8088531494141,-2300.09765625,-39.96875,True,-79.1603,-2.4321,1938344.0,229.26928511754164,14.477345074165273,13.906422026350702
de_mirage,55493,7.656119809184851e+16,Pigaz,76561198342649200,awp,-2610.387939453125,338.229248046875,-167.72210693359375,-885.3883666992188,132.1859130859375,-171.82958984375,True,-106.9183,-4.7581,0.3138,1737.2663161699882,0.2729237014762355,-14.204421372689037
de_mirage,57732,7.656119809184851e+16,Pigaz,76561199130088600,awp,-1096.2166748046875,-568.1818237304688,-134.96875,-711.121337890625,-304.87115478515625,-159.96875,True,84.2205,2017814,0.8186,467.17868839811524,0.5980669743096754,0.32514327283343986
de_mirage,76568,7.656119809184851e+16,Pigaz,76561198342649200,ak47,-974.7611694335938,-1463.8095703125,-166.98468017578125,-1212.066162109375,-1278.424072265625,-167.96875,True,86.0837,1246606,0.5997,301.1352035686951,0.469816111665413,-0.1282508626442624
de_mirage,76717,7.656119809184851e+16,Pigaz,76561198208554100,ak47,-918.9574584960938,-1456.5565185546875,-167.96875,110.48163604736328,-2002.3109130859373,-167.96875,False,144.5021,2221193,0.4228,1165.1578041298199,0.35262676109216307,-0.11718935057324992
de_mirage,80667,7.656119809184851e+16,Pigaz,76561199130088600,ak47,51.72890853881836,-410.017822265625,-183.354248046875,-726.925048828125,-338.9639892578125,-162.654541015625,True,89.3521,13.3401,0.2469,782.1630970452923,0.22066047102040345,-0.1319662900717596
de_mirage,80761,7.656119809184851e+16,Pigaz,76561199012454700,ak47,-65.99591064453125,-420.4300537109375,-165.96875,-641.06103515625,-786.1622924804688,-263.96875,True,152.3800,1410294,2551618.0,688.5230336779242,14.752238617630413,14.53157814661001
de_mirage,81473,7.656119809184851e+16,Pigaz,76561198208554100,ak47,-612.5161743164062,-375.5617065429688,-167.74591064453125,-731.6351318359375,-1357.5518798828125,-167.96875,True,147.8698,2.0459,2478204.0,989.1885948765961,14.723045065755908,-0.029193551874504564
de_mirage,111462,7.656119809184851e+16,Pigaz,76561198190202200,ssg08,-617.1952514648438,-1235.97216796875,-167.96875,-481.47113037109375,-2213.54443359375,-177.76336669921875,True,-147.8719,1793190,0.4258,986.9977234432464,0.3547330597013911,-14.368312006054516
de_mirage,117536,7.656119809184851e+16,Pigaz,76561198208554100,ssg08,659.38232421875,-1406.3427734375,-263.63690185546875,567.47265625,-1692.4295654296875,-263.047607421875,False,41.7068,0.2376,0.0,300.4885802928898,0.0,-0.3547330597013911
de_mirage,119379,7.656119809184851e+16,Pigaz,76561198190202200,ssg08,80.005126953125,-1568.59814453125,-174.30877685546875,-739.4024658203125,-1702.3553466796875,-175.80413818359375,True,135.4868,2022835,0.4146,830.2541950070708,0.3468468056197525,0.3468468056197525
de_ancient,3276,7.656119809410291e+16,RJ,76561198956036500,usp_silencer,-1060.1739501953125,1156.7401123046875,68.03125,-1403.38916015625,156.3944549560547,87.3945541381836,True,-49.2036,16.4761,2.134,1057.7632306295895,1.142310143933829,0.0
de_ancient,44110,7.656119809410291e+16,RJ,76561198892511800,usp_silencer,1094.6363525390625,289.59649658203125,123.7148666381836,1276.247314453125,-598.1975708007812,29.03125,True,-131.6220,29.0468,1259875.0,911.1124161304989,14.046523861386401,12.904213717452572
de_ancient,56906,7.656119809410291e+16,RJ,76561197996053800,m4a1_silencer,-1767.593505859375,1185.05517578125,55.01957702636719,-1990.379638671875,289.5408630371094,88.03125,True,674939,73993,0.6384,923.400950755238,0.49372015586305157,-13.552803705523349
de_ancient,57625,7.656119809410291e+16,RJ,76561198892511800,m4a1_silencer,-411.046142578125,1266.9818115234375,36.713645935058594,-1094.058349609375,1016.61083984375,68.03125,True,179.7288,2015956,359.1211,728.1291717393957,5.886440363772987,5.392720207909935
de_ancient,57689,7.656119809410291e+16,RJ,76561198154343500,m4a1_silencer,-421.839111328125,1286.1317138671875,31.31930923461914,-1472.3572998046875,809.4321899414062,54.03125381469727,True,139.0327,16.4452,969721.0,1153.8399944783305,13.784764711464383,7.898324347691396
de_ancient,61577,7.656119809410291e+16,RJ,76561197996053800,m4a1_silencer,-221.33172607421875,-221.438232421875,68.03119659423828,-1196.099365234375,-964.7193603515624,37.15779876708984,True,73.5823,2245910,0.0275,1226.2104029014297,0.02712866738825262,-13.757636044076131
de_ancient,61638,7.656119809410291e+16,RJ,76561198154343500,m4a1_silencer,-221.12127685546875,-221.7567138671875,68.03119659423828,-980.49072265625,-855.9228515625,35.66447067260742,True,-119.5903,137393,1196933.0,989.8768864672322,13.995273845175351,13.968145177787099
de_ancient,62125,7.656119809410291e+16,RJ,76561198892511800,m4a1_silencer,-439.4568481445313,-489.0930786132813,38.41493988037109,-1153.96435546875,-899.1777954101562,35.35295486450195,True,-78.5004,1537124,832390.0,823.8324032989228,13.632057561333603,-0.36321628384174787
de_ancient,74378,7.656119809410291e+16,RJ,76561198956036500,elite,-1374.7197265625,150.56121826171875,87.03125,-1167.469970703125,-258.107666015625,103.03125,True,-171.6940,-1.6081,2.0738,458.4961485991562,1.1229145811910746,-12.509142980142528
de_ancient,74873,7.656119809410291e+16,RJ,76561198154343500,elite,-1546.448486328125,-328.911376953125,104.0125732421875,-876.7386474609375,-150.1683349609375,84.161865234375,True,37.3319,8.0389,0.0309,693.4366546012308,0.030432207120201983,-1.0924823740708727
de_ancient,78513,7.656119809410291e+16,RJ,76561199238348800,mac10,1048.2945556640625,189.6753845214844,134.03125,619.8689575195312,198.5301971435547,135.7703094482422,False,-160.7108,-2.3569,0.6949,428.5206239842324,0.5276237420418716,0.49719153492166956
de_ancient,78899,7.656119809410291e+16,RJ,76561197996053800,mac10,1279.744140625,407.0111083984375,124.70609283447266,824.0899047851562,-34.58251953125,130.90110778808594,True,51.1822,-0.8353,0.326,634.5581873060742,0.28216689176367077,-0.2454568502782008
de_ancient,104333,7.656119809410291e+16,RJ,76561198892511800,mp5sd,-1199.08642578125,-854.8773803710938,39.55077362060547,-741.5772705078125,-669.2130737304688,32.19472122192383,True,50.9268,-5.4647,0.5346,493.8015526770349,0.4282697607614278,0.14610286899775704
de_ancient,110215,7.656119809410291e+16,RJ,76561198892511800,ak47,912.9624633789062,-1350.2041015625,7.672863006591797,1228.5714111328125,-619.1668090820312,29.03125,False,-9.9584,2415382,0.6246,796.5429753594357,0.4852616316347165,0.056991870873288664
de_ancient,111007,7.656119809410291e+16,RJ,76561198154343500,ak47,1093.7996826171875,-957.4459838867188,3.528249740600586,1024.1749267578125,-681.862060546875,16.893171310424805,True,75.2594,2546870,0.2214,284.5570708318913,0.19999774180689733,-0.28526388982781914
de_inferno,7737,7.65611980970818e+16,TriTriTriviriviri,76561198304850100,deagle,901.2670288085938,-559.0936889648438,89.03125,937.2193603515624,-5.79681396484375,123.19122314453124,False,-124.8692,1607524,465472.0,555.5149915109189,13.05080937186884,0.0
de_inferno,11732,7.65611980970818e+16,TriTriTriviriviri,76561198844569300,ak47,152.46568298339844,1627.378662109375,110.77642822265624,830.4486694335938,2231.85302734375,136.03126525878906,True,-110.4493,489093,0.0529,908.6737560506234,0.05154826188057661,-12.999261109988264
de_dust2,16123,7.65611980970818e+16,TriTriTriviriviri,76561197966870100,deagle,-619.1859741210938,1371.772705078125,-111.6788330078125,-385.739013671875,1526.54052734375,-126.3209228515625,True,102.6768,0.2376,234488.0,280.47273120005025,12.365163957452676,12.3136156955721
de_dust2,20624,7.65611980970818e+16,TriTriTriviriviri,76561199129950300,ak47,-518.4246826171875,260.7377624511719,3.666141986846924,-442.877197265625,1512.4044189453125,-125.7293701171875,True,85.7040,0.0439,0.6345,1260.6030461944913,0.4913369471821282,-11.873827010270547
de_inferno,27727,7.65611980970818e+16,TriTriTriviriviri,76561198304850100,ak47,627.822998046875,2018.3275146484373,136.03125,909.2745361328124,2669.005615234375,140.0843048095703,True,13.8991,1.0495,0.7941,708.9523158339726,0.5845035034432017,0.09316655626107345
de_inferno,32995,7.65611980970818e+16,TriTriTriviriviri,76561199221645100,hegrenade,91.66259765625,1405.591064453125,102.8303680419922,844.422119140625,2304.35498046875,140.0843048095703,True,-43.1848,1207494,0.2892,1172.9498410937313,0.2540218709591457,-0.330481632484056
de_inferno,35037,7.65611980970818e+16,TriTriTriviriviri,76561198304850100,ak47,658.0715942382812,2455.158447265625,146.1465301513672,413.0343627929688,3347.1728515625,164.45941162109375,True,56.6421,1766680,0.2998,925.2395926975978,0.26221040647811145,0.008188535518965756
de_inferno,46094,7.65611980970818e+16,TriTriTriviriviri,76561198088280500,ak47,-301.1551513671875,872.9326782226562,9.894006729125977,1480.3514404296875,375.3410339355469,128.03125,True,155.8974,2890378,0.1041,1853.4615154698272,0.09903052346295427,-0.16317988301515718
de_inferno,46214,7.65611980970818e+16,TriTriTriviriviri,76561198844569300,ak47,-372.69049072265625,813.4489135742188,-5.99151611328125,128.522216796875,895.8822021484375,80.03125,True,-72.9286,-12.3390,2.0264,515.1789412757473,1.1073737943366826,1.0083432708737283
de_dust2,46940,7.65611980970818e+16,TriTriTriviriviri,76561197985457300,ak47,-997.4083251953124,1383.8441162109375,-112.27294921875,36.93524169921875,1414.8743896484375,-0.36328125,True,164.7383,-6.9664,0.6524,1040.8425750470547,0.5022287765404724,-0.6051450177962102
de_dust2,56874,7.65611980970818e+16,TriTriTriviriviri,76561197985457300,ak47,353.3611145019531,2363.46875,95.71388244628906,1157.9549560546875,2535.86376953125,96.1109619140625,True,59.1971,0.6224,0.8313,822.8556679611987,0.6050260971647659,0.10279732062429348
de_dust2,65301,7.65611980970818e+16,TriTriTriviriviri,76561199092589700,ak47,-1354.6004638671875,2683.49560546875,130.03125,-1451.114501953125,1892.7186279296875,3.573680877685547,True,-90.5239,0.9060,1.0975,806.6193058325555,0.7407461593592242,0.1357200621944583
de_dust2,76878,7.65611980970818e+16,TriTriTriviriviri,76561197985457300,ak47,522.5488891601562,881.8722534179688,2.1372175216674805,736.3872680664062,1070.97021484375,0.5016369819641113,False,-76.6413,-2.0555,0.4963,285.46027119783423,0.4029953942072367,-0.3377507651519875
de_inferno,78630,7.65611980970818e+16,TriTriTriviriviri,76561198304850100,mp9,1785.0238037109375,1241.1436767578125,169.53125,2329.147216796875,1031.2122802734375,161.35342407226562,True,-43.7877,2.1780,0.0728,583.2738265472522,0.07027205298533172,-0.33272334122190494
de_inferno,80524,7.65611980970818e+16,TriTriTriviriviri,76561198208536200,mp9,2522.259765625,1471.2591552734375,158.55023193359375,2482.035888671875,1200.9344482421875,160.03125,True,107.5421,-4.4230,1.1398,273.304959565655,0.7607123667223691,0.6904403137370374
de_dust2,83754,7.65611980970818e+16,TriTriTriviriviri,76561197985457300,ak47,-517.9456787109375,1458.8692626953125,-110.96875,-156.4100341796875,662.9465942382812,2.0312538146972656,True,84.0375,5.1471,0.2117,881.4589708503222,0.19202433225533982,-0.5686880344670293
de_dust2,85241,7.65611980970818e+16,TriTriTriviriviri,76561199129950300,ak47,1066.8865966796875,2067.72802734375,0.8908290863037109,1389.119140625,2389.297607421875,25.463212966918945,False,-122.2596,0.5963,0.6248,455.8997798405541,0.4853847312840379,0.2933603990286981
de_dust2,90949,7.65611980970818e+16,TriTriTriviriviri,76561199129950300,usp_silencer,1312.8157958984375,2997.094482421875,129.03125,374.3399963378906,1887.3818359375,95.62774658203124,True,154.5838,-0.7392,0.4482,1453.7244505643969,0.37032140597258334,-0.11506332531145458
de_inferno,96319,7.65611980970818e+16,TriTriTriviriviri,76561199221645100,mp9,586.2366943359375,3421.02978515625,163.09494018554688,471.8897705078125,3204.217529296875,162.3746795654297,True,-118.8810,533287,2694062.0,245.11893450965187,14.806561020979682,14.436239615007098
de_inferno,101603,7.65611980970818e+16,TriTriTriviriviri,76561198304850100,ak47,1396.70849609375,777.760986328125,137.7286834716797,1318.146484375,587.8770141601562,125.03125,False,22.6119,413942,2877473.0,205.88622437732613,14.872423383916153,0.06586236293647119
de_dust2,107804,7.65611980970818e+16,TriTriTriviriviri,76561198128564000,mp9,-261.421142578125,450.8285827636719,-2.59686279296875,-287.3958740234375,1339.6561279296875,-122.73297119140624,True,120.2667,436984,402864.0,897.285782936865,12.90635679721489,-1.9660665867012632
de_dust2,109852,7.65611980970818e+16,TriTriTriviriviri,76561197966870100,mp9,-545.362548828125,1981.5826416015625,-118.62689208984376,-169.03094482421875,2010.06005859375,-122.26727294921876,False,-6.8139,-3.2262,0.1403,377.42508107371606,0.13129138568117568,-12.775065411533715
de_dust2,114673,7.65611980970818e+16,TriTriTriviriviri,76561197985457300,awp,-257.5540771484375,1516.9700927734375,32.27098846435547,-408.7149658203125,-35.8116455078125,-0.177734375,True,-3.3828,4.0577,0.8198,1560.4594389530657,0.5987266049404534,0.46743521925927767
de_inferno,114904,7.65611980970818e+16,TriTriTriviriviri,76561199221645100,mp9,2260.019287109375,248.30841064453125,129.91708374023438,1853.64794921875,-334.6158447265625,261.03125,True,-65.3992,2523218,0.2994,722.5851343287891,0.26190261946429355,-0.3368239854761598
de_inferno,115481,7.65611980970818e+16,TriTriTriviriviri,76561198208536200,mp9,2110.669189453125,332.9860534667969,160.03125,1736.074951171875,-25.197265625,132.03125,True,154.2676,1908879,0.8727,519.0376994295558,0.6273812397843257,0.36547862032003214
de_inferno,14378,7.656119810371672e+16,Adrix,76561198208536200,ak47,819.2188720703125,2629.326416015625,136.03147888183594,1308.2938232421875,2766.09814453125,124.03176879882812,True,-168.3569,717582,586216.0,507.98110853357525,13.281445307179608,0.0
de_inferno,28186,7.656119810371672e+16,Adrix,76561199221645100,ak47,745.5721435546875,2849.840087890625,139.654296875,97.00927734375,3081.218994140625,160.33164978027344,True,-25.8508,12.0784,6.1552,688.9104024532958,1.9678393650985335,-11.313605942081074
de_inferno,34810,7.656119810371672e+16,Adrix,76561198844569300,ak47,388.5323486328125,2590.228515625,164.03125,486.8518981933594,3278.9755859375,167.03125,True,-124.9551,-0.1768,0.7904,695.7357693045835,0.5824390585755237,-1.3854003065230098
de_inferno,66886,7.656119810371672e+16,Adrix,76561198088280500,ssg08,-386.265625,866.8138427734375,-6.38775634765625,1384.912353515625,425.3651428222656,129.03125,True,72.8706,-2.7363,1.0899,1830.3788388056344,0.7371162179420686,0.15467715936654491
de_inferno,67305,7.656119810371672e+16,Adrix,76561198844569300,ssg08,-340.9273681640625,837.9179077148438,1.5423460006713867,1427.6385498046875,426.324462890625,129.03125,True,165.7854,48274,0.3807,1820.2988739945604,0.3225906169399696,-0.414525601002099
de_inferno,71747,7.656119810371672e+16,Adrix,76561198088280500,usp_silencer,1486.1182861328125,653.1641235351562,127.8740692138672,1112.1319580078125,475.5531311035156,107.28186798095705,True,148.9413,2.1059,0.9889,414.5304295327294,0.6875817220870637,0.3649911051470941
de_inferno,78090,7.656119810371672e+16,Adrix,76561198088280500,famas,2055.5322265625,515.5430297851562,160.03125,1994.291748046875,-143.6666259765625,262.03125,True,178.9288,2198031,2115487.0,669.8595124787782,14.564796076708303,13.87721435462124
de_inferno,85633,7.656119810371672e+16,Adrix,76561199221645100,mp9,1265.2120361328125,-96.0943603515625,256.03125,1245.9744873046875,-478.357421875,213.5747985839844,True,72.9441,0.5249,2.1204,385.0943803238712,1.137961198732021,-13.426834877976281
de_inferno,99576,7.656119810371672e+16,Adrix,76561198844569300,hegrenade,705.6112060546875,2463.804931640625,191.734375,308.4015808105469,1874.833251953125,137.03125,True,-20.4363,-0.1452,2.0455,712.4995142070424,1.1136650912944024,-0.024296107437618675
de_dust2,4184,7.656119811224477e+16,Grave,76561198357961300,glock,-1644.5816650390625,2406.4423828125,3.860404968261719,-1387.286865234375,2770.5009765625,17.577320098876953,True,54.3672,-0.5857,0.8428,446.0128108591302,0.6112861540796248,0.0
de_dust2,6629,7.656119811224477e+16,Grave,76561199172033500,ak47,605.5953369140625,637.2288818359375,1.0711569786071775,685.0064697265625,1039.70166015625,0.5583648681640625,False,77.8073,1511527,4.1298,410.2325294990446,1.6350666720679148,1.02378051798829
de_dust2,8934,7.656119811224477e+16,Grave,76561199132065900,ak47,853.1265869140625,857.9501342773438,0.2831134796142578,539.52978515625,696.5286865234375,1.3932714462280271,False,-153.1776,0.1318,2531557.0,352.70535907242277,14.744345481447041,13.109278809379127
de_dust2,18859,7.656119811224477e+16,Grave,76561199008951200,awp,-538.34521484375,2012.507080078125,-119.25787353515624,1040.27587890625,2274.172119140625,19.43152236938477,False,93382,-3.7882,0.4106,1606.1593628393143,0.34401514579194176,-14.4003303356551
de_dust2,19148,7.656119811224477e+16,Grave,76561198396270700,awp,-502.5631103515625,1893.4542236328125,-121.94683837890624,-305.1551513671875,1354.4613037109375,-68.96875,True,-70.7077,-6.3951,0.6519,576.4459626405312,0.501926140578958,0.15791099478701626
de_dust2,56733,7.656119811224477e+16,Grave,76561199132065900,ak47,-1999.7193603515625,1584.4798583984375,31.519676208496094,-1755.54296875,2854.728515625,66.03125,True,78.7740,-0.9517,0.0204,1293.9647638660842,0.02019470728551928,-0.4817314332934387
de_dust2,59333,7.656119811224477e+16,Grave,76561199132065900,ssg08,-406.666259765625,-370.4384765625,0.7988085746765137,-424.0535888671875,2354.30615234375,-106.27435302734376,True,90.3797,703855,0.2544,2726.9030554646047,0.22665737061400637,0.2064626633284871
de_dust2,63973,7.656119811224477e+16,,76561198396270700,ssg08,1165.973876953125,1076.3336181640625,-1.34112548828125,1769.7216796875,2035.1832275390625,3.532577991485596,True,57.6865,-0.3941,0.6407,1133.1053506584392,0.4951229800386997,0.26846560942469333
de_dust2,69742,7.656119811224477e+16,Grave,76561199132065900,ssg08,-423.2059326171875,-243.0045166015625,0.6859769821166992,-423.2813720703125,1040.352294921875,-61.77813720703125,True,89.8005,1658263,0.5667,1284.876055087085,0.4489714964173043,-0.04615148362139537
de_dust2,70252,7.656119811224477e+16,Grave,76561198396270700,ssg08,-591.56591796875,436.7814636230469,7.696291923522949,-41.49462890625,1474.2689208984375,-0.4349365234375,True,62.0793,1.0317,0.0662,1174.318851049702,0.0641009254065236,-0.3848705710107807
de_dust2,72967,7.656119811224477e+16,Grave,76561198357961300,m4a1_silencer,-1435.5811767578125,2509.080810546875,1.8406076431274412,-1645.9957275390625,2668.2060546875,7.633729934692383,False,140.6174,0.3289,0.0656,263.8724820233701,0.06353802080398764,-0.0005629046025359546
de_dust2,76109,7.656119811224477e+16,Grave,76561199132065900,usp_silencer,1171.281982421875,2567.3662109375,96.59442138671876,1370.54345703125,1284.689697265625,-9.83367919921875,True,-81.1948,2344583,0.131,1302.4174118090054,0.1231021971339834,0.05956417632999576
de_dust2,82093,7.656119811224477e+16,Grave,76561198357961300,mp9,-290.3746337890625,611.9374389648438,1.1722412109375,-68.5811767578125,349.5513000488281,-0.58001708984375,True,-49.9133,1146164,2062161.0,343.57225424396574,14.539265504973498,14.416163307839515
de_dust2,82587,7.656119811224477e+16,Grave,76561199008951200,hegrenade,-421.968017578125,-151.8814697265625,-0.34051513671875,-378.1051025390625,-484.3713989257813,9.031251907348633,False,-81.0146,1344884,25934.0,335.5016219814054,10.1633486867855,-4.3759168181879975
de_dust2,92534,7.656119811224477e+16,Grave,76561199172033500,m4a1_silencer,1226.3382568359375,2439.787841796875,98.1379852294922,1339.447509765625,1111.588623046875,-7.4486083984375,True,-85.0912,939527,0.0,1337.1818861098784,0.0,-10.1633486867855
de_dust2,94139,7.656119811224477e+16,Grave,76561199008951200,m4a1_silencer,1319.557861328125,1148.26611328125,1.03125,1058.206787109375,1092.9630126953125,-0.25286865234375,False,-170.7354,0.4686,0.1902,267.14128451144757,0.17412136022861466,0.17412136022861466
de_dust2,97175,7.656119811224477e+16,Grave,76561199132065900,ak47,-789.5609741210938,1432.11669921875,-112.212646484375,-1053.27587890625,1347.72509765625,-111.39068603515624,False,-164.3287,947807,812270.0,276.89017504979813,13.607589307306093,13.433467947077478
de_dust2,102165,7.656119811224477e+16,Grave,76561198396270700,mp9,-225.45123291015625,638.8540649414062,2.027932643890381,276.4059143066406,72.53933715820312,-0.380615234375,True,-48.9376,2153624,0.3853,756.6893472354603,0.3259167226816963,-13.281672584624395
de_dust2,104963,7.656119811224477e+16,Grave,76561199172033500,ak47,-1358.599609375,2681.57568359375,130.03125,-1627.5010986328125,1637.797607421875,2.3106603622436523,True,-104.5480,2099568,0.1318,1085.4000332778446,0.1238092857262864,-0.2021074369554099
de_dust2,119380,7.656119811224477e+16,Grave,76561199008951200,mp9,364.0984802246094,1411.056884765625,0.3068013191223144,-4.80859375,1400.413818359375,-0.28656005859375,False,-177.2950,1196780,1211936.0,369.061046669464,14.00773046406236,13.883921178336074
de_dust2,120781,7.656119811224477e+16,Grave,76561198396270700,ak47,-178.49066162109375,841.28857421875,1.4234981536865234,-706.8131713867188,399.4118347167969,23.55550193786621,True,-139.7804,1114447,823624.0,689.1077947820854,13.621470608216121,-0.3862598558462391
de_dust2,123816,7.656119811224477e+16,Grave,76561198357961300,awp,-1367.4783935546875,2683.608154296875,129.11285400390625,-1693.093017578125,1919.6090087890625,-1.32244873046875,True,-113.3178,9.1410,2886909.0,840.6741020835602,14.875697283929842,1.2542266757137206
de_dust2,128022,7.656119811224477e+16,Grave,76561199132065900,m4a1_silencer,501.5606994628906,152.99713134765625,-2.99737548828125,20.07209587097168,-604.5345458984375,16.65625,False,-122.4454,-1.3324,1.0315,897.8150045610786,0.7087744364456444,-14.166922847484198
de_dust2,129531,7.656119811224477e+16,Grave,76561198396270700,ak47,-1076.6910400390625,1221.5960693359375,-82.5701904296875,-1176.1207275390625,1089.8724365234375,-2.47113037109375,False,-128.5078,-26.6202,1.0287,183.4481878349857,0.7073951938251467,-0.0013792426204977115
de_dust2,135665,7.656119811224477e+16,Grave,76561199172033500,m4a1_silencer,-1373.5869140625,2131.218505859375,2.192346572875977,-2025.533203125,1887.4835205078125,0.6655054092407227,True,-160.0025,1826274,0.3396,696.0194236877518,0.29237106193791246,-0.41502413188723425
de_dust2,144079,7.656119811224477e+16,Grave,76561198396270700,fiveseven,-264.582275390625,1407.73388671875,32.03125,-435.784423828125,1436.7408447265625,-71.5625,False,165.3964,36.5086,2843447.0,202.19605407016547,14.860527958239814,14.568156896301902
de_dust2,162333,7.656119811224477e+16,Grave,76561199132065900,awp,1032.167236328125,763.9065551757812,9.03125,1674.387939453125,1887.9046630859373,0.6653265953063965,False,60.4468,0.2513,0.5027,1294.5613800752722,0.40726349004954376,-14.45326446819027
de_dust2,165445,7.656119811224477e+16,Grave,76561199172033500,awp,1106.008544921875,2494.677978515625,95.8754653930664,471.5219421386719,2696.683837890625,95.84361267089844,True,163.7965,506594,519408.0,665.867567424483,13.160446905746454,12.75318341569691
de_dust2,169795,7.656119811224477e+16,Grave,76561199132065900,awp,1141.018310546875,2623.5078125,96.541015625,1657.3831787109375,776.8942260742188,6.6391191482543945,True,-74.5031,864590,0.4899,1919.5563981390314,0.39870900361115647,-12.761737902135298
de_dust2,171973,7.656119811224477e+16,Grave,76561198357961300,awp,-437.82861328125,-245.5347900390625,0.5861539840698242,-419.8004150390625,1806.351318359375,-126.845947265625,True,89.2941,1785001,0.0383,2055.918422068166,0.03758476032727121,-0.36112424328388526
de_dust2,172213,7.656119811224477e+16,Grave,76561199132065900,awp,-428.5504150390625,-228.6881103515625,0.4986371994018554,-305.13555908203125,1073.5933837890625,-64.36614990234375,True,84.2167,30742,0.8233,1309.723542301118,0.6006480460630218,0.5630632857357506
de_dust2,173921,7.656119811224477e+16,,76561198396270700,awp,567.7740478515625,38.37392807006836,-4.0709228515625,-184.83294677734372,498.8136291503906,-0.69720458984375,True,148.7082,-0.4309,814858.0,882.2887218310118,13.610770371120744,13.010122325057722
de_ancient,5358,7.656119812271976e+16,nice,76561198868387200,deagle,-1157.4124755859375,-829.7562255859375,35.73940658569336,-312.03271484375,-390.4212646484375,62.03057861328125,True,148.1445,-3.4010,0.5707,953.0862361303184,0.4515213798668496,0.0
de_ancient,11870,7.656119812271976e+16,nice,76561199132215200,deagle,1184.474609375,-699.6221923828125,10.743396759033203,1168.5760498046875,262.4398498535156,130.53125,True,-111.6149,2129790,2688553.0,969.6211977326118,14.80451406057972,14.35299268071287
de_ancient,14726,7.656119812271976e+16,nice,76561198868387200,ak47,-1177.4549560546875,-852.4342651367188,36.669708251953125,-489.7872314453125,-526.2647094726562,36.33699035644531,True,-122.4282,1479599,290735.0,761.1002491214447,12.580170917888838,-2.2243431426908824
de_ancient,37264,7.656119812271976e+16,nice,76561199009079800,awp,-1300.2618408203125,-1087.3685302734375,-0.20904541015625,-914.6949462890624,-699.9755859375,39.19452667236328,True,172.3206,2711622,2818944.0,547.9851868185866,14.851873259441215,2.271702341552377
de_ancient,8328,7.656119812698467e+16,StupidFace ᵔᴥᵔ,76561198413150600,mp9,468.6272583007813,85.003173828125,152.65475463867188,444.5008544921875,-403.2310791015625,189.03125,True,-36.9405,-3.7487,0.7585,490.1816178819011,0.5644611729319,0.0
de_ancient,8718,7.656119812698467e+16,StupidFace ᵔᴥᵔ,76561199173174300,mp9,553.7083740234375,-84.9061279296875,156.03125,419.6867370605469,-196.91546630859372,162.03125,False,-36.8746,-1.1968,0.7872,174.7681065248839,0.5806501493327992,0.016188976400899224
de_ancient,12138,7.656119812698467e+16,StupidFace ᵔᴥᵔ,76561198413150600,mp9,-1110.315673828125,1435.9881591796875,77.16140747070312,-1599.0325927734375,1103.5057373046875,94.96875,True,96.0391,-4.2514,2282068.0,591.3593570471514,14.640593045581571,14.059942896248772
de_ancient,12557,7.656119812698467e+16,StupidFace ᵔᴥᵔ,76561199173174300,mp9,-1702.3919677734375,1148.62548828125,52.03125,-1946.29638671875,799.5791625976562,52.031246185302734,False,-75.4912,-13.0150,0.0378,425.8200359943951,0.0371030879515022,-14.60348995763007
de_ancient,17244,7.656119812698467e+16,StupidFace ᵔᴥᵔ,76561198032470700,m4a1_silencer,895.6287231445312,296.38555908203125,124.49386596679688,1323.2388916015625,-419.45458984375,62.13265228271485,True,-172.3782,-4.0468,0.3984,836.161764226329,0.335328725919134,0.2982256379676318
de_ancient,17784,7.656119812698467e+16,StupidFace ᵔᴥᵔ,76561198055327500,m4a1_silencer,1049.2247314453125,-86.30322265625,134.03125,1373.64599609375,-463.5947265625,51.552696228027344,True,674148,2081519,0.3519,504.38154973020926,0.30151101038822264,-0.03381771553091134
de_ancient,22453,7.656119812698467e+16,StupidFace ᵔᴥᵔ,76561198032470700,ak47,-286.2474365234375,-367.996337890625,164.03125,-182.13421630859372,-192.2064208984375,68.03115844726562,True,-85.1437,965154,1560318.0,225.7380674980587,14.260400845500554,13.95888983511233
de_ancient,26075,7.656119812698467e+16,StupidFace ᵔᴥᵔ,76561199173174300,ak47,469.2360229492188,-317.702392578125,189.03125,166.92173767089844,-755.9420776367188,153.03125,True,-7.9376,4.0148,0.2706,533.6140446461254,0.23948922985029583,-14.020911615650258
de_ancient,40357,7.656119812698467e+16,StupidFace ᵔᴥᵔ,76561199173174300,m4a1_silencer,454.820068359375,-421.7550048828125,184.8121490478516,154.96441650390625,-705.2444458007812,153.03125,True,174.1501,-7.4522,0.7854,413.8715991777405,0.5796424797631246,0.3401532499128287
de_ancient,46812,7.656119812698467e+16,StupidFace ᵔᴥᵔ,76561198055327500,m4a1_silencer,-1008.7244873046876,1157.8848876953125,68.86859130859375,-1214.0927734375,644.82763671875,67.86288452148438,False,46.4402,1297129,0.0,552.6344969099357,0.0,-0.5796424797631246
de_ancient,49759,7.656119812698467e+16,StupidFace ᵔᴥᵔ,76561198032470700,m4a1_silencer,169.6041259765625,-801.62939453125,153.03125,-819.7044067382812,-760.3595581054688,36.02928924560547,True,-7.9005,-1.4341,0.0364,997.0576869576707,0.03575316970581786,0.03575316970581786
de_ancient,52731,7.656119812698467e+16,StupidFace ᵔᴥᵔ,76561198055327500,m4a1_silencer,1142.2911376953125,250.27023315429688,130.53125,1179.8218994140625,-258.21337890625,112.01441192626952,True,85.4115,2814439,1678292.0,510.2029156145416,14.333287763400365,14.297534593694548
de_ancient,55662,7.656119812698467e+16,StupidFace ᵔᴥᵔ,76561199129496500,m4a1_silencer,711.1168212890625,-0.992431640625,130.03125,832.8224487304688,-12.98046875,130.90110778808594,True,-174.4450,-2.7246,0.3075,122.29770822551673,0.2681169169569409,-14.065170846443424
de_ancient,58404,7.656119812698467e+16,StupidFace ᵔᴥᵔ,76561198055327500,m4a1_silencer,55.45488739013672,-799.8556518554688,153.03125,-714.5780029296875,-730.536865234375,32.388885498046875,True,-161.8303,-6.0988,0.0,782.5026047659811,0.0,-0.2681169169569409
de_ancient,58602,7.656119812698467e+16,StupidFace ᵔᴥᵔ,76561198032470700,m4a1_silencer,-202.4417724609375,-687.2977905273438,163.36619567871094,-350.73516845703125,-806.03173828125,84.84375,True,-92.8290,2230538,0.0616,205.5588872334342,0.059777204035860704,0.059777204035860704
de_ancient,58656,7.656119812698467e+16,StupidFace ᵔᴥᵔ,76561198413150600,m4a1_silencer,-170.1396484375,-757.8099975585938,153.03125,-513.3519897460938,-818.987548828125,32.03136444091797,True,-92.4283,1920812,0.0175,369.0235443859561,0.017348638334613004,-0.0424285657012477
de_dust2,15926,7.656119812856403e+16,Haari Gersack,76561197960279400,mp9,-227.642333984375,427.0444946289063,-2.1552734375,-157.92059326171875,1440.4276123046875,-0.25579833984375,True,90.5589,-1.2143,2015775.0,1015.7805236985646,14.516514790888989,0.0
de_dust2,16281,7.656119812856403e+16,Haari Gersack,76561198097081700,mp9,-315.32666015625,807.1697387695312,0.03125,-530.42626953125,1448.157958984375,-111.627685546875,False,-102.0379,883582,155595.0,685.2747319834081,11.955018183455126,-2.561496607433863
de_dust2,21366,7.656119812856403e+16,Haari Gersack,76561198097081700,m4a1_silencer,1228.2254638671875,797.4667358398438,4.831794738769531,673.7181396484375,873.4447631835938,-0.33477783203125,False,85.3013,2529338,100079.0,559.7121820394968,11.513725145140793,-0.441293038314333
de_dust2,26307,7.656119812856403e+16,Haari Gersack,76561197960279400,ak47,526.281982421875,952.7340087890624,1.2511546611785889,670.7098999023438,779.2872924804688,0.6446113586425781,False,133.5155,-10.4648,1.1254,225.70678908875715,0.7539600199564577,-10.759765125184336
de_dust2,41737,7.656119812856403e+16,Haari Gersack,76561199146301600,m4a1_silencer,467.4876708984375,1534.339111328125,1.4604239463806152,-275.0313720703125,1363.6759033203125,-27.96875,True,90.6369,-4.0299,0.4249,762.4477267445372,0.3541016358196061,-0.3998583841368516
de_dust2,48574,7.656119812856403e+16,Haari Gersack,76561198190202200,m4a1_silencer,-220.79901123046875,355.95855712890625,-1.1890869140625,-396.72259521484375,1699.700439453125,-127.539306640625,True,-140.9429,0.7752,0.1804,1361.086232293565,0.1658533640866473,-0.18824827173295877
de_dust2,48774,7.656119812856403e+16,Haari Gersack,76561198097081700,m4a1_silencer,-587.4946899414062,501.4005126953125,8.264233589172363,-19.983642578125,1464.920166015625,-0.81134033203125,True,-116.4925,0.6255,0.8785,1118.26708672654,0.6304735860318865,0.4646202219452392
de_dust2,50956,7.656119812856403e+16,Haari Gersack,76561199146301600,m4a1_silencer,-2057.78955078125,2335.6826171875,3.904397964477539,-1280.0623779296875,2669.0341796875,130.03125,True,-93.7786,281969,0.4083,855.5061673753534,0.3423833032218676,-0.2880902828100189
de_dust2,83376,7.656119812856403e+16,Haari Gersack,76561197960279400,deagle,374.8104248046875,418.46624755859375,1.5396795272827148,136.78550720214844,-366.1903076171875,0.9612960815429688,True,-72.2506,1293081,0.0983,819.9646977202309,0.09376352981216315,-0.24861977340970445
de_dust2,90406,7.656119812856403e+16,Haari Gersack,76561198190202200,glock,326.2008361816406,2376.202392578125,96.4377670288086,1115.5947265625,2085.51123046875,1.1308708190917969,True,161.0657,1584210,0.6179,846.5975846671528,0.481129012029154,0.38736548221699085
de_dust2,103139,7.656119812856403e+16,Haari Gersack,76561199146301600,ak47,-154.12457275390625,1002.0744018554688,1.5051202774047852,-230.5234375,479.0895080566406,-1.57293701171875,True,2590668,2529154,0.9063,528.5446623634928,0.645164190537794,0.16403517850863997
de_dust2,113952,7.656119812856403e+16,Haari Gersack,76561199146301600,ak47,1303.2994384765625,2751.227783203125,115.67054748535156,391.345703125,2181.031494140625,95.7903823852539,True,-86.9183,1362023,0.4929,1075.7223826093425,0.4007205370774074,-0.24444365346038655
de_dust2,115267,7.656119812856403e+16,Haari Gersack,76561198097081700,ak47,1218.6788330078125,2973.573974609375,128.3212890625,387.59075927734375,1943.235107421875,96.03125,True,2770426,1765980,1098317.0,1324.1405567978422,13.909290476606904,13.508569939529496
de_dust2,115329,7.656119812856403e+16,Haari Gersack,76561198190202200,ak47,1205.1168212890625,2983.205322265625,128.42869567871094,884.5037841796875,2532.97021484375,95.30735778808594,True,-23.4984,1954019,2.0504,553.7159872564181,1.1152727295612168,-12.794017747045686
de_dust2,116026,7.656119812856403e+16,Haari Gersack,76561199353783800,ak47,1537.0550537109375,2616.106689453125,82.29389190673828,691.9673461914062,2599.6552734375,94.5388641357422,True,-20.0758,-4.2404,0.4588,845.3365139602247,0.3776141799523881,-0.7376585496088287
de_dust2,12551,7.656119814540451e+16,-k4izen-,76561198380883900,ak47,-242.955810546875,351.6968688964844,-1.49871826171875,-443.5650634765625,1707.5628662109375,-126.0245361328125,True,-146.7543,2800347,0.3707,1376.2715409216994,0.3153215582551984,0.0
de_dust2,19449,7.656119814540451e+16,-k4izen-,76561199261576700,galilar,-1395.663818359375,2695.11083984375,125.03125,-215.3660888671875,2062.07958984375,-126.4051513671875,True,-89.5581,-2.2470,176049.0,1362.736789572167,12.078523324583198,11.763201766328
de_dust2,41583,7.656119814540451e+16,-k4izen-,76561198828762300,galilar,-966.2239990234376,1484.2774658203125,-110.953369140625,-600.6920166015625,1342.0614013671875,-109.078125,False,-50.4324,-2.2470,1.0915,392.2276834982309,0.737881511900116,-11.340641812683081
de_dust2,43122,7.656119814540451e+16,-k4izen-,76561199261576700,hegrenade,348.4967956542969,2006.792724609375,96.06002044677734,1347.1082763671875,2784.5537109375,114.73844909667967,True,993705,546099,2.0687,1265.8933307994473,1.1212540191489344,0.38337250724881844
de_dust2,46438,7.656119814540451e+16,-k4izen-,76561198380883900,tec9,-1563.2513427734375,2693.968017578125,6.570211410522461,-1395.0450439453125,2600.460693359375,119.03125,True,-174.3029,1.1484,0.8324,222.90012079097414,0.60562658303045,-0.5156274361184844
de_dust2,46592,7.656119814540451e+16,-k4izen-,76561198828762300,tec9,-1560.2034912109375,2590.713134765625,3.8664417266845694,-1899.5782470703125,1814.030517578125,29.892108917236328,False,903398,0.1936,0.3524,847.9908302031033,0.30188079185159383,-0.3037457911788562
de_dust2,63110,7.656119814540451e+16,-k4izen-,76561197990926400,m4a1_silencer,348.1190795898437,1453.647216796875,0.4888300895690918,-149.93212890625,1332.5172119140625,0.0157825946807861,True,-142.7282,0.5551,871106.0,512.5697105187371,13.677520095591479,13.375639303739884
de_dust2,71690,7.656119814540451e+16,-k4izen-,76561198334928100,deagle,1190.42919921875,2601.3154296875,96.7480926513672,323.1014099121094,2234.69287109375,97.81381225585938,True,-9.8870,15.8399,0.4817,941.6319505686112,0.3931900772325518,-13.284330018358927
de_dust2,71767,7.656119814540451e+16,-k4izen-,76561198828762300,deagle,1179.0438232421875,2621.788818359375,96.5625,299.2511291503906,2154.39697265625,98.30711364746094,True,-115.3643,0.7690,0.8683,996.2396125851726,0.6250289264836546,0.23183884925110282
de_dust2,72456,7.656119814540451e+16,-k4izen-,76561198380883900,deagle,1061.93603515625,2648.208740234375,96.16852569580078,378.3731994628906,1966.843505859375,96.0361099243164,True,-175.1430,1465020,0.8429,965.1511542188518,0.6113404178558544,-0.013688508627800244
de_dust2,72683,7.656119814540451e+16,-k4izen-,76561199261576700,deagle,872.8492431640625,2475.930419921875,96.23860931396484,1210.471923828125,2051.839111328125,1.803018569946289,True,-120.2646,2928271,988833.0,550.2368520216713,13.804281750207677,13.192941332351822
de_dust2,81853,7.656119814540451e+16,-k4izen-,76561197990926400,m4a1_silencer,615.4525756835938,2365.50146484375,67.03125,492.7010803222656,2596.14208984375,95.74128723144533,True,-86.6849,323727,0.9092,262.84461902740895,0.6466843061496045,-13.157597444058073
de_dust2,81954,7.656119814540451e+16,-k4izen-,76561199261576700,usp_silencer,603.24951171875,2346.87060546875,67.03125,969.979248046875,2570.558837890625,96.53125,True,58.7999,1486904,2771097.0,430.577954418615,14.8347541895135,14.188069883363896
de_dust2,91547,7.656119814540451e+16,-k4izen-,76561198828762300,m4a1_silencer,818.6232299804688,2320.57421875,-28.49517822265625,1568.0771484375,2162.94189453125,-8.89996337890625,True,-52.2970,1060971,2142911.0,766.1025375065509,14.577676209683496,-0.25707797983000447
de_dust2,103433,7.656119814540451e+16,-k4izen-,76561197990926400,m4a1_silencer,778.54541015625,1006.2349243164062,0.128911018371582,605.1437377929688,717.3199462890625,1.0315423011779783,False,-153.7952,555870,5.082,336.9581862043953,1.805333589255173,-12.772342620428322
de_mirage,10012,7.656119815080624e+16,mlody_garbus SKINS,76561198023280500,usp_silencer,-1305.16015625,313.1844177246094,-167.96875,-1955.303466796875,773.6224975585938,-47.96875,True,-83.6963,15.7067,191055.0,805.6609396080071,12.160321857773166,0.0
de_mirage,15415,7.656119815080624e+16,mlody_garbus SKINS,76561198180825500,famas,-812.6212768554688,-2021.9730224609373,-151.93389892578125,-345.68023681640625,-1581.0296630859375,-167.96875,True,148.6357,-1.5460,198329.0,642.43450833423,12.197687588995734,0.037365731222568144
de_mirage,29600,7.656119815080624e+16,mlody_garbus SKINS,76561198330759100,deagle,-358.66864013671875,-494.6629638671875,-162.91656494140625,-568.0062866210938,-622.8038330078125,-274.30914306640625,True,-165.7456,1856895,0.0,269.53782488004566,0.0,-12.197687588995734
de_mirage,37094,7.656119815080624e+16,mlody_garbus SKINS,76561198330759100,m4a1_silencer,-830.1041870117188,22.42999649047852,-167.68621826171875,-520.6112060546875,-1218.6185302734375,-167.96875,True,119.6761,1821832,1675309.0,1279.0572429992094,14.331508780743974,14.331508780743974
de_mirage,41490,7.656119815080624e+16,mlody_garbus SKINS,76561198253819600,awp,-856.8975830078125,160.8964080810547,-173.02020263671875,-476.27777099609375,-2116.08984375,-179.96875,True,-35.0907,-6.9959,0.9168,2308.589637556647,0.6506571289389932,-13.68085165180498
de_mirage,52449,7.656119815080624e+16,mlody_garbus SKINS,76561198253819600,deagle,-1002.6875610351562,-1331.410888671875,-161.30621337890625,-110.56329345703124,-2107.335693359375,-167.96875,False,50.5203,2431818,267725.0,1182.366018086349,12.497719348438121,11.847062219499128
de_mirage,60176,7.656119815080624e+16,mlody_garbus SKINS,76561199008333200,m4a1_silencer,-615.5225830078125,-1581.5576171875,-167.96875,-153.82281494140625,-2257.302001953125,-167.96875,True,-176.4253,14.3615,0.0748,818.4113570661433,0.07213459775919911,-12.425584750678922
de_mirage,60462,7.656119815080624e+16,mlody_garbus SKINS,76561198023280500,m4a1_silencer,-679.3809204101562,-2246.3330078125,-179.96875,-1059.3331298828125,-2520.76513671875,-167.96875,True,19.4369,-0.7066,0.8977,468.85037576946644,0.6406426265777961,0.5685080288185971
de_mirage,66449,7.656119815080624e+16,mlody_garbus SKINS,76561199008333200,ak47,-496.0343017578125,-1465.0419921875,-56.72637939453125,-919.384765625,-2505.06103515625,-92.984375,True,-125.0237,2622595,1.014,1123.4677864716566,0.7001227942963706,0.05948016771857445
de_mirage,79164,7.656119815080624e+16,mlody_garbus SKINS,76561199008333200,glock,-1043.3935546875,-638.7718505859375,-263.96875,-980.3692016601562,-143.90625,-367.96875,True,-54.0304,1104892,0.2661,509.58810005512873,0.23594130954407044,-0.46418148475230014
de_mirage,80361,7.656119815080624e+16,mlody_garbus SKINS,76561198253819600,glock,-803.519287109375,-1157.2335205078125,-120.17535400390624,-586.7620239257812,-1399.9163818359375,-167.96875,True,166.4460,460420,2.0906,328.88127192968454,1.1283652468174574,0.892423937273387
de_mirage,80790,7.656119815080624e+16,mlody_garbus SKINS,76561198180825500,glock,-509.7192993164063,-1493.406005859375,-39.96875,-114.03173828125,-2172.764404296875,-167.96875,True,-18.4364,-2.6402,0.4781,796.5428296617298,0.39075747923589005,-0.7376077675815673
de_mirage,83801,7.656119815080624e+16,mlody_garbus SKINS,76561198330759100,mac10,412.2691040039063,-520.1723022460938,-166.64715576171875,-840.398193359375,-326.8916015625,-166.3448486328125,True,-145.7632,750361,703883.0,1267.4907804515851,13.46436884883639,13.0736113696005
de_mirage,85681,7.656119815080624e+16,mlody_garbus SKINS,76561198023280500,mac10,-56.659912109375,788.48779296875,-135.96875,-210.68084716796875,755.118896484375,-132.8533935546875,False,-83.8624,1847823,1997514.0,157.62498892843684,14.507414465981105,1.043045617144715
de_mirage,100234,7.656119815080624e+16,mlody_garbus SKINS,76561198253819600,galilar,-1772.13134765625,505.4100036621094,-165.71875,-964.506591796875,215.9861297607422,-172.318115234375,True,66.0333,0.8229,0.7113,857.943749136554,0.5372533156012691,-13.970161150379836
de_mirage,117162,7.656119815080624e+16,mlody_garbus SKINS,76561198023280500,ak47,812.1136474609375,-1551.841064453125,-108.96875,432.70611572265625,-1624.9456787109375,-228.318115234375,True,90.6534,-8.5371,29952.0,404.39909835132755,10.307384765472131,9.770131449870862
de_mirage,118007,7.656119815080624e+16,mlody_garbus SKINS,76561199008333200,ak47,115.54949951171876,-1429.7435302734375,-175.96875,-50.1522216796875,-1867.982666015625,-167.96875,True,-104.4913,-6.2090,0.7473,468.58787916660197,0.5580717393628556,-9.749313026109276
de_mirage,127130,7.656119815080624e+16,mlody_garbus SKINS,76561198180825500,ak47,-1595.639892578125,836.0256958007812,-47.96875,-1963.98486328125,728.5133666992188,-47.96875,False,-132.4471,811995,265168.0,383.7146314009002,12.488122637550326,11.93005089818747
de_ancient,3837,7.656119815434357e+16,Mustango,76561198094102900,p250,-1540.9676513671875,-276.926025390625,103.03125,-1067.7281494140625,1127.775634765625,68.03125,True,22.7455,-4.1072,2424329.0,1482.6892392725345,14.701065755519183,0.0
de_ancient,5774,7.656119815434357e+16,Mustango,76561198885569000,p250,-1616.2591552734375,1068.11474609375,52.03125,-1311.6820068359375,328.6936950683594,87.03125,True,-35.7986,2844571,0.998,800.4596992040338,0.6921466802263617,-14.008919075292821
de_ancient,8569,7.656119815434357e+16,Mustango,76561198180825500,mac10,-1138.7010498046875,-1103.39306640625,7.291988849639893,-1058.967529296875,-810.0175170898438,35.501548767089844,True,-74.2683,188222,0.8925,305.3234784617932,0.6378987063294668,-0.05424797389689495
de_ancient,8689,7.656119815434357e+16,Mustango,76561198094102900,mac10,-1203.719970703125,-834.0532836914062,41.59209442138672,-936.6127319335938,-712.9092407226562,35.209625244140625,True,-57.1450,4.1315,1389415.0,293.3647764519391,14.14439407293681,13.506495366607343
de_ancient,21822,7.656119815434357e+16,Mustango,76561198885569000,m4a1_silencer,-1548.83349609375,1184.0418701171875,98.67849731445312,-1648.460205078125,1083.161865234375,52.031246185302734,True,70.7242,1.1879,0.0663,149.25891117825978,0.0641947120419968,-14.080199360894813
de_ancient,25273,7.656119815434357e+16,Mustango,76561198885569000,awp,-412.945068359375,-779.5784912109375,86.5625,-181.56243896484372,-734.3115234375,154.4178924560547,True,130.7607,2656076,0.503,245.33930350087334,0.40746311077083747,0.3432683987288407
de_ancient,39403,7.656119815434357e+16,Mustango,76561199123003100,ak47,746.3817138671875,703.6602783203125,129.53431701660156,704.9783325195312,708.998046875,121.73695373535156,False,52.1689,-3.0624,0.1605,42.467995411870405,0.14885094673235466,-0.2586121640384828
de_ancient,43251,7.656119815434357e+16,Mustango,76561199123003100,ak47,1289.0826416015625,-479.5189208984375,44.217803955078125,1100.5230712890625,217.98410034179688,130.53125,True,15.2552,995074,1307967.0,727.6779419247495,14.083985345868207,13.935134399135853
de_ancient,69646,7.656119815434357e+16,Mustango,76561198094102900,ak47,9.192256927490234,803.5672607421875,74.03125,-547.8275146484375,735.7002563476562,116.26453399658205,True,-51.3099,11.1638,0.4459,562.7260492363242,0.3687319650519436,-13.715253380816264
de_ancient,78661,7.656119815434357e+16,Mustango,76561198180825500,mp9,-1530.3424072265625,-1346.0506591796875,-23.2557373046875,-1312.260498046875,-1500.9970703125,-23.2557373046875,False,-156.6208,-1.2710,2072753.0,267.52216624869806,14.544388715780004,14.17565675072806
de_ancient,84045,7.656119815434357e+16,Mustango,76561199121624200,m4a1,-1849.9669189453125,-549.8093872070312,75.03125,-1453.188232421875,-1353.01416015625,-20.23333740234375,True,-140.3528,1938038,0.0693,900.9142994650541,0.06700422878047388,-14.47738448699953
de_ancient,85432,7.656119815434357e+16,Mustango,76561199123003100,m4a1,-1324.0386962890625,-1149.8848876953125,-12.5159912109375,-1122.0577392578125,-841.3164672851562,34.276123046875,True,-171.9937,-0.3433,0.1691,371.75298120444813,0.1562342220306362,0.08922999325016231
de_ancient,85682,7.656119815434357e+16,Mustango,76561198180825500,m4a1,-1205.9393310546875,-832.7767333984375,41.93781280517578,-973.9638671875,-849.099853515625,34.993446350097656,False,15.5051,-0.1960,1.1824,232.65271180929605,0.7804251886670058,0.6241909666363696
de_ancient,86196,7.656119815434357e+16,Mustango,76561198094102900,m4a1,-1559.228515625,-1281.902099609375,-23.23480224609375,-795.3737182617188,-1786.3255615234375,-105.529541015625,True,-93.9544,2694882,0.1224,919.06996709359,0.11546924980611413,-0.6649559388608917
de_ancient,87737,7.656119815434357e+16,Mustango,76561198885569000,m4a1,-1078.4454345703125,-1672.3536376953125,-23.02362060546875,-1176.38037109375,-868.7742309570312,36.642234802246094,True,-84.7636,14.9225,0.5249,811.7210906630627,0.4219288341388295,0.30645958433271536
de_ancient,91757,7.656119815434357e+16,Mustango,76561199123003100,m4a1,180.3289794921875,912.5026245117188,93.18359375,1210.1820068359375,732.0348510742188,119.6942901611328,True,67.1114,2.0194,1702398.0,1045.8817773547728,14.347548990723276,13.925620156584445
de_ancient,121125,7.656119815434357e+16,Mustango,76561198180825500,m4a1_silencer,-2012.687744140625,333.3085021972656,88.03125,-2058.055419921875,185.22628784179688,72.03125762939453,True,155.6824,-6.6824,0.0,155.70025038538327,0.0,-14.347548990723276
de_dust2,11856,7.656119815847238e+16,Papalamelulnietlos,76561198958840900,ak47,697.7806396484375,254.693115234375,0.2072210311889648,547.9990844726562,219.0043792724609,0.8826637268066406,False,14.1892,721903,0.4292,153.9761551938153,0.3571148471671177,0.0
de_dust2,19214,7.656119815847238e+16,Papalamelulnietlos,76561198009145800,mac10,1465.6005859375,1228.9549560546875,-11.1591796875,1554.5079345703125,1922.437744140625,-9.37957763671875,True,-139.0340,5.0819,1180100.0,699.1609693023638,13.981110585999296,13.623995738832178
de_dust2,31741,7.656119815847238e+16,Papalamelulnietlos,76561198958840900,ak47,-18.92047119140625,2075.969482421875,-125.56634521484376,345.4593505859375,2544.32177734375,-116.4837646484375,True,-74.5223,533408,0.2914,593.4720043496753,0.25572690121022956,-13.725383684789067
de_dust2,42727,7.656119815847238e+16,Papalamelulnietlos,76561198009145800,ak47,248.5918426513672,1348.9207763671875,0.2633821964263916,470.293212890625,2115.790771484375,96.01734161376952,True,51.6622,491650,172031.0,803.9962112604125,12.055435785002713,11.799708883792484
de_dust2,45898,7.656119815847238e+16,Papalamelulnietlos,76561198178481400,ak47,1074.1375732421875,3057.120849609375,131.1151885986328,997.7315673828124,2565.3984375,96.53125,True,-90.7213,894936,2950431.0,498.8234728950101,14.89746215827258,2.842026373269867
de_dust2,50350,7.656119815847238e+16,Papalamelulnietlos,76561198178481400,ssg08,10.06883144378662,-589.9682006835938,2.442737102508545,-1267.3590087890625,-949.7427368164062,118.66483306884766,True,65.6268,634549,278317.0,1332.2038805837306,12.536519623827024,-2.360942534445556
de_dust2,63883,7.656119815847238e+16,Papalamelulnietlos,76561199015488100,ak47,159.26376342773438,196.309326171875,9.031251907348633,-155.9716796875,542.8527221679688,0.0269370079040527,False,-169.2413,2077105,0.3198,468.5582008580919,0.2774802099671842,-12.25903941385984
de_dust2,65043,7.656119815847238e+16,Papalamelulnietlos,76561198958840900,ak47,667.9893188476562,787.49609375,0.6176118850708008,1296.9805908203125,812.2433471679688,-2.24456787109375,True,170.9517,2578369,0.0497,629.4844230340174,0.048504409059614985,-0.22897580090756922
de_dust2,65171,7.656119815847238e+16,Papalamelulnietlos,76561198313319800,ak47,669.0226440429688,786.4509887695312,0.6237261295318604,1429.0406494140625,995.4088745117188,-7.69952392578125,True,16.7590,8.0585,1751095.0,788.2639424669787,14.37575243557893,14.327248026519314
de_dust2,101244,7.656119815847238e+16,Papalamelulnietlos,76561198958840900,m4a1_silencer,1503.802734375,1300.749755859375,-8.2452392578125,554.6681518554688,667.435791015625,1.3264875411987305,True,23.0912,28.2163,1003809.0,1141.067330070645,13.819313318297201,-0.5564391172817285
de_dust2,107415,7.656119815847238e+16,Papalamelulnietlos,76561199015488100,ak47,-1647.4075927734375,2118.908447265625,-7.1646728515625,-1684.0333251953125,2587.187744140625,7.038827896118164,True,152.3526,1979402,2656411.0,469.9241253550115,14.792486898030452,0.9731735797332508
de_dust2,112501,7.656119815847238e+16,Papalamelulnietlos,76561198178481400,ak47,285.2453918457031,1365.0318603515625,0.3040828704833984,-1042.3563232421875,1490.1181640625,-74.40625,True,53.1628,0.1013,387525.0,1335.5727352405754,12.867538222298844,-1.924948675731608
de_dust2,112798,7.656119815847238e+16,Papalamelulnietlos,76561198313319800,ak47,-27.51385498046875,1524.2626953125,0.6574110984802246,-284.16650390625,1394.659423828125,-27.96875,True,167.4135,-0.6245,0.9658,288.94125229760647,0.6758992871503919,-12.191638935148452
de_dust2,117721,7.656119815847238e+16,Papalamelulnietlos,76561198178481400,ak47,487.3603210449219,1778.9200439453125,103.03124237060548,142.64727783203125,1394.5814208984375,-0.2396240234375,False,101.1460,2.1554,2069132.0,526.5055851293853,14.542640236923626,13.866740949773234
de_dust2,118493,7.656119815847238e+16,Papalamelulnietlos,76561198313319800,ak47,105.56497955322266,1352.281005859375,0.0061397552490234,-19.4796142578125,1544.768310546875,1.0518913269042969,False,-85.2886,0.4230,0.5691,229.53998889861185,0.45050220658288553,-14.09213803034074
de_dust2,119794,7.656119815847238e+16,Papalamelulnietlos,76561198009145800,ak47,-6.2442626953125,1383.7313232421875,0.0179352760314941,-1076.0799560546875,1506.88037109375,-75.96875,True,94.8247,1090707,1.1816,1079.577729999892,0.7800585525492417,0.3295563459663562
de_dust2,134301,7.656119815847238e+16,Papalamelulnietlos,76561198958840900,awp,1182.465576171875,2658.11376953125,95.86009979248048,383.51898193359375,1919.2271728515625,95.92501831054688,True,7.1167,2853245,2.1318,1088.2412726101936,1.1416079191292055,0.3615493665799637
de_dust2,137942,7.656119815847238e+16,Papalamelulnietlos,76561198178481400,awp,1210.0780029296875,455.1350402832031,9.098368644714355,1289.4156494140625,1313.0189208984375,1.03125,True,119.7534,1830810,2114696.0,861.5824355059481,14.564422097788128,13.422814178658923
de_train,5054,7.656119816070958e+16,sjuush,76561198080114500,glock,556.815673828125,-1024.43212890625,-172.52581787109375,528.2890014648438,-1766.7576904296875,-270.96875,True,163.7660,2891839,0.2531,749.3677476468714,0.22562048118910227,0.0
de_ancient,9519,7.656119816070958e+16,sjuush,76561198055109000,ak47,-1550.7569580078125,-1519.6229248046875,-32.33978271484375,-1868.526611328125,-314.94500732421875,78.93402099609375,True,176.2104,0.0000,833910.0,1250.8430344486437,13.633881961018176,13.408261479829074
de_ancient,9551,7.656119816070958e+16,sjuush,76561198080114500,ak47,-1563.0887451171875,-1522.836181640625,-32.19720458984375,-1852.9754638671875,-385.4940185546875,73.0728759765625,True,76.9077,0.9074,14.7203,1178.4155869230085,2.7549528707884297,-10.878929090229747
de_dust2,15987,7.656119816070958e+16,sjuush,76561198080114500,deagle,1121.52734375,2779.143798828125,120.80142211914062,1393.4609375,2418.790771484375,32.13101577758789,True,-68.2210,-2.3542,0.9663,460.07023886181935,0.6761536041833743,-2.0787992666050554
de_dust2,16659,7.656119816070958e+16,sjuush,76561197995817500,deagle,661.68701171875,2555.225830078125,95.38003540039062,1542.081298828125,2629.62744140625,87.66339874267578,True,47.1365,2521757,0.487,883.5662097570013,0.396760667478018,-0.2793929367053563
de_train,17254,7.656119816070958e+16,,76561198160709500,world,-2000.0,1434.233154296875,-171.96875,-2000.0,1434.233154296875,-171.96875,False,1581076,0.3934,1.021,0.0,0.7035924384214839,0.30683177094346586
de_ancient,21468,7.656119816070958e+16,sjuush,76561198044045100,inferno,1328.934326171875,-441.6571044921875,55.74639129638672,667.5142211914062,-298.8314208984375,138.2071075439453,True,165.7294,2688584,2800347.0,681.6711090331295,14.845254253136888,14.141661814715404
de_train,26278,7.656119816070958e+16,sjuush,76561198044045100,galilar,-203.8265380859375,-219.421630859375,-215.96875,-302.22674560546875,23.642364501953125,-215.96875,True,81.3939,5.1869,1.1235,262.2264416127759,0.7530656707711888,-14.092188582365699
de_train,26614,7.656119816070958e+16,sjuush,76561197995817500,galilar,139.1801300048828,-147.35540771484375,-154.4615478515625,406.431884765625,-226.66632080078125,-215.96875,True,-175.7981,-3.5544,0.0165,285.4765441736847,0.016365354086264272,-0.7367003166849245
de_train,27258,7.656119816070958e+16,sjuush,76561198080114500,galilar,382.9080505371094,-196.0347900390625,-176.71868896484375,542.9712524414062,-253.71881103515625,-215.96875,False,96.6488,-2.5409,0.0769,174.6088261612138,0.0740865433526982,0.05772118926643392
de_dust2,28157,7.656119816070958e+16,sjuush,76561198014259100,mp9,828.7527465820312,1193.74853515625,137.640380859375,573.8682250976562,607.2875366210938,1.254852294921875,True,-2.3291,0.1648,126407.0,653.8376208944975,11.747270049831336,11.673183506478638
de_train,35519,7.656119816070958e+16,sjuush,76561197995817500,ak47,651.4015502929688,368.09326171875,-215.96875,-502.99853515625,421.1900024414063,-215.96875,True,-178.3579,0.2077,0.0665,1155.6205351068024,0.06438225892926822,-11.682887790902068
de_train,45434,7.656119816070958e+16,sjuush,76561197995817500,ak47,-40.412109375,165.37123107910156,-215.96875,361.7952270507813,-516.1627807617188,-209.96875,True,109.1615,1726989,0.0,791.3882427548219,0.0,-0.06438225892926822
de_ancient,49500,7.656119816070958e+16,sjuush,76561198262460200,ak47,982.6729125976562,-108.23089599609376,134.03125,1026.7891845703125,-42.363525390625,133.29823303222656,False,-86.0061,2825153,929210.0,79.27984155583681,13.742091117948657,13.742091117948657
de_ancient,55619,7.656119816070958e+16,sjuush,76561198080114500,ak47,-1715.060302734375,541.4835815429688,73.03125,-944.2239990234376,1149.76025390625,74.1857681274414,False,61.1066,634549,292196.0,981.9319987515396,12.58518351130558,-1.1569076066430775
de_ancient,68310,7.656119816070958e+16,sjuush,76561197995817500,m4a1_silencer,1380.6986083984375,-695.602783203125,12.085124969482422,468.7730712890625,-873.6582641601562,130.9647674560547,False,-45.7474,896703,0.0893,936.7199735933877,0.08553528810626275,-12.499648223199317
de_ancient,79811,7.656119816070958e+16,sjuush,76561198080114500,tec9,722.4891967773438,157.74737548828125,130.03125,671.4819946289062,-246.5020751953125,135.97467041015625,False,-53.0526,751031,0.3961,407.49807029625396,0.33368263501246526,0.2481473469062025
de_ancient,79951,7.656119816070958e+16,sjuush,76561198044045100,tec9,1051.93212890625,231.1448211669922,131.8365478515625,663.6885375976562,175.88034057617188,134.03125,True,-52.8449,1944644,0.0,392.16331511844385,0.0,-0.33368263501246526
de_train,81321,7.656119816070958e+16,sjuush,76561198044045100,ak47,-320.33349609375,-1401.148681640625,-350.96875,64.50464630126953,-1378.033935546875,-350.96875,True,-90.2561,400947,0.1564,385.53169432489966,0.14531173116005394,0.14531173116005394
de_dust2,85102,7.656119816070958e+16,sjuush,76561198044045100,m4a1_silencer,-1695.297119140625,2854.343994140625,19.91323471069336,-2108.935302734375,1877.2969970703125,2.30244779586792,True,2584975,-6.2643,0.5631,1061.1444393797724,0.44667102891928845,0.30135929775923453
de_train,87962,7.656119816070958e+16,sjuush,76561198080114500,galilar,-367.8565673828125,-824.6031494140625,-318.96875,-476.20654296875,-1697.1016845703125,-166.96875,True,-94.1082,894632,0.7172,892.2429103440808,0.5406950573682684,0.09402402844897995
de_ancient,92235,7.656119816070958e+16,sjuush,76561198044045100,usp_silencer,1041.7958984375,392.7925720214844,131.72787475585938,1263.7293701171875,-731.1481323242188,6.986489295959473,True,-80.2956,-0.2201,628250.0,1152.4138084834672,13.350695047127612,12.809999989759344
de_dust2,93111,7.656119816070958e+16,sjuush,76561198080114500,ak47,-1551.085693359375,2585.42822265625,3.592735767364502,-1972.2821044921875,1808.1917724609373,33.03125,False,-81.3558,-4.6187,0.2065,884.5165585694805,0.18772360608294936,-13.162971441044663
de_dust2,93986,7.656119816070958e+16,sjuush,76561198055109000,ak47,-1741.246337890625,2581.5458984375,66.03125,-1965.4901123046875,1748.27099609375,32.19835662841797,True,123.5643,1185944,1153803.0,863.5838105901151,13.958574867604256,13.770851261521306
de_dust2,94160,7.656119816070958e+16,sjuush,76561198044045100,ak47,-2000.8426513671875,2347.37060546875,5.762075424194336,-1806.0909423828125,2304.802978515625,3.940498352050781,False,-13.2972,-9.2951,0.9918,199.35784198216248,0.6890387525154021,-13.269536115088853
de_train,96015,7.656119816070958e+16,sjuush,76561198014259100,usp_silencer,901.56689453125,-1024.966796875,-332.57147216796875,-499.3167724609375,-1741.367431640625,-164.96875,True,-91.8443,0.5500,0.6283,1582.3386459339802,0.48753652578803747,-0.20150222672736467
de_train,96179,7.656119816070958e+16,sjuush,76561198055109000,usp_silencer,935.2531127929688,-1148.93115234375,-342.96875,-618.6322631835938,-1721.4984130859375,-151.96875,True,165.4421,-15.8670,0.0,1666.9955098162789,0.0,-0.48753652578803747
de_ancient,97043,7.656119816070958e+16,sjuush,76561198044045100,mp9,-1987.5711669921875,44.64190673828125,111.03125,-1885.6597900390625,94.19984436035156,76.03125,True,-78.7442,6.1479,0.3685,118.60403843813646,0.3137152494985967,0.3137152494985967
de_ancient,97083,7.656119816070958e+16,sjuush,76561198014259100,mp9,-1960.3502197265625,61.93321990966797,111.03125,-1840.1982421875,-20.8746337890625,83.08738708496094,True,2784396,2684535,1375902.0,148.5748895855293,14.134620800804548,13.820905551305952
de_ancient,97256,7.656119816070958e+16,sjuush,76561198080114500,mp9,-2060.4326171875,89.87548828125,72.03125762939453,-2058.000244140625,-356.28057861328125,72.04704284667969,True,-54.5969,0.2661,1.1336,446.1626975830786,0.7578106938856675,-13.37681010691888
de_train,99269,7.656119816070958e+16,sjuush,76561198080114500,usp_silencer,732.3152465820312,140.60330200195312,-211.96875,668.17578125,-141.1202392578125,-215.96875,True,-156.5572,-0.1027,2040977.0,288.96024763455216,14.528939662704,13.771128968818331
de_train,99326,7.656119816070958e+16,sjuush,76561198044045100,usp_silencer,851.2415161132812,162.1807861328125,-211.96875,607.8923950195312,39.29399108886719,-215.96875,True,-175.6425,0.8315,0.2098,272.64621606263535,0.1904550566906768,-14.338484606013322
de_dust2,101554,7.656119816070958e+16,sjuush,76561198014259100,ak47,1208.4263916015625,2277.117919921875,10.748893737792969,1193.574951171875,2137.309326171875,1.3272027969360352,False,42.5809,947807,0.0,140.9105263256586,0.0,-0.1904550566906768
de_ancient,102752,7.656119816070958e+16,sjuush,76561198014259100,m4a1_silencer,-240.11639404296875,-727.7883911132812,164.03125,385.990234375,-879.1356201171875,141.44549560546875,True,96.9300,2063803,428066.0,644.5351892469854,12.96703500436858,12.96703500436858
de_ancient,102819,7.656119816070958e+16,sjuush,76561198080114500,m4a1_silencer,-248.14532470703125,-795.38818359375,164.03125,446.810302734375,-865.3920288085938,133.0126495361328,True,-5.7253,-5.3950,0.0834,699.1609371468628,0.08010424424166145,-12.886930760126917
de_ancient,103322,7.656119816070958e+16,sjuush,76561198044045100,m4a1_silencer,83.58013916015625,-890.5160522460938,154.34600830078125,458.4222412109375,-848.9274291992188,128.89187622070312,True,148.6776,-2.3408,2.1277,378.0001691490804,1.1402979101552164,1.060193665913555
de_ancient,103400,7.656119816070958e+16,sjuush,76561197995817500,m4a1_silencer,87.6978988647461,-884.8861083984375,153.6422576904297,601.018798828125,-834.2628784179688,107.94456481933594,True,-126.1203,-0.6534,0.7553,517.8313788161254,0.562639782480163,-0.5776581276750534
de_ancient,103400,7.656119816070958e+16,sjuush,76561198055109000,m4a1_silencer,87.6978988647461,-884.8861083984375,153.6422576904297,691.1476440429688,-821.876220703125,80.82828521728516,True,-13.5921,2895796,541657.0,611.0840494484843,13.202390084949863,12.6397503024697
de_train,106819,7.656119816070958e+16,sjuush,76561198080114500,m4a1_silencer,1057.06640625,-1524.7930908203125,-317.96875,434.5314636230469,-1422.488525390625,-350.96875,True,170.4412,2077898,0.9682,631.7475594723743,0.677119419482748,-12.525270665467115
de_ancient,111250,7.656119816070958e+16,sjuush,76561197995817500,m4a1_silencer,-497.453857421875,622.21435546875,162.03125,-652.867919921875,-752.4797973632812,32.03125762939453,True,-133.9330,1562630,2855833.0,1389.5458044518314,14.864874477503092,14.187755058020343
de_dust2,112595,7.656119816070958e+16,sjuush,76561198014259100,glock,1201.5294189453125,828.01806640625,0.3804161548614502,1387.5416259765625,1628.0765380859375,-6.4678955078125,True,-171.9999,0.5507,0.9829,821.4261979287628,0.6845604196226227,-14.18031405788047
de_dust2,114629,7.656119816070958e+16,sjuush,76561197995817500,glock,-416.4765625,552.2957763671875,-2.50445556640625,-86.26654052734375,1446.46337890625,-0.337890625,True,88.7500,545004,0.1714,953.1941324018326,0.15819961467354485,-0.5263608049490779
de_train,123551,7.656119816070958e+16,sjuush,76561198044045100,m4a1_silencer,792.0601196289062,-934.5425415039062,-235.944091796875,-440.103759765625,-1755.902099609375,-166.96875,True,142.9568,1405852,2447158.0,1482.4361528078664,14.71043831783736,14.552238703163814
de_train,124345,7.656119816070958e+16,sjuush,76561198080114500,m4a1_silencer,891.5068969726562,-1041.163818359375,-333.34259033203125,-7.48248291015625,-1449.3375244140625,-350.96875,True,973617,-5.1303,2444967.0,987.4706886592345,14.709542592870902,-0.0008957249664582889
de_train,124387,7.656119816070958e+16,sjuush,76561198055109000,m4a1_silencer,901.9619140625,-1067.5765380859375,-342.96875,-457.4815673828125,-1554.0390625,-169.2215576171875,True,-6.7930,1.0475,1.1816,1454.2766084085806,0.7800585525492417,-13.92948404032166
de_dust2,130499,7.656119816070958e+16,sjuush,76561198014259100,deagle,-514.072998046875,1437.79443359375,-110.96875,-212.6707763671875,424.578125,-1.90167236328125,True,83.9496,783538,200917.0,1062.7070220234789,12.210652143603806,11.430593591054564
de_train,139467,7.656119816070958e+16,sjuush,76561198080114500,ak47,-1024.558837890625,-844.232666015625,-153.96875,-867.3750610351562,-514.215576171875,-88.96875,True,174.0863,1.0406,0.2162,371.2721633727575,0.19573124370387232,-12.014920899899934
de_dust2,141445,7.656119816070958e+16,sjuush,76561197995817500,galilar,-1858.595703125,1824.7791748046875,132.03125,-910.1962890625,2483.828857421875,-24.8746337890625,True,-111.4529,1597420,0.7244,1165.5159325893128,0.5448791638908425,0.34914792018697016
de_train,147582,7.656119816070958e+16,sjuush,76561198080114500,ak47,452.2763366699219,-184.4129638671875,-141.96875,-445.70947265625,-166.63507080078125,-215.96875,True,-3.3083,-2.6621,0.3228,901.2050639188955,0.2797507021255006,-0.2651284617653418
de_train,148011,7.656119816070958e+16,,76561198014259100,ak47,666.8738403320312,-238.081787109375,-215.96875,-144.7364501953125,-241.5081787109375,-215.96875,False,-159.6506,-6.7298,0.0,811.617523128528,0.0,-0.2797507021255006
de_dust2,159250,7.656119816070958e+16,sjuush,76561198044045100,ak47,-538.2473754882812,1916.4444580078125,-119.56005859375,-187.61578369140625,2039.122802734375,-123.07330322265624,False,-10.3824,1981474,708938.0,371.4900164455059,13.47152476514153,13.47152476514153
de_dust2,159377,7.656119816070958e+16,sjuush,76561197995817500,ak47,-566.0473022460938,2077.149658203125,-118.08782958984376,-832.7307739257812,2114.853515625,-96.24237060546876,False,-89.8318,-1.3524,0.1658,270.22005663876575,0.15340754662931236,-13.318117218512217
de_ancient,159603,7.656119816070958e+16,sjuush,76561198044045100,m4a1_silencer,-315.4454345703125,-601.7957153320312,38.93812942504883,-665.5962524414062,-879.9635009765625,34.04190826416016,False,171.8042,0.5744,1.033,447.22129333008513,0.7095125346462096,0.5561049880168972
de_dust2,169719,7.656119816070958e+16,sjuush,76561198014259100,ak47,378.9631652832031,2483.86279296875,95.91846466064452,1524.231201171875,1888.91796875,-8.853759765625,True,-94.6472,1270559,8.0578,1294.8264118808374,2.2036262649609126,1.494113730314703
de_dust2,170574,7.656119816070958e+16,sjuush,76561198044045100,ak47,807.9234619140625,2236.77099609375,-36.9434814453125,-591.4297485351562,2184.815673828125,-121.0135498046875,False,-139.5772,2849290,0.6415,1402.8387432275351,0.4956104579595103,-1.7080158070014022
de_ancient,22491,7.656119816138966e+16,Marci[HUN],76561199173174300,scar20,-2064.372802734375,1098.7740478515625,116.03125,-1159.62060546875,635.656494140625,70.9708023071289,True,35.6575,14.3317,0.0,1017.3911985851172,0.0,0.0
de_ancient,27398,7.656119816138966e+16,Marci[HUN],76561198032470700,scar20,65.09302520751953,909.7622680664062,77.7802505493164,1391.3583984375,711.644287109375,129.79449462890625,True,-82.9976,2030324,0.5648,1341.98958870571,0.4477580202984158,0.4477580202984158
de_ancient,36577,7.656119816138966e+16,Marci[HUN],76561198055327500,scar20,-2026.8134765625,1145.41552734375,116.03125,-2109.4404296875,-319.2708740234375,72.03128051757812,True,-124.0356,2691230,0.9976,1467.674849906183,0.6919464599834264,0.24418843968501058
de_ancient,37048,7.656119816138966e+16,Marci[HUN],76561198413150600,scar20,-2023.055908203125,1147.106201171875,116.03125,-2081.111572265625,-342.269287109375,72.0312728881836,True,-83.5098,1862920,214035.0,1491.1558614741082,12.273899504154933,11.581953044171506
de_ancient,41216,7.656119816138966e+16,Marci[HUN],76561198055327500,scar20,-1969.807861328125,1227.112060546875,116.03125,-2170.80615234375,-322.8997802734375,75.66450500488281,True,-30.4349,1789934,0.7876,1563.5109509612896,0.5808739380771594,-11.693025566077774
de_ancient,44870,7.656119816138966e+16,Marci[HUN],76561199173174300,scar20,-2010.398681640625,1158.062255859375,116.03125,-2070.061279296875,-400.4691162109375,73.4942626953125,True,60.8752,27.9396,1853973.0,1560.252882892841,14.432842001277134,13.851968063199974
de_ancient,45401,7.656119816138966e+16,Marci[HUN],76561198032470700,scar20,-1986.08935546875,1223.00146484375,116.03125,-2098.77978515625,139.41390991210938,72.03125762939453,True,-26.1955,1388713,0.1294,1090.319733598589,0.12168651825659926,-14.311155483020535
de_ancient,54616,7.656119816138966e+16,Marci[HUN],76561198413150600,scar20,-302.73760986328125,1059.548583984375,64.2606430053711,-257.07672119140625,753.5504760742188,77.66424560546875,True,231260,593672,14.4542,309.6763073946122,2.737880811060884,2.6161942928042845
de_ancient,61263,7.656119816138966e+16,Marci[HUN],76561198032470700,glock,-808.8619384765625,-823.2660522460938,37.51881790161133,-495.6226806640625,-133.2506103515625,56.14839172363281,True,147.7397,465352,0.389,758.0153057218707,0.3285840637722067,-2.409296747288677
de_ancient,62821,7.656119816138966e+16,,76561198413150600,glock,1068.693359375,-711.1238403320312,11.425682067871094,1185.5987548828125,-721.2943115234375,9.742509841918944,False,-97.0148,1.1525,2.066,117.35903481128118,1.1203737804496223,0.7917897166774156
de_ancient,26943,7.656119816491342e+16,MONUS * ⋘G2A⋙,76561199132215200,ak47,1061.7298583984375,91.1637725830078,151.046875,1273.1256103515625,331.5521240234375,123.42461395263672,True,-129.0063,559584,0.1807,321.3062600657562,0.166107482930927,0.0
de_dust2,2788,7.656119816770058e+16,1ongnova,76561198846732900,glock,1275.174072265625,940.5899047851562,-0.320068359375,1341.5255126953125,2237.3779296875,1.418675422668457,True,34.2554,-9.8698,0.6933,1298.4855480162864,0.5266792876891578,0.0
de_dust2,4499,7.656119816770058e+16,1ongnova,76561198168074900,glock,1077.9453125,2624.0166015625,96.53125,328.0447082519531,1940.9952392578125,97.83010864257812,True,-74.1749,2656076,0.5404,1014.3326794744959,0.43204212295861677,-0.09463716473054107
de_dust2,6566,7.656119816770058e+16,1ongnova,76561198846732900,ak47,683.9830322265625,810.8158569335938,0.2306623458862304,1366.9130859375,740.7188110351562,-19.8634033203125,True,21.0446,0.7182,0.2606,686.8120744281576,0.2315877980968727,-0.20045432486174408
de_dust2,6643,7.656119816770058e+16,1ongnova,76561198168074900,ak47,686.124267578125,838.5869750976562,-0.13201904296875,947.1058349609376,803.6632080078125,4.844961643218994,True,-37.5320,-3.8686,0.2926,263.3549284864172,0.25665569384665804,0.02506789574978535
de_dust2,11235,7.656119816770058e+16,1ongnova,76561199558996700,ak47,1546.8343505859375,1665.7017822265625,1.0312480926513672,948.2587280273438,2508.34765625,96.39105987548828,True,121.1541,2292264,0.0175,1037.99727294121,0.017348638334613004,-0.23930705551204504
de_dust2,14945,7.656119816770058e+16,1ongnova,76561199558996700,ak47,1040.721435546875,762.7484741210938,9.031248092651367,1743.73291015625,2087.64111328125,2.9693527221679688,True,94.0001,0.0000,0.0,1499.8674559135866,0.0,-0.017348638334613004
de_dust2,15668,7.656119816770058e+16,1ongnova,76561198294497800,ak47,336.0118408203125,49.22848892211914,-2.24090576171875,-160.0198974609375,549.7223510742188,0.0240426063537597,True,103.0909,-2.5351,0.0,704.6607136951466,0.0,0.0
de_dust2,30530,7.656119816770058e+16,1ongnova,76561198168074900,ak47,-1937.939453125,1209.01220703125,31.627513885498047,-2088.8173828125,2955.638427734375,34.426273345947266,True,-138.2890,0.3574,0.7819,1753.1329491995139,0.577680210751232,0.577680210751232
de_dust2,49762,7.656119816770058e+16,1ongnova,76561198168074900,awp,-380.593017578125,-593.9318237304688,1.4338202476501465,-422.9055786132813,2423.909423828125,-89.86199951171875,True,94.8361,-0.2475,0.1404,3019.5183514913265,0.13137907805637986,-0.44630113269485217
de_dust2,68125,7.656119816770058e+16,1ongnova,76561198846732900,deagle,361.5630798339844,2209.932861328125,96.55855560302734,1503.173095703125,2100.579833984375,-10.3175048828125,True,-99.7981,19.9055,0.5829,1151.804673209375,0.4592586077095556,0.3278795296531758
de_dust2,69578,7.656119816770058e+16,1ongnova,76561198294497800,galilar,1392.693359375,2301.705078125,7.389560699462891,1241.343505859375,2074.49267578125,1.016209363937378,False,90.7457,1992400,0.1606,273.08034265626907,0.14893711277437083,-0.3103214949351848
de_dust2,74082,7.656119816770058e+16,1ongnova,76561198846732900,usp_silencer,-1839.66162109375,2538.383056640625,32.25602340698242,-2073.2158203125,1124.6864013671875,37.23099899291992,True,88.3727,0.3433,0.0591,1432.867944887489,0.05741949086748648,-0.09151762190688434
de_dust2,76824,7.656119816770058e+16,1ongnova,76561198168074900,tec9,-1240.1748046875,1252.28662109375,104.06002807617188,-1071.01171875,1187.079345703125,-68.05419921875,True,-0.0412,2160897,5.102,249.98289070473373,1.8086165862944779,1.7511970954269913
de_dust2,80192,7.656119816770058e+16,1ongnova,76561199558996700,m4a1_silencer,166.991455078125,2360.06640625,-119.96875,1451.958251953125,1962.4013671875,-10.36102294921875,True,160.6105,777724,0.9504,1349.552150230963,0.66803447974487,-1.140582106549608
de_dust2,81638,7.656119816770058e+16,1ongnova,76561198294497800,m4a1_silencer,515.155029296875,2246.79443359375,-120.5433349609375,1288.4637451171875,2303.326904296875,127.03125,True,144.0909,-0.1494,0.6552,813.9382441721491,0.5039218474491962,-0.16411263229567374
de_dust2,88322,7.656119816770058e+16,1ongnova,76561199558996700,deagle,1320.402587890625,1223.2171630859375,1.0312519073486328,592.2714233398438,674.9483032226562,1.1219539642333984,True,141.9574,78710,0.5889,911.4679060245195,0.46304195291218425,-0.04087989453701196
de_dust2,97069,7.656119816770058e+16,1ongnova,76561199558996700,mp9,-592.7184448242188,1514.6748046875,-109.6107177734375,-161.5460205078125,954.794189453125,1.451517105102539,True,107.9572,-1.6696,0.8278,715.3396276051855,0.6031130578559643,0.14007110494378
de_dust2,101177,7.656119816770058e+16,1ongnova,76561199045569900,ssg08,-424.232177734375,2067.700439453125,-128.88848876953125,-432.139892578125,-430.561279296875,0.2942218780517578,True,177.1456,477068,290401.0,2501.6119443382922,12.579021448961404,11.97590839110544
de_dust2,109330,7.656119816770058e+16,1ongnova,76561198846732900,awp,-1706.3994140625,2779.19189453125,66.03125,-1965.1939697265625,1757.1075439453125,32.15932083129883,True,93.3961,0.2678,0.2927,1054.8830974755672,0.256733054307765,-12.32228839465364
de_dust2,110195,7.656119816770058e+16,1ongnova,76561198294497800,awp,-1441.6861572265625,2642.486572265625,108.03124237060548,-2025.9677734375,1633.731201171875,32.699214935302734,True,0.7282,-2.7507,1.0918,1168.181201744861,0.7380249393380308,0.4812918850302658
de_dust2,117227,7.656119816770058e+16,1ongnova,76561198294497800,awp,-410.19287109375,1976.3134765625,-126.722900390625,-476.031494140625,84.94667053222656,0.52764892578125,True,-2.2278,17.3028,357210.0,1896.7856551385012,12.786081922583111,12.04805698324508
de_dust2,121835,7.656119816770058e+16,1ongnova,76561199045569900,ssg08,-372.23541259765625,1994.072998046875,-127.0362548828125,-395.3839111328125,-465.9923706054688,1.4482827186584473,True,-129.9590,947807,0.7907,2463.5270949250157,0.5826066048605768,-12.203475317722535
de_dust2,125185,7.656119816770058e+16,1ongnova,76561199558996700,awp,565.3518676757812,669.4458618164062,1.268537521362305,1272.018310546875,1228.5322265625,0.0314030647277832,False,-55.8260,500020,1091041.0,901.0863195203614,13.902643760866159,13.320037156005583
de_dust2,3549,7.656119816807491e+16,ЯАбсолют!,76561198203876300,deagle,245.4587860107422,1463.645263671875,0.2122797966003418,425.8421325683594,1580.6383056640625,2.484171867370605,True,113.2134,2427404,849952.0,215.01322071791864,13.652936332820076,0.0
de_dust2,14018,7.656119816807491e+16,ЯАбсолют!,76561198203876300,awp,-613.7249755859375,2432.8173828125,-90.87249755859376,-119.56109619140624,315.0382385253906,1.289315700531006,True,90.8212,0.1222,0.0,2176.621290785079,0.0,-13.652936332820076
de_dust2,14764,7.656119816807491e+16,ЯАбсолют!,76561198274201900,awp,-1308.6075439453125,2683.889404296875,130.03125,-2022.289306640625,1729.841064453125,32.70939254760742,True,51.9543,-0.1847,0.0,1195.416846585528,0.0,0.0
de_dust2,17556,7.656119816807491e+16,ЯАбсолют!,76561198167700500,awp,-2012.976318359375,1043.49658203125,37.65616226196289,-1170.3741455078125,1117.0350341796875,-7.96875,True,-148.9090,0.2640,0.1042,847.0348034511181,0.09912109086780718,0.09912109086780718
de_dust2,24114,7.656119816807491e+16,ЯАбсолют!,76561199039770200,awp,-421.92431640625,2423.930419921875,-89.8570556640625,-386.55078125,-409.622314453125,7.337037086486816,True,82.3412,-0.5850,0.0974,2835.4398383917605,0.09294374564273797,-0.006177345225069214
de_dust2,27342,7.656119816807491e+16,ЯАбсолют!,76561199486891200,awp,-1718.4979248046875,2855.748291015625,66.03125,-2025.0718994140625,1498.114013671875,33.84178924560547,True,163.2218,2470227,0.4323,1392.1905739912675,0.35928154380368243,0.2663377981609445
de_dust2,39788,7.656119816807491e+16,ЯАбсолют!,76561198167700500,p250,-1191.4476318359375,1359.969482421875,-106.4884033203125,-1079.265380859375,1347.9759521484375,-112.09161376953124,False,496579,496183,683006.0,112.96060450407724,13.434260387402311,13.074978843598629
de_dust2,42969,7.656119816807491e+16,ЯАбсолют!,76561198203876300,ak47,-1705.222412109375,835.1679077148438,33.690616607666016,-1528.48828125,1190.93115234375,36.229042053222656,False,133.6370,639573,0.6539,397.2516618508327,0.5031361352816105,-12.9311242521207
de_dust2,66756,7.656119816807491e+16,ЯАбсолют!,76561198274201900,awp,-980.5904541015624,2409.340576171875,-33.04217529296875,-434.36181640625,2128.7578125,-127.69781494140624,False,133.3816,281663,0.699,621.3309118541254,0.530039842689795,0.026903707408184485
de_dust2,74080,7.656119816807491e+16,ЯАбсолют!,76561198274201900,glock,-1220.975341796875,1257.676513671875,104.06002807617188,-1075.6817626953125,1232.9920654296875,-87.49114990234375,True,158.3380,891771,1457716.0,241.68450487799214,14.192382071201688,13.662342228511893
de_dust2,75182,7.656119816807491e+16,ЯАбсолют!,76561199486891200,glock,-396.7110595703125,1573.032958984375,-126.45367431640624,-483.3109130859375,1830.349365234375,-123.45806884765624,False,38.7148,1180220,0.7852,271.51471637181504,0.5795304537729777,-13.61285161742871
de_dust2,76473,7.656119816807491e+16,ЯАбсолют!,76561199039770200,glock,-628.8728637695312,1493.744384765625,-110.9923095703125,-1127.648193359375,1367.5517578125,-111.6539306640625,False,130.8472,-3.2959,1251354.0,514.491833022896,14.039737522174725,13.460207068401747
de_dust2,80439,7.656119816807491e+16,ЯАбсолют!,76561198203876300,m4a1_silencer,1300.219970703125,704.0433959960938,-20.203857421875,690.5909423828125,879.5098876953125,-0.3599853515625,True,-2.3586,-0.8195,0.5695,634.6887592661014,0.45075709729987123,-13.588980424874855
de_dust2,80779,7.656119816807491e+16,ЯАбсолют!,76561199039770200,m4a1_silencer,1515.821533203125,571.4912719726562,-70.595947265625,1433.576904296875,2924.808349609375,118.62806701660156,True,-177.9672,0.7083,0.4123,2362.344423334928,0.3452195810928811,-0.10553751620699015
de_dust2,86232,7.656119816807491e+16,ЯАбсолют!,76561198167700500,m4a1_silencer,563.96875,2763.9677734375,97.36048889160156,331.9881896972656,1944.3946533203125,97.54622650146484,True,137.8379,740014,0.7728,851.7717499867274,0.5725602175708276,0.22734063647794656
de_dust2,98867,7.656119816807491e+16,ЯАбсолют!,76561198167700500,m4a1_silencer,-164.5355224609375,314.88232421875,2.160106420516968,-149.0360107421875,1078.411865234375,0.5649318695068359,True,-17.3326,-3.8226,0.1946,763.688509438828,0.17781140131606854,-0.3947488162547591
de_dust2,117507,7.656119816807491e+16,ЯАбсолют!,76561198203876300,ak47,663.4686889648438,771.5316162109375,0.6879019737243652,1410.5328369140625,1158.256591796875,-9.90350341796875,True,-73.2922,-5.2714,0.2637,841.2925922419662,0.234043925782498,0.05623252446642946
de_dust2,122867,7.656119816807491e+16,ЯАбсолют!,76561199486891200,ak47,728.037353515625,494.9770812988281,0.5029034614562988,588.4174194335938,577.8799438476562,1.192756414413452,False,76.9132,0.7464,2.0947,162.37945223752095,1.1296909709053737,0.8956470451228757
de_dust2,123193,7.656119816807491e+16,ЯАбсолют!,76561199039770200,knife_t,619.8923950195312,884.2448120117188,0.2834761142730713,587.06884765625,859.2357788085938,1.5852413177490234,False,-86.9980,0.6588,0.0,41.28597335548184,0.0,-1.1296909709053737
de_dust2,4149,7.656119817848149e+16,v4Ru.,76561198063645300,usp_silencer,254.2526092529297,1390.5184326171875,0.1541223526000976,394.9756164550781,1838.7415771484373,95.36705017089844,True,-113.1808,1735269,1368839.0,479.34586018159166,14.129474223809943,0.0
de_dust2,7920,7.656119817848149e+16,v4Ru.,76561198074384700,mp9,-1989.5556640625,1797.54736328125,33.03125,-2002.0068359375,1300.5750732421875,30.60028076171875,False,172.3240,-10.2674,0.0,497.1341854662263,0.0,-14.129474223809943
de_dust2,20089,7.656119817848149e+16,v4Ru.,76561199130088600,m4a1,1048.424072265625,2111.91455078125,-0.86322021484375,360.6604919433594,2472.23681640625,96.3386459350586,True,-80.5703,-2.9388,0.3009,782.4954187123769,0.2630563326253763,0.2630563326253763
de_dust2,22002,7.656119817848149e+16,v4Ru.,76561198074384700,m4a1,1348.8221435546875,2582.111083984375,81.02947998046875,1175.68408203125,2564.078125,96.6085205078125,True,-7.7107,5.0046,0.9413,174.77037066270242,0.663357851749193,0.40030151912381673
de_dust2,29072,7.656119817848149e+16,v4Ru.,76561198063645300,usp_silencer,-2175.822998046875,2152.6669921875,3.3879308700561523,-1869.24853515625,2274.923828125,-0.44049072265625,False,108.3894,8.0585,1.1271,330.0746764627901,0.7547595496874677,0.09140169793827468
de_dust2,35460,7.656119817848149e+16,v4Ru.,76561198158472300,m4a1,1254.712646484375,2265.309326171875,11.881725311279297,1316.1195068359375,1188.9468994140625,1.0312480926513672,False,152.5507,-6.5341,1.0289,1078.1672454169973,0.7074937742668669,-0.04726577542060084
de_dust2,35823,7.656119817848149e+16,v4Ru.,76561198190202200,m4a1,1709.6527099609375,2179.15283203125,2.166547536849976,1162.25390625,554.9231567382812,14.0,True,-172.5526,2.1296,2626826.0,1714.032531489314,14.781287211912186,14.07379343764532
de_dust2,43991,7.656119817848149e+16,v4Ru.,76561198074384700,m4a1,-240.0244140625,2160.437744140625,-126.208740234375,1728.4415283203125,2130.322998046875,2.628692150115967,True,88.0839,-2.4963,0.0237,1972.9075366668285,0.023423514943588054,-14.757863696968599
de_dust2,45629,7.656119817848149e+16,v4Ru.,76561198190202200,m4a1,481.4785461425781,2456.265380859375,95.80841064453124,1775.9637451171875,1817.1181640625,1.900108337402344,True,-108.4230,0.0484,0.1082,1446.7272943943972,0.10273707745111223,0.07931356250752417
de_dust2,57542,7.656119817848149e+16,v4Ru.,76561198190202200,usp_silencer,-2015.4833984375,1472.7978515625,33.00470352172852,-1711.912353515625,1051.46484375,31.72855758666992,False,-91.6037,1.1618,0.3423,519.3057975179314,0.29438456051145334,0.19164748306034113
de_dust2,71914,7.656119817848149e+16,v4Ru.,76561198158472300,usp_silencer,-275.0330810546875,1503.1436767578125,-124.70989990234376,-881.4095458984375,1409.028076171875,-111.96875,True,131.0810,421127,1.1372,613.7690936263322,0.7594965611014792,0.4651120005900259
de_dust2,74881,7.656119817848149e+16,v4Ru.,76561198074384700,ak47,-1569.8157958984375,544.322265625,32.977970123291016,-1651.4478759765625,846.680419921875,31.923038482666016,False,28.3839,828158,665109.0,313.18582798150476,13.407707719492516,12.648211158391037
de_dust2,81882,7.656119817848149e+16,v4Ru.,76561198190202200,ak47,-616.9494018554688,2347.33056640625,-109.7364501953125,-149.522705078125,732.1609497070312,2.18154525756836,True,168.7308,2526171,1688577.0,1685.1665333950443,14.339397312588309,0.9316895930957934
de_dust2,84910,7.656119817848149e+16,v4Ru.,76561198158472300,glock,992.3060913085938,989.915283203125,-0.09130859375,1322.1529541015625,1265.839111328125,0.5724732875823975,False,-75.5324,1464624,0.1893,430.03878014419126,0.1733648987510626,-14.166032413837247
de_dust2,85822,7.656119817848149e+16,v4Ru.,76561198190202200,glock,1270.9910888671875,2363.787353515625,127.03125,648.7669067382812,2365.22021484375,29.03125,True,2159436,1962571,0.6572,629.8960119873533,0.5051294312211096,0.33176453247004706
de_dust2,86069,7.656119817848149e+16,v4Ru.,76561198063645300,glock,626.5823364257812,2430.740234375,127.03125,316.9495544433594,1719.0836181640625,68.39584350585938,True,104.9967,-1.6940,0.1083,778.3095206726618,0.1028273097994703,-0.40230212142163935
de_dust2,86315,7.656119817848149e+16,v4Ru.,76561199130088600,glock,588.6180419921875,2138.59814453125,-98.7119140625,274.8364562988281,2338.847412109375,-119.96875,False,98.6194,-1.1910,0.8883,372.8411267012913,0.6356769534053951,0.5328496436059248
de_dust2,140731,7.656119817848149e+16,v4Ru.,76561198063645300,ak47,688.7216186523438,901.0466918945312,-0.4322509765625,1181.924072265625,613.1699829101562,7.945129871368408,True,66.7801,-1.9185,0.4109,571.1320690835935,0.3442277986369749,-0.2914491547684202
de_dust2,141177,7.656119817848149e+16,v4Ru.,76561198158472300,ak47,1347.2763671875,918.3523559570312,-8.4306640625,1747.8607177734375,2130.29248046875,3.10330867767334,True,123.1852,-14.5727,187006.0,1276.4794239873233,12.138901328291201,11.794673529654226
de_dust2,163701,7.656119817848149e+16,v4Ru.,76561198074384700,tec9,-1925.6934814453125,1817.7767333984373,33.03125,-1931.54345703125,1386.965576171875,33.44867706298828,True,112.9944,-3.0082,1853274.0,430.8510759538599,14.432464902243169,2.2935635739519675
de_dust2,2659,7.656119818082558e+16,p3dr0G,76561199132065900,p250,-394.4093017578125,-448.7979736328125,2.0980210304260254,-406.048095703125,1044.869384765625,-64.1883544921875,True,90.0807,2885053,0.2008,1495.182772322298,0.18298800133711515,0.0
de_ancient,2868,7.656119818082558e+16,p3dr0G,76561197996053800,usp_silencer,-1819.6802978515625,-958.2208251953124,-24.70245361328125,-2014.69140625,-959.9031982421876,-31.1060791015625,True,33.6800,210687,0.694,195.1234716717857,0.5270925962298626,0.3441045948927475
de_dust2,2889,7.656119818082558e+16,p3dr0G,76561199172033500,p250,39.5140266418457,-547.8226928710938,1.4128661155700684,509.94134521484375,223.32569885253903,1.5824284553527832,True,58.2687,-0.3629,0.4991,903.3115369954672,0.40486492803613194,-0.12222766819373065
de_mirage,5669,7.656119818082558e+16,p3dr0G,76561198890041700,usp_silencer,-1147.3570556640625,-700.5953369140625,-167.96875,227.24546813964844,-314.802734375,-167.29364013671875,True,2483041,197264,0.0,1427.7144274660538,0.0,-0.40486492803613194
de_dust2,11950,7.656119818082558e+16,p3dr0G,76561199132065900,deagle,-1756.5499267578125,1934.07568359375,-3.36151123046875,-1310.47607421875,2683.7080078125,130.03125,True,59.3317,-10.1311,0.1318,882.4534730972139,0.1238092857262864,0.1238092857262864
de_mirage,13790,7.656119818082558e+16,p3dr0G,76561198091804300,m4a1,-1204.8702392578125,-1391.865234375,-164.41845703125,-421.1064453125,-1547.0751953125,-39.96875,True,14.7303,168134,1572856.0,808.6182945332949,14.268404268817024,14.144594983090737
de_dust2,13900,7.656119818082558e+16,p3dr0G,76561198396270700,awp,-658.361083984375,2107.400634765625,-116.80816650390624,445.541259765625,2180.594482421875,-129.2216796875,True,814948,-0.1233,0.4775,1106.3958691088053,0.3903514702981162,-13.878052798518908
de_mirage,14389,7.656119818082558e+16,p3dr0G,76561198890041700,m4a1,-718.6146240234375,-1683.4451904296875,-173.9130859375,328.8905639648437,-1588.08203125,-176.41033935546875,True,17.5462,73020,1.0618,1051.8400483275623,0.7235793876801473,0.3332279173820311
de_ancient,17710,7.656119818082558e+16,p3dr0G,76561198892511800,usp_silencer,-1478.9346923828125,-325.05047607421875,104.50968933105467,-444.4890747070313,-100.4984130859375,63.45721435546875,True,-139.7399,35.8580,0.4955,1059.3331254249263,0.40246059908786563,-0.32111878859228166
de_mirage,19845,7.656119818082558e+16,p3dr0G,76561199169167900,ak47,-1047.9669189453125,-481.052490234375,-295.4388427734375,-731.882080078125,-703.99560546875,-267.521240234375,True,146.4786,0.5981,0.1487,387.8049129699529,0.13863086816922146,-0.26382973091864415
de_mirage,20683,7.656119818082558e+16,p3dr0G,76561199065901300,ak47,-1247.96875,-759.96875,-128.96875,-1120.123291015625,-676.1927490234375,-103.640625,False,179.4957,1777727,0.4358,154.933513606857,0.3617221851602456,0.22309131699102416
de_mirage,22052,7.656119818082558e+16,p3dr0G,76561198274450700,m4a1,-2101.251708984375,-19.34130859375,-165.71875,-2093.764404296875,428.0238037109375,-159.96875,True,88.3267,668608,0.5964,447.4647091546652,0.4677510941924418,0.1060289090321962
de_mirage,22158,7.656119818082558e+16,p3dr0G,76561198091804300,m4a1,-2150.453857421875,-5.8739013671875,-166.763916015625,-1937.0968017578125,713.7598266601562,-47.96875,True,163.4700,15.3009,0.2447,759.9383048543156,0.21889453702479483,-0.24885655716764699
de_inferno,22545,7.656119818082558e+16,p3dr0G,76561199576395700,awp,2398.301513671875,-280.79620361328125,95.53228759765624,2178.313232421875,1074.2296142578125,166.6601104736328,True,143.3771,984451,0.309,1374.6086636463601,0.26926348692776286,0.05036894990296803
de_dust2,24907,7.656119818082558e+16,p3dr0G,76561199172033500,ak47,-1601.8648681640625,1217.0849609375,34.072601318359375,-1680.2391357421875,1250.56591796875,34.71916198730469,False,151.7253,0.3629,1.1666,85.22862396422092,0.7731591185293301,0.5038956316015673
de_dust2,27918,7.656119818082558e+16,p3dr0G,76561199132065900,ak47,1090.4202880859375,2580.12646484375,96.29503631591795,273.0337829589844,1837.928466796875,98.4626235961914,True,-137.5914,0.4951,0.1191,1104.0757517050454,0.11252479084184443,-0.6606343276874856
de_inferno,30028,7.656119818082558e+16,p3dr0G,76561198448033400,galilar,2483.531494140625,965.701171875,171.50096130371094,1293.03125,1185.03125,181.03125,True,92.8304,-3.7841,2751770.0,1210.573145609897,14.827755262363741,14.715230471521897
de_ancient,32076,7.656119818082558e+16,p3dr0G,76561198956036500,m4a1,-68.5289306640625,-765.0557250976562,153.03125,144.4114227294922,-844.60595703125,153.03125,False,19.5220,678378,0.7796,227.31439352592812,0.5763886199497497,-14.251366642413991
de_mirage,36571,7.656119818082558e+16,p3dr0G,76561199065901300,awp,-642.4916381835938,-1032.24072265625,-215.8447265625,-712.3814086914062,-1615.302001953125,-167.96875,True,-113.8651,1023258,0.7236,589.1834557833038,0.544415126759546,-0.031973493190203706
de_mirage,36744,7.656119818082558e+16,p3dr0G,76561199169167900,awp,-523.0932006835938,-1226.7132568359375,-167.96875,-1272.4591064453125,-1485.796875,-152.17462158203125,False,107.1833,0.4642,1089521.0,793.0466798439712,13.901249625911909,13.356834499152363
de_mirage,42463,7.656119818082558e+16,p3dr0G,76561198091804300,m4a1,-587.9119873046875,-1310.140380859375,-167.96875,-541.3939208984375,-1903.031494140625,-179.96875,True,88.0513,1685839,310882.0,594.8342649091899,12.647171914590439,-1.2540777113214698
de_ancient,44090,7.656119818082558e+16,p3dr0G,76561197996053800,awp,-1194.740234375,-228.1015625,103.03125,-440.388671875,-256.31988525390625,56.03069305419922,True,-178.4520,-4.0392,0.637,756.3409323436425,0.49286529838899784,-12.154306616201442
de_dust2,44272,7.656119818082558e+16,p3dr0G,76561198396270700,m4a1,-874.9684448242188,1434.1644287109375,-112.3724365234375,-30.66253662109375,1538.5604248046875,0.9304637908935548,True,829619,-7.5898,0.9152,858.2473640196918,0.6498220558215717,0.15695675743257387
de_ancient,46966,7.656119818082558e+16,p3dr0G,76561198885569000,awp,901.1461181640624,-61.4249267578125,130.03125,866.5013427734375,-8.14373779296875,130.03125,False,-108.3077,-1.5827,0.0412,63.55427255011448,0.040373894138273254,-0.6094481616832984
de_mirage,47952,7.656119818082558e+16,p3dr0G,76561198091804300,ak47,-1010.6679077148438,396.8717651367188,-367.96875,-804.4661254882812,479.9660949707031,-317.6065673828125,False,-1.1357,0.1099,0.2783,227.94778367410512,0.24553107019183898,0.20515717605356573
de_dust2,48795,7.656119818082558e+16,p3dr0G,76561198396270700,m4a1,1441.9256591796875,1659.4456787109375,-8.17816162109375,1760.0406494140625,2205.990478515625,3.488499641418457,True,61.0325,2535241,0.4621,632.4906925721331,0.37987375844125526,0.13434268824941628
de_ancient,50056,7.656119818082558e+16,p3dr0G,76561197996053800,awp,-493.894775390625,614.6182861328125,162.03125,-520.1024169921875,-581.4739379882812,33.5536994934082,True,170.7663,2446793,1.0876,1203.2580479952896,0.7360150807871211,0.3561413223458658
de_inferno,50212,7.656119818082558e+16,p3dr0G,76561198213870300,ak47,805.30419921875,2059.99365234375,136.0312957763672,512.8850708007812,3142.547607421875,210.2759552001953,True,166.0632,0.3004,1927872.0,1123.807938116196,14.47192788061372,13.735912799826599
de_inferno,50787,7.656119818082558e+16,p3dr0G,76561199547149300,ak47,584.9313354492188,2551.63525390625,252.0401153564453,363.0217590332031,2439.66064453125,281.03125,True,169.3062,-0.6928,0.9743,250.24519803133092,0.6802139051480461,-13.791713975465674
de_mirage,51539,7.656119818082558e+16,p3dr0G,76561199027584500,awp,47.836421966552734,-2210.328369140625,-39.96875,-953.8104248046876,-1398.4813232421875,-167.96875,True,-23.9045,2502643,508055.0,1295.675897584264,13.138346956705526,12.45813305155748
de_dust2,52996,7.656119818082558e+16,p3dr0G,76561198357961300,m4a1,267.9645080566406,1354.44189453125,0.3109645843505859,308.2726745605469,1771.6009521484375,96.03125,False,85.9481,-3.4648,1.0124,429.8939411983146,0.6993280396350264,-12.439018917070499
de_ancient,56822,7.656119818082558e+16,p3dr0G,76561198956036500,inferno,-467.317138671875,-183.545166015625,56.030723571777344,-1164.290283203125,-974.0730590820312,38.03125,True,19.2312,919834,1538769.0,1054.0540284836688,14.24649395395929,13.547165914324262
de_ancient,58902,7.656119818082558e+16,p3dr0G,76561199238348800,awp,-2072.681396484375,524.5535278320312,60.2093391418457,-2091.443115234375,-375.25677490234375,72.10247039794922,True,176.7477,27.3535,360163.0,900.084456908604,12.794314762253919,-1.4521791917053708
de_ancient,64222,7.656119818082558e+16,p3dr0G,76561199238348800,awp,-1183.372802734375,-893.141357421875,37.04267501831055,-448.3522338867188,-676.70654296875,32.030601501464844,True,-78.9766,1783632,0.0,766.2404233773034,0.0,-12.794314762253919
de_mirage,64591,7.656119818082558e+16,p3dr0G,76561199065901300,ak47,142.1434783935547,-1429.63818359375,-175.96875,170.13113403320312,-1717.9677734375,-167.96875,True,-62.8789,-14.8477,1717372.0,289.7952057016621,14.356306355657553,14.356306355657553
de_inferno,64621,7.656119818082558e+16,p3dr0G,76561199576395700,ak47,1231.68896484375,-220.0494384765625,260.03125,1205.5771484375,-591.7456665039062,138.76194763183594,True,-164.3579,-0.8580,0.7096,391.8496606897217,0.5362594250228008,-13.820046930634753
de_inferno,65201,7.656119818082558e+16,p3dr0G,76561198799594500,ak47,2294.24462890625,-422.4853515625,96.2962417602539,2473.004638671875,-176.82550048828125,95.29225158691406,True,-104.3073,417594,0.0,303.81723374009226,0.0,-0.5362594250228008
de_mirage,68177,7.656119818082558e+16,p3dr0G,76561198091804300,m4a1,-523.9078369140625,-1445.635009765625,-72.251953125,-472.110595703125,-1563.3670654296875,-39.96875,True,-5.5347,-4.5971,348809.0,132.61220280185367,12.762282640330763,12.762282640330763
de_dust2,70827,7.656119818082558e+16,p3dr0G,76561199008951200,ak47,-521.039794921875,2058.089599609375,-120.872314453125,2.7628087997436523,2080.740478515625,-125.43115234375,False,467512,1.0561,0.7443,524.3119424385503,0.556353329041952,-12.205929311288811
de_mirage,71492,7.656119818082558e+16,p3dr0G,76561199169167900,ak47,-830.9385986328125,-788.6431884765625,-221.96875,-832.6618041992188,-48.24310302734375,-112.46875,True,23.0215,-7.3327,0.1696,748.4554134820821,0.156661810013377,-0.399691519028575
de_mirage,72219,7.656119818082558e+16,p3dr0G,76561198150806200,ak47,-1257.094482421875,-947.1693725585938,-167.96875,-1208.6934814453125,-1397.8751220703125,-163.8421630859375,False,-61.6790,0.4182,0.0327,453.3159585300441,0.03217673169522125,-0.12448507831815575
de_mirage,73063,7.656119818082558e+16,p3dr0G,76561199015497600,ak47,-1156.046142578125,-766.8770141601562,-167.96875,-860.096435546875,-305.4600830078125,-166.6031494140625,True,-41.5668,0.9723,0.2616,548.1730368331607,0.23238075666669156,0.2002040249714703
de_ancient,74745,7.656119818082558e+16,p3dr0G,76561199238348800,tec9,-1342.134033203125,1351.87744140625,97.25526428222656,-1035.934326171875,1446.2918701171875,73.52091217041016,True,-152.5081,2382875,1429957.0,321.3030725109919,14.173155631175394,13.940774874508703
de_mirage,77980,7.656119818082558e+16,p3dr0G,76561198890041700,m4a1,-620.5697021484375,-376.807861328125,-168.0458984375,437.6346435546875,-913.6973266601562,-159.96875,True,41.2564,1003170,0.0,1186.6389406961052,0.0,-14.173155631175394
de_ancient,78192,7.656119818082558e+16,p3dr0G,76561198956036500,galilar,-1248.0245361328125,-1385.99609375,-22.61737060546875,-1177.4095458984375,-960.2998657226562,36.62745666503906,True,-105.1354,-0.0923,0.936,435.56136761749366,0.6606239888543853,0.6606239888543853
de_mirage,79430,7.656119818082558e+16,p3dr0G,76561199065901300,usp_silencer,240.3185577392578,-1483.665283203125,-175.96875,-484.8111572265625,-2041.6717529296875,-179.96875,True,167.4560,67.2648,1323365.0,914.9865156291173,14.09568904882913,13.435065059974743
de_mirage,79781,7.656119818082558e+16,p3dr0G,76561199169167900,usp_silencer,255.75575256347656,-1494.862548828125,-175.96875,-507.2203369140625,-2186.066650390625,-179.96875,True,89.0215,0.2620,1542786.0,1029.5200936024808,14.2491010790427,0.15341203021357153
de_dust2,81590,7.656119818082558e+16,p3dr0G,76561198396270700,mp9,-1918.0821533203125,1338.7359619140625,31.358304977416992,-1670.563232421875,1186.9478759765625,31.446666717529297,True,-34.5331,1146741,0.3251,290.353658566745,0.2814879282884534,-13.967613150754248
de_inferno,83985,7.656119818082558e+16,p3dr0G,76561198213870300,usp_silencer,1529.925537109375,1133.828857421875,165.30699157714844,1325.1556396484375,704.63623046875,135.41261291503906,False,-176.0858,2028955,1.1443,476.4773822677009,0.762813158793048,0.4813252305045946
de_ancient,84687,7.656119818082558e+16,p3dr0G,76561198956036500,galilar,-527.1311645507812,538.3701782226562,160.03170776367188,-507.4513549804688,705.8616333007812,132.62765502929688,True,-100.1727,240513,0.7811,170.85568335639212,0.5772311509626025,-0.18558200783044554
de_mirage,88435,7.656119818082558e+16,p3dr0G,76561198184283300,glock,-1148.8438720703125,-692.1301879882812,-167.96875,-200.94403076171875,-355.65576171875,-165.7547607421875,True,-53.2882,-0.9891,0.0858,1005.8499144677108,0.08231704248921366,-0.4949141084733888
de_inferno,89291,7.656119818082558e+16,p3dr0G,76561198213870300,ssg08,1908.74853515625,1039.02734375,165.0682373046875,2369.641845703125,953.9531860351562,161.0308380126953,True,109.4327,905681,2413218.0,468.69665734970977,14.696472098880918,14.614155056391704
de_inferno,89575,7.656119818082558e+16,p3dr0G,76561198799594500,ssg08,2177.679443359375,1018.0125732421876,170.59063720703125,1376.8218994140625,1056.593017578125,166.58697509765625,False,-76.0896,977146,0.0,801.7962869018305,0.0,-14.696472098880918
de_inferno,93316,7.656119818082558e+16,p3dr0G,76561199576395700,ssg08,1331.8087158203125,420.245361328125,129.03125,569.4856567382812,677.478271484375,100.97191619873048,True,110.1585,-0.5782,0.7327,805.0419508876606,0.5496808855346641,0.5496808855346641
de_ancient,95662,7.656119818082558e+16,p3dr0G,76561199238348800,ak47,434.5999450683594,116.9244384765625,152.65475463867188,933.9166870117188,247.3929748535156,131.1839599609375,True,14.8748,1285686,1230870.0,516.5270978306647,14.023232606824095,13.47355172128943
de_mirage,99009,7.656119818082558e+16,p3dr0G,76561199065901300,m4a1_silencer,116.44358825683594,-493.1994018554688,-171.29754638671875,376.6886596679688,309.46368408203125,-258.1207275390625,True,-82.8143,-4.5222,1781686.0,848.2533769493103,14.39307122624313,0.36983861941903484
de_mirage,99037,7.656119818082558e+16,p3dr0G,76561198890041700,deagle,-1141.15771484375,-198.0372314453125,-55.96875,-1166.1671142578125,-728.7352294921875,-167.96875,True,156.9524,2768937,2786437.0,542.9639354414003,14.840274635609612,0.44720340936648206
de_dust2,101501,7.656119818082558e+16,p3dr0G,76561199132065900,mp9,-170.91357421875,515.4004516601562,-0.30401611328125,30.85105323791504,335.1946716308594,-0.80010986328125,False,-41.6588,836043,234488.0,270.52418405329854,12.365163957452676,-2.475110678156936
de_mirage,105484,7.656119818082558e+16,p3dr0G,76561199015497600,awp,233.9642639160156,-511.6654052734375,-164.1763916015625,-478.4263916015625,-643.8150024414062,-274.1055908203125,True,-3.7635,14.9397,0.9059,732.8358553873417,0.6449543379584602,-11.720209619494216
de_mirage,110191,7.656119818082558e+16,p3dr0G,76561199015497600,awp,422.6329956054688,-822.651123046875,-164.6485595703125,-1211.8709716796875,-530.7213134765625,-167.96875,True,-99.5406,2382599,0.9305,1660.3726257834905,0.6577790367221541,0.012824698763693854
de_ancient,115752,7.656119818082558e+16,p3dr0G,76561199238348800,galilar,824.4837646484375,-69.4771728515625,132.7735137939453,1290.6856689453125,322.24871826171875,123.85723114013672,True,146.2668,-2.0019,0.1111,608.9933410431427,0.10535051560782598,-0.5524285211143282
de_mirage,115999,7.656119818082558e+16,p3dr0G,76561199169167900,usp_silencer,-1000.346435546875,278.0656433105469,-367.96875,-1046.385498046875,-495.6121826171875,-288.158935546875,False,-97.1679,504646,0.6199,779.1447747955361,0.4823644189439552,0.3770139033361292
de_inferno,118067,7.656119818082558e+16,p3dr0G,76561198213870300,mp9,1314.3197021484375,330.5633239746094,129.53125,1325.15283203125,625.2017822265625,128.342529296875,False,-113.5729,1624082,5480.0,294.83994105455906,8.609042845046117,8.126678426102162
de_dust2,118380,7.656119818082558e+16,p3dr0G,76561199172033500,mp9,-1638.654296875,929.6398315429688,32.74203109741211,-1714.341064453125,601.3890380859375,31.536354064941406,True,-103.9571,437959,1119136.0,336.8657356406293,13.928068410541764,5.319025565495647
de_dust2,119469,7.656119818082558e+16,p3dr0G,76561199132065900,ak47,-157.4373779296875,-896.2608032226562,34.35929489135742,719.3179321289062,151.3740692138672,7.706161975860596,True,50.2855,2330309,1.1069,1366.3634542665588,0.7452176728509474,-13.182850737690817
de_mirage,120883,7.656119818082558e+16,p3dr0G,76561199015497600,awp,-1231.53857421875,-723.2422485351562,-128.96875,430.80218505859375,-257.8007202148437,-160.56396484375,False,164.5793,661637,2869713.0,1726.5604170839047,14.869722931202313,14.124505258351366
de_inferno,123569,7.656119818082558e+16,p3dr0G,76561199576395700,awp,1424.9266357421875,441.5644226074219,126.56727600097656,-308.94451904296875,842.053955078125,8.118408203125,True,85.9804,5.0094,0.7821,1783.4604512848628,0.5777924441969166,-14.291930487005397
de_inferno,125346,7.656119818082558e+16,p3dr0G,76561198213870300,awp,2170.48583984375,1051.669921875,168.25177001953125,1395.464599609375,1052.407470703125,166.194580078125,True,88.9511,1618177,1301392.0,775.0243214397582,14.078945787205749,13.501153343008832
de_mirage,126802,7.656119818082558e+16,p3dr0G,76561199065901300,m4a1,-1955.2342529296875,751.494140625,-47.96875,-1312.6234130859375,755.43359375,-79.96875,True,-84.8278,-4.9500,0.308,643.4191563635744,0.26849925303500694,-13.810446534170742
de_inferno,132510,7.656119818082558e+16,p3dr0G,76561198213870300,ak47,296.7501220703125,-443.70843505859375,96.03125,284.5368957519531,546.5974731445312,-1.01617431640625,True,78.6642,7.0642,0.2775,995.1246943401457,0.24490504309572245,-0.02359420993928449
de_mirage,147822,7.656119818082558e+16,p3dr0G,76561198091804300,ak47,-416.4625244140625,-2319.33544921875,-167.96875,-643.3488159179688,-2215.025390625,-179.96875,True,26.5450,454118,0.8971,250.00395516116757,0.6403264043763627,0.3954213612806402
de_dust2,161285,7.656119818082558e+16,p3dr0G,76561198357961300,awp,849.3828125,980.0138549804688,0.231903076171875,1294.775146484375,1175.799072265625,1.03125,False,22.7341,0.9259,3.1531,486.52525261793915,1.423855043337774,0.7835286389614112
de_dust2,168872,7.656119818082558e+16,p3dr0G,76561199008951200,ak47,354.53631591796875,1998.31494140625,95.96658325195312,1209.8543701171875,2437.253173828125,97.40734100341795,True,27.5201,0.9239,305710.0,961.3728836948106,12.630395490221414,11.20654044688364
de_mirage,172659,7.656119818082558e+16,p3dr0G,76561198435318800,inferno,-91.0938720703125,-1418.03125,-114.53125,-114.03271484375,-2221.136962890625,-167.96875,False,89.0960,2841528,212268.0,805.2083848244462,12.265609617246096,-0.36478587297531817
de_mirage,186383,7.656119818082558e+16,p3dr0G,76561198245763800,m4a1,1348.2373046875,-295.05010986328125,-167.96875,924.3568725585938,564.5221557617188,-250.17510986328125,True,-82.3133,1772979,0.8635,961.9235864534434,0.622456439937176,-11.64315317730892
de_mirage,54816,7.656119818428331e+16,grybs0n,76561199181204500,ak47,-960.2318725585938,356.6925354003906,-367.96875,-1047.9671630859375,-430.7764892578125,-320.5767822265625,False,-95.7132,2625547,2212672.0,793.7574847580952,14.609711844897776,0.0
de_mirage,55477,7.656119818428331e+16,grybs0n,76561198180825500,ak47,556.2315063476562,614.6070556640625,-135.96875,813.2821655273438,611.1842041015625,-190.15057373046875,True,-58.9664,632268,0.3766,262.7211969375337,0.31961669098212675,-14.290095153915649
de_mirage,64214,7.656119818428331e+16,grybs0n,76561198190202200,ak47,232.2527618408203,-1489.4791259765625,-175.96875,-431.6193237304688,-2046.5140380859373,-179.96875,True,114.1346,796231,0.0995,866.6198932112462,0.09485553101267882,-0.22476115996944793
de_mirage,64413,7.656119818428331e+16,grybs0n,76561198435318800,ak47,297.3975524902344,-1580.038818359375,-175.96875,-495.69140625,-1682.8509521484375,-173.85369873046875,True,229313,2485901,0.4757,799.7280192489206,0.38913245348726677,0.2942769224745879
de_mirage,66719,7.656119818428331e+16,grybs0n,76561198190202200,awp,742.8712158203125,-1516.207275390625,-263.948486328125,-815.640869140625,-1705.748046875,-151.93389892578125,True,-93.7961,-13.7720,0.9332,1573.9863057902053,0.659176660988792,0.27004420750152525
de_mirage,67815,7.656119818428331e+16,grybs0n,76561198330759100,awp,514.9672241210938,551.514404296875,-258.5404663085937,218.19699096679688,31.386119842529297,-206.6748046875,False,-2.5787,15.8399,0.8238,601.0790716962871,0.6009222365174282,-0.058254424471363864
de_mirage,78633,7.656119818428331e+16,grybs0n,76561198180825500,ak47,-984.54833984375,-719.4422607421875,-263.96875,-200.10968017578125,-499.743896484375,-109.6875,False,15.2926,-0.3450,0.3481,829.1043879637837,0.2986961937148813,-0.30222604280254683
de_mirage,81588,7.656119818428331e+16,grybs0n,76561199181204500,ak47,-1001.3745727539062,268.17388916015625,-367.96875,-998.5493774414062,-788.9683227539062,-263.96875,True,-159.3670,16.9488,1.0692,1062.2493294604192,0.7271620591472229,0.42846586543234155
de_mirage,82060,7.656119818428331e+16,grybs0n,76561198435318800,ak47,-932.4996948242188,560.8632202148438,-81.6390380859375,-1368.1651611328125,727.326171875,-79.96875,True,142.0707,4.0028,0.0,466.38728828258814,0.0,-0.7271620591472229
de_mirage,91620,7.656119818428331e+16,grybs0n,76561198190202200,deagle,-362.5155029296875,-2232.147705078125,-170.82281494140625,-108.505615234375,-1421.0135498046875,-72.17535400390625,True,-172.8266,1435890,1173585.0,855.681577718928,13.975574576632736,13.975574576632736
de_mirage,91739,7.656119818428331e+16,grybs0n,76561198180825500,deagle,-217.96588134765625,-2186.919921875,-168.41864013671875,-129.57275390625,-1663.0406494140625,-167.96875,True,-172.8815,-3.6780,0.3658,531.2843301794331,0.31174033754485186,-13.663834239087885
de_mirage,92062,7.656119818428331e+16,grybs0n,76561198330759100,deagle,-197.5509033203125,-2173.693359375,-168.68701171875,-69.50634765625,-1424.7379150390625,-119.96875,True,-118.6578,-3.9805,0.9135,761.382384128071,0.6489340258836199,0.33719368833876806
de_mirage,98315,7.656119818428331e+16,grybs0n,76561198435318800,m4a1_silencer,-447.52099609375,-2340.435302734375,-167.96875,-852.1669311523438,91.0662078857422,-165.96875,True,-60.9999,0.0000,0.0,2464.9425812597246,0.0,-0.6489340258836199
de_mirage,103819,7.656119818428331e+16,grybs0n,76561198435318800,deagle,-403.7896118164063,-2359.48974609375,-167.96875,-171.56298828125,-2183.8583984375,-139.96875,True,-30.9938,1950063,0.5188,292.50568363382234,0.41792054937551026,0.41792054937551026
de_mirage,103958,7.656119818428331e+16,grybs0n,76561198180825500,deagle,-421.5965576171875,-2347.06884765625,-167.96875,-255.16162109375,-2155.252197265625,-67.109375,False,17.1600,-8.7897,1.0121,273.2523174431107,0.6991789527916642,0.28125840341615393
de_mirage,108510,7.656119818428331e+16,grybs0n,76561199181204500,m4a1,-469.6290283203125,-2327.79541015625,-167.96875,-812.6401977539062,53.6568717956543,-165.96875,True,169.3546,2790301,0.6334,2406.029017607671,0.4906637319420382,-0.20851522084962598
de_mirage,110172,7.656119818428331e+16,grybs0n,76561198435318800,m4a1,-1253.933349609375,-1050.2830810546875,-167.96875,-1455.839111328125,-864.5014038085938,-167.96875,True,19.1492,-0.6932,0.0,274.37341018327635,0.0,-0.4906637319420382
de_mirage,115852,7.656119818428331e+16,grybs0n,76561198190202200,deagle,-645.0397338867188,-914.9483642578124,-226.4908447265625,-995.1677856445312,-467.8837890625,-302.023193359375,True,1995353,-5.8080,1021311.0,572.8538406192938,13.836598633227899,13.836598633227899
de_mirage,119568,7.656119818428331e+16,grybs0n,76561198330759100,m4a1_silencer,-347.00714111328125,-2217.912109375,-171.39892578125,-134.5841064453125,-1420.455810546875,-72.17535400390625,True,-93.1531,2364186,0.5219,831.2072012407343,0.419959554258617,-13.416639078969283
de_mirage,129310,7.656119818428331e+16,grybs0n,76561198435318800,ak47,-819.5392456054688,-788.9666137695312,-221.96875,-741.2890625,44.811161041259766,-143.96875,True,-96.4847,2087544,0.7919,841.0662690445228,0.5832765094242329,0.16331695516561595
de_mirage,132952,7.656119818428331e+16,grybs0n,76561198180825500,ak47,-528.2476196289062,-2403.73291015625,-167.96875,-0.42755126953125,-1433.6978759765625,-169.52581787109375,True,-158.8966,467206,2496069.0,1104.3389047567046,14.73022805295,14.146951543525768
de_mirage,143628,7.656119818428331e+16,grybs0n,76561198180825500,m4a1_silencer,-685.186279296875,-2158.703369140625,-179.96875,26.725080490112305,-2142.15673828125,-39.96875,True,127.3923,1156603,1975599.0,725.7351963261488,14.496382707648607,-0.23384534530139334
de_mirage,143963,7.656119818428331e+16,grybs0n,76561198330759100,hegrenade,-479.7346801757813,-2159.51953125,-179.96875,-617.0330200195312,-819.5108032226562,-263.96875,True,-146.5617,3.1459,0.0223,1349.6407763969305,0.022054990780831327,-14.474327716867776
de_mirage,147566,7.656119818428331e+16,grybs0n,76561198435318800,m4a1_silencer,-168.490478515625,-2407.001953125,-163.96875,-159.14306640625,-2374.93359375,-166.9814453125,True,74.9175,-5.2813,0.2136,33.53848713333087,0.19359114905218544,0.1715361582713541
de_mirage,154213,7.656119818428331e+16,grybs0n,76561198180825500,m4a1_silencer,-449.67913818359375,-2349.10888671875,-167.96875,-712.5050659179688,-1081.632080078125,-191.1490478515625,True,306318,1912836,0.3698,1294.6475388575218,0.3146647437816678,0.12107359472948237
de_mirage,163856,7.656119818428331e+16,grybs0n,76561198330759100,m4a1_silencer,-396.2550048828125,-2393.2548828125,-163.96875,-406.8529052734375,-1557.6593017578125,-39.96875,True,61.2422,0.4151,0.3018,844.8125771855024,0.2637479221561499,-0.050916821625517916
de_mirage,188899,7.656119818428331e+16,grybs0n,76561198180825500,ak47,-1025.56103515625,-233.2945556640625,-367.96875,-953.2971801757812,-553.8912963867188,-263.96875,False,117.1039,-4.3811,1914634.0,344.70325629246423,14.465037561908103,14.201289639751954
de_mirage,194138,7.656119818428331e+16,grybs0n,76561198190202200,awp,723.8976440429688,-1521.151123046875,-263.9539794921875,-741.3008422851562,-1700.640380859375,-175.63262939453125,True,-137.5636,0.3828,0.332,1478.7912830725584,0.2866815721181974,-14.178355989789905
de_inferno,12743,7.656119818564664e+16,Женщина Кошка,76561198448033400,tec9,-71.1361083984375,1368.5098876953125,104.0312271118164,429.7454223632813,1772.794921875,226.03125,True,-25.9064,1752102,0.4168,655.1432685333729,0.3484008074864867,0.0
de_inferno,14564,7.656119818564664e+16,Женщина Кошка,76561199547149300,mp9,477.7188720703125,3015.816650390625,160.79861450195312,532.9241943359375,3195.031494140625,201.34375,True,34.3450,0.5277,0.3956,191.8580095782905,0.33332443033048204,-0.015076377156004683
de_inferno,20534,7.656119818564664e+16,Женщина Кошка,76561198799594500,ak47,881.8948364257812,656.0828857421875,96.03125,1412.9320068359375,370.30267333984375,128.03125,True,79.5822,-5.6319,1419366.0,603.8996656382201,14.1657215555425,13.832397125212019
de_inferno,27123,7.656119818564664e+16,Женщина Кошка,76561198799594500,mac10,1378.5321044921875,259.0791320800781,128.03125,1494.0230712890625,25.03312492370605,140.35748291015625,False,105.8193,23743,1.0591,261.28075492709536,0.7222689941319639,-13.443452561410536
de_inferno,27205,7.656119818564664e+16,Женщина Кошка,76561199576395700,mac10,1355.24853515625,209.53692626953125,133.5257110595703,1259.1199951171875,348.7850952148437,128.22132873535156,True,-96.7391,649889,0.1331,169.2893535828683,0.12495723940438382,-0.59731175472758
de_inferno,34266,7.656119818564664e+16,Женщина Кошка,76561198799594500,ak47,1954.6739501953125,-181.9068603515625,256.03125,1996.6353759765625,693.5771484375,160.03125,True,-171.6171,-18.8855,0.3429,881.7306906867667,0.29483145460499255,0.16987421520060875
de_inferno,43244,7.656119818564664e+16,Женщина Кошка,76561199547149300,ak47,301.68072509765625,1589.8135986328125,127.82473754882812,380.2362976074219,1895.392578125,137.03125,True,130.3088,234884,455855.0,315.6489356093845,13.029932249150843,12.73510079454585
de_inferno,43916,7.656119818564664e+16,Женщина Кошка,76561198213870300,ak47,874.3410034179688,1902.1195068359373,136.03128051757812,413.8909606933594,3206.17431640625,164.45941162109375,True,13.0040,664987,0.3582,1383.2502835158205,0.306160293697554,-12.723771955453289
de_inferno,71306,7.656119818564664e+16,Женщина Кошка,76561198213870300,awp,887.2042846679688,1923.78173828125,136.03128051757812,450.1941223144531,3146.13818359375,161.7005157470703,True,152.7323,675395,0.0285,1298.3805570919967,0.02810143011087481,-0.2780588635866792
de_inferno,78624,7.656119818564664e+16,Женщина Кошка,76561198799594500,ak47,1966.3447265625,-122.2486572265625,296.53125,1799.97900390625,99.99500274658205,133.67027282714844,False,105.0660,-4.5871,0.0,321.85943509378603,0.0,-0.02810143011087481
de_inferno,79868,7.656119818564664e+16,Женщина Кошка,76561199576395700,ak47,1287.897216796875,314.7889709472656,129.53125,1385.3900146484375,487.0442810058594,125.484375,True,-153.5906,-5.5440,1.0167,197.97250989360498,0.7014625121636591,0.7014625121636591
de_inferno,88270,7.656119818564664e+16,Женщина Кошка,76561199547149300,fiveseven,546.03125,705.9675903320312,98.15756225585938,843.632568359375,395.11138916015625,95.58089447021484,True,90.7677,13.5080,0.3959,430.3542281808381,0.33353936853657545,-0.3679231436270836
de_inferno,93935,7.656119818564664e+16,Женщина Кошка,76561199547149300,m4a1_silencer,1231.5386962890625,180.71749877929688,198.45870971679688,1265.6663818359375,-291.0318603515625,260.03125,True,130.8647,2338649,0.0285,476.97309617848424,0.02810143011087481,-0.30543793842570066
de_inferno,102872,7.656119818564664e+16,Женщина Кошка,76561199547149300,fiveseven,780.5508422851562,682.9605102539062,96.03125762939452,788.5458374023438,63.2044563293457,87.27690887451172,True,128.3447,45.7423,2099782.0,619.8694418546447,14.557344564021061,14.529243133910187
de_inferno,111657,7.656119818564664e+16,Женщина Кошка,76561199547149300,mp9,925.7881469726562,331.4641418457031,95.95579528808594,777.12744140625,57.47548294067383,86.86991882324219,True,-152.2650,2415076,0.2661,311.8530803747377,0.23594130954407044,-14.32140325447699
de_inferno,111746,7.656119818564664e+16,Женщина Кошка,76561198799594500,mp9,904.3038330078124,199.01705932617188,168.16287231445312,582.2588500976562,-179.68060302734375,89.03125,True,-151.9018,5.1481,0.1778,503.3753114126053,0.16364829152833335,-0.07229301801573709
de_inferno,119162,7.656119818564664e+16,Женщина Кошка,76561199576395700,m4a1_silencer,1201.3450927734375,452.3986511230469,114.3789520263672,712.8021850585938,705.9668579101562,106.03125,False,-85.6944,-7.5898,1812732.0,550.4913190058728,14.41034620917304,14.246697917644706
de_inferno,120418,7.656119818564664e+16,Женщина Кошка,76561198448033400,m4a1_silencer,2322.870849609375,141.5174560546875,118.5443115234375,2010.82568359375,479.01165771484375,160.03125,True,-93.5534,1.1154,0.0769,461.5145586567159,0.0740865433526982,-14.336259665820343
de_inferno,136447,7.656119818564664e+16,,76561198448033400,m4a1_silencer,736.1234741210938,2013.93212890625,136.03128051757812,273.6468200683594,1830.7669677734373,128.1087188720703,True,-66.5620,1.0633,0.918,497.4906016998197,0.6512829764612464,0.5771964331085483
de_inferno,3989,7.656119819020227e+16,I_can_be_your_daddy,76561199221645100,glock,105.58032989501952,798.9022827148438,80.11820983886719,253.70135498046875,1806.491455078125,126.44210815429688,False,178.7915,2438817,1.1092,1019.4712756577424,0.7463087286741776,0.0
de_inferno,5162,7.656119819020227e+16,I_can_be_your_daddy,76561198448033400,glock,863.96826171875,2485.4521484375,140.0843048095703,513.462646484375,2440.58935546875,279.03125,True,-160.5226,806092,255307.0,379.70134327065125,12.450225938422133,11.703917209747955
de_dust2,6693,7.656119819020227e+16,I_can_be_your_daddy,76561198009145800,glock,-1697.3228759765625,1067.720458984375,31.7003173828125,-1161.3013916015625,1109.5108642578125,-10.82867431640625,True,-168.1262,1247670,2116734.0,539.3275301887052,14.565385365144232,2.1151594267220997
de_mirage,8671,7.656119819020227e+16,I_can_be_your_daddy,76561198184283300,usp_silencer,-1047.298583984375,-1435.9813232421875,-165.693115234375,-402.9031372070313,-1736.2467041015625,-168.5042724609375,False,177.5119,6.1160,356.436,710.9238309235037,5.878956325128873,-8.686429040015359
de_inferno,12825,7.656119819020227e+16,I_can_be_your_daddy,76561198213870300,ssg08,91.66324615478516,867.7838134765625,80.03125,235.84829711914065,1739.638427734375,120.70672607421876,False,-37.3322,8.0883,0.6789,884.6322917902654,0.5181388170602153,-5.360817508068657
de_inferno,13344,7.656119819020227e+16,I_can_be_your_daddy,76561198304850100,sg556,711.4319458007812,2278.445068359375,136.03146362304688,514.0919189453125,3132.056884765625,210.59873962402344,True,165.3542,4.1745,0.8235,879.2931808890027,0.6007577312665978,0.08261891420638257
de_inferno,15167,7.656119819020227e+16,I_can_be_your_daddy,76561198088280500,sg556,224.15863037109372,2523.245849609375,161.3398895263672,1813.2650146484373,2903.33251953125,130.03125,True,82.0833,-2.0242,82578.0,1634.2292397678802,11.321510689897156,10.720752958630559
de_dust2,18153,7.656119819020227e+16,I_can_be_your_daddy,76561198958840900,awp,-432.72705078125,-507.965087890625,0.913400173187256,-400.485107421875,1950.2283935546875,-127.1378173828125,True,-94.1669,-4.8398,0.7144,2461.7375671361456,0.5390631651772303,-10.782447524719926
de_inferno,19015,7.656119819020227e+16,I_can_be_your_daddy,76561199547149300,mac10,833.77001953125,2325.124755859375,140.0843048095703,512.050048828125,2665.56591796875,161.53123474121094,True,0.7660,2136791,0.7619,468.8964653429305,0.5663927722144465,0.027329607037216208
de_inferno,19128,7.656119819020227e+16,I_can_be_your_daddy,76561198088280500,sg556,944.5861206054688,141.3144989013672,162.03125,900.0751342773438,-561.9824829101562,89.03125,True,102.8399,-4.9651,0.0553,708.4750331021559,0.05382508669490746,-0.512567685519539
de_mirage,22633,7.656119819020227e+16,I_can_be_your_daddy,76561198184283300,hegrenade,-1918.1580810546875,-454.9741821289063,-167.96875,-1839.5477294921875,812.1461181640625,-3.96875,True,90.7385,460420,0.0737,1280.1052467618915,0.07111062745795275,0.017285540763045296
de_inferno,22904,7.656119819020227e+16,I_can_be_your_daddy,76561198304850100,sg556,2143.8349609375,-124.2003173828125,159.03125,1935.9278564453125,133.81106567382812,139.98069763183594,True,14.7316,2261066,0.6664,331.9008307170352,0.5106656109646253,0.4395549835066725
de_dust2,23239,7.656119819020227e+16,I_can_be_your_daddy,76561198178481400,awp,1305.3446044921875,2248.39013671875,8.565828323364258,1300.0277099609375,2466.092041015625,64.20951080322266,True,-50.6947,1895792,0.181,224.7634487675019,0.16636153721522523,-0.34430407374940003
de_mirage,28727,7.656119819020227e+16,I_can_be_your_daddy,76561198245763800,m4a1_silencer,-1147.2314453125,-617.430908203125,-167.96875,493.0743103027344,-787.9042358398438,-160.3204345703125,True,-162.5908,317429,0.0,1649.1581561720857,0.0,-0.16636153721522523
de_inferno,29060,7.656119819020227e+16,I_can_be_your_daddy,76561198844569300,sg556,148.78842163085938,2713.482421875,161.53126525878906,727.0243530273438,3571.490966796875,137.7723388671875,True,148.0820,944944,0.4123,1034.9395837923075,0.3452195810928811,0.3452195810928811
de_inferno,29221,7.656119819020227e+16,I_can_be_your_daddy,76561198208536200,sg556,211.6150360107422,2648.509521484375,161.53126525878906,708.7556762695312,2515.62353515625,136.03146362304688,True,-7.5881,0.2905,0.0728,515.2259130156203,0.07027205298533172,-0.27494752810754935
de_inferno,29749,7.656119819020227e+16,I_can_be_your_daddy,76561198213870300,sg556,623.9696044921875,-173.39080810546875,89.03125,961.1970825195312,567.06640625,105.03124237060548,False,-99.2920,3.1201,0.9391,813.7906720917872,0.6622239479064352,0.5919518949211036
de_inferno,30078,7.656119819020227e+16,I_can_be_your_daddy,76561198088280500,sg556,1.0286290645599363,2727.3798828125,161.03125,1301.367919921875,2735.828369140625,124.03179931640624,True,129.2758,1160833,2125014.0,1300.8930039090183,14.56928941913927,13.907065471232835
de_mirage,33221,7.656119819020227e+16,I_can_be_your_daddy,76561198184283300,m4a1_silencer,-1512.6580810546875,-2254.65087890625,-246.4658203125,-1121.4512939453125,-2287.4365234375,-172.2958984375,False,-95.6538,204263,1448189.0,399.5232484833804,14.185825058789415,-0.38346436034985487
de_dust2,35621,7.656119819020227e+16,I_can_be_your_daddy,76561198009145800,awp,1227.9683837890625,566.8862915039062,8.77125072479248,1312.675537109375,2940.329345703125,129.03125,True,107.0089,-2.9666,0.4975,2377.9969934328806,0.4037970510074673,-13.782028007781948
de_dust2,38097,7.656119819020227e+16,I_can_be_your_daddy,76561199129950300,ak47,614.959228515625,733.758056640625,0.9701480865478516,1395.1317138671875,1196.8363037109375,-9.8521728515625,True,-96.2268,2025910,0.9847,907.3189584924559,0.6854677692160758,0.28167071820860845
de_mirage,40167,7.656119819020227e+16,I_can_be_your_daddy,76561198245763800,m4a1_silencer,95.38285064697266,-2360.715576171875,-39.96875,1026.525146484375,-2161.450439453125,-39.96875,True,-102.3637,0.0879,1676497.0,952.2250625817883,14.332217651926182,13.646749882710107
de_mirage,43579,7.656119819020227e+16,I_can_be_your_daddy,76561198344148300,inferno,-15.3829345703125,-885.9929809570312,-166.9102783203125,-764.1507568359375,-183.25732421875,-159.96875,True,136.0094,1904557,0.7473,1026.9074153628515,0.5580717393628556,-13.774145912563327
de_dust2,43819,7.656119819020227e+16,I_can_be_your_daddy,76561199015488100,awp,376.8577575683594,2072.25634765625,95.55648803710938,1133.1090087890625,2038.038818359375,2.088148593902588,True,-87.4656,1840824,0.8468,762.7733115168176,0.6134544116506968,0.05538267228784122
de_mirage,44009,7.656119819020227e+16,I_can_be_your_daddy,76561198091848500,m4a1,-700.437744140625,-973.5422973632812,-215.96875,-617.5071411132812,-1347.71533203125,-167.96875,True,-18.7907,-9.9330,1143242.0,386.2472586195478,13.949379518606301,13.335925106955605
de_inferno,45951,7.656119819020227e+16,I_can_be_your_daddy,76561198448033400,ak47,1185.3106689453125,2940.90625,128.03155517578125,1550.2244873046875,2804.014404296875,124.03181457519533,True,-26.8997,1733716,2067274.0,389.76591715348724,14.541741872872034,0.5923623542657328
de_inferno,46586,7.656119819020227e+16,I_can_be_your_daddy,76561199576395700,ak47,1346.54150390625,2751.87451171875,124.0318374633789,623.5963134765625,2707.637939453125,153.43283081054688,False,-117.5441,2169967,0.0223,724.8938136727538,0.022054990780831327,-14.519686882091204
de_inferno,47007,7.656119819020227e+16,I_can_be_your_daddy,76561198799594500,ak47,1009.1741943359376,2663.470458984375,138.00531005859375,537.9226684570312,2885.095703125,161.53123474121094,True,-72.9279,299713,0.022,521.2957112961523,0.02176149178151269,-0.00029349899931863793
de_dust2,47773,7.656119819020227e+16,I_can_be_your_daddy,76561197966870100,ak47,-433.615966796875,1753.6236572265625,-126.04119873046876,-694.0650024414062,2390.353271484375,-102.15509033203124,False,29.7915,9.1822,0.1568,688.3522702915208,0.14565757242236319,0.1238960806408505
de_mirage,48208,7.656119819020227e+16,I_can_be_your_daddy,76561198344148300,ak47,990.351318359375,-1686.8956298828125,-96.69866943359376,812.7196044921875,-2300.86279296875,-39.96875,True,-10.4511,0.5675,0.1353,641.6595568353445,0.1268969331883509,-0.018760639234012277
de_mirage,48968,7.656119819020227e+16,I_can_be_your_daddy,76561198029567800,ak47,1335.24072265625,-1389.1785888671875,-167.96875,1363.4588623046875,-798.02734375,-167.96875,False,137.1997,547866,0.6912,591.8243472592352,0.5254383361338362,0.39854140294548523
de_mirage,49652,7.656119819020227e+16,I_can_be_your_daddy,76561198379380500,ak47,1003.4285888671876,-1488.5302734375,-167.96875,822.87646484375,-2288.241455078125,-39.96875,True,74.8310,-5.2679,0.0,829.7716815669353,0.0,-0.5254383361338362
de_inferno,50124,7.656119819020227e+16,I_can_be_your_daddy,76561198448033400,ak47,1225.99462890625,586.8914794921875,124.4155502319336,1548.709716796875,22.52427864074707,132.03125,True,-101.5260,847455,1.057,650.1641056164983,0.7212486106708201,0.7212486106708201
de_mirage,54192,7.656119819020227e+16,I_can_be_your_daddy,76561198091804300,m4a1_silencer,-945.3731079101562,-2502.6357421875,-104.96875,239.28379821777344,-1451.4976806640625,-175.96875,True,156.6314,-0.0340,0.8443,1585.353023657459,0.6120998017066233,-0.10914880896419688
de_inferno,54623,7.656119819020227e+16,I_can_be_your_daddy,76561198844569300,glock,1.049788475036621,2521.177490234375,161.03125,254.0113983154297,2497.6171875,167.03125,False,150.5611,1466205,0.2331,254.12725929734228,0.20953132389434773,-0.40256847781227556
de_dust2,55294,7.656119819020227e+16,I_can_be_your_daddy,76561198128564000,ak47,298.68182373046875,1377.3424072265625,0.280219554901123,296.75146484375,1739.1812744140625,80.76362609863281,False,111.7749,-0.5957,239967.0,370.6867556601509,12.388260860101116,12.178729536206768
de_inferno,57938,7.656119819020227e+16,I_can_be_your_daddy,76561198213870300,awp,659.1973876953125,2562.77001953125,145.45204162597656,359.0564880371094,3096.089111328125,166.52590942382812,True,111.9761,-0.1541,3.1791,612.3380775573576,1.4300959123491381,-10.958164947751978
de_inferno,58398,7.656119819020227e+16,I_can_be_your_daddy,76561199221645100,ak47,792.242431640625,2188.11279296875,136.0312957763672,842.1033935546875,2671.76171875,140.0843048095703,False,162.7714,1036254,0.4642,486.22919062369743,0.38130901823040525,-1.0487868941187328
de_inferno,58930,7.656119819020227e+16,I_can_be_your_daddy,76561198799594500,awp,283.8750305175781,2524.049072265625,161.54209899902344,1773.8206787109375,2939.85791015625,129.64337158203125,True,-54.6738,-0.7701,0.5775,1547.2079863577183,0.4558413154332312,0.07453229720282595
de_dust2,65520,7.656119819020227e+16,I_can_be_your_daddy,76561197985457300,ssg08,-1102.4774169921875,1403.763671875,-111.99481201171876,-99.7462158203125,1518.2926025390625,0.6617870330810547,True,433149,0.2290,0.1528,1015.518708380592,0.14219376570317527,-0.31364754973005593
de_dust2,66015,7.656119819020227e+16,I_can_be_your_daddy,76561198178481400,galilar,1069.0343017578125,2376.923828125,99.27198791503906,899.4298706054688,2076.22900390625,-26.64556884765625,True,179.7027,-2.6621,358.1124,367.4755386138534,5.883635431407237,5.741441665704062
de_mirage,68671,7.656119819020227e+16,I_can_be_your_daddy,76561198344148300,usp_silencer,-1936.6112060546875,-174.02984619140625,-165.96875,-2141.852783203125,-182.89837646484372,-168.36669921875,False,-123.9447,1644355,0.4275,205.44708803009257,0.35592466254802824,-5.527710768859209
de_mirage,71441,7.656119819020227e+16,I_can_be_your_daddy,76561198379781400,mp9,-667.8511352539062,-1452.568359375,-167.96875,-582.1891479492188,-375.2861328125,-167.95916748046875,True,73.5521,-7.6691,1.1742,1080.6826415873768,0.7766607807877629,0.42073611823973467
de_mirage,72335,7.656119819020227e+16,I_can_be_your_daddy,76561198091848500,mp9,-716.7316284179688,-762.5341186523438,-261.96875,-1022.1950073242188,-760.3262939453125,-263.96875,True,-44.8187,0.3087,2507057.0,305.4779048356202,14.734620512094196,13.957959731306433
de_mirage,72961,7.656119819020227e+16,I_can_be_your_daddy,76561198190202200,world,-1656.0,-1976.0,-267.45831298828125,-1656.0,-1976.0,-267.45831298828125,False,21.4240,-10.2300,2172130.0,0.0,14.59121927129271,-0.1434012408014862
de_inferno,74418,7.656119819020227e+16,I_can_be_your_daddy,76561198208536200,usp_silencer,1357.22509765625,2928.85791015625,128.03184509277344,774.905517578125,2553.624755859375,136.03146362304688,True,143.2840,2.0194,114323.0,692.7914601974942,11.64679180149478,-2.9444274697979296
de_inferno,74635,7.656119819020227e+16,I_can_be_your_daddy,76561199576395700,ak47,2171.09521484375,326.710693359375,160.03125,1875.655029296875,348.1966857910156,161.03121948242188,True,154.1145,-0.2977,0.8973,296.2221312557693,0.6404318228879509,-11.00635997860683
de_inferno,77409,7.656119819020227e+16,I_can_be_your_daddy,76561199547149300,awp,45.036582946777344,760.6860961914062,80.03125,412.1397705078125,1979.804931640625,136.03123474121094,True,-14.8377,-11.3640,0.0659,1274.4220194094057,0.06381951271295404,-0.5766123101749968
de_mirage,78544,7.656119819020227e+16,I_can_be_your_daddy,76561198091804300,awp,-956.0933227539062,-1388.076904296875,-167.96875,-379.8001708984375,-1734.1531982421875,-167.96875,True,-1.8327,17.2777,927718.0,672.2221344960553,13.740484164190502,13.676664651477548
de_dust2,78615,7.656119819020227e+16,I_can_be_your_daddy,76561198128564000,sg556,1335.3072509765625,1477.9676513671875,-4.42059326171875,1254.946044921875,2862.763916015625,127.1129913330078,True,-138.0260,-3.0624,0.0,1393.3483777932809,0.0,-13.740484164190502
de_dust2,79073,7.656119819020227e+16,I_can_be_your_daddy,76561199092589700,sg556,1253.7745361328125,1729.566650390625,0.8561716079711914,1328.4146728515625,2283.4755859375,11.149029731750488,True,-88.9271,1293081,0.3111,559.010019424001,0.2708664795232191,0.2708664795232191
de_dust2,79907,7.656119819020227e+16,I_can_be_your_daddy,76561199015488100,ak47,1476.62158203125,1109.4808349609375,-7.8199462890625,1210.2001953125,2714.888427734375,97.11300659179688,True,-178.3029,1909794,2.1628,1630.7436398269476,1.151457711214635,0.8805912316914158
de_dust2,80555,7.656119819020227e+16,I_can_be_your_daddy,76561199129950300,sg556,789.8843383789062,2492.667724609375,95.70864868164062,402.9563598632813,1879.5531005859373,95.4648895263672,True,-104.4477,3.0360,513929.0,724.9985256316837,13.149842348392614,11.99838463717798
de_inferno,80574,7.656119819020227e+16,I_can_be_your_daddy,76561198213870300,awp,1361.6002197265625,166.9754180908203,132.03125,2537.822509765625,-72.089599609375,98.06855010986328,True,-156.8048,2112747,0.0,1200.7516076427125,0.0,-13.149842348392614
de_dust2,80717,7.656119819020227e+16,I_can_be_your_daddy,76561198958840900,ak47,1538.1732177734375,1664.0128173828125,1.03125,969.2774047851562,2349.12353515625,13.877473831176758,True,13.5894,643711,1704954.0,890.6088743721078,14.349049275389577,14.349049275389577
de_dust2,83128,7.656119819020227e+16,I_can_be_your_daddy,76561197966870100,sg556,-446.5579833984375,-518.42138671875,1.062045335769653,-409.10260009765625,1071.90869140625,-71.1741943359375,True,60.7661,1161504,197599.0,1592.4103546037327,12.194000064295905,-2.1550492110936723
de_mirage,83586,7.656119819020227e+16,I_can_be_your_daddy,76561198245763800,awp,-2277.533935546875,-501.8271484375,-167.96875,-2343.437255859375,-110.4510498046875,-164.49273681640625,True,-98.3294,42583,0.1115,396.9012230730783,0.10571045442211421,-12.08828960987379
de_inferno,84984,7.656119819020227e+16,I_can_be_your_daddy,76561198088280500,deagle,1254.2823486328125,-575.2255249023438,149.66183471679688,1095.2513427734375,-672.6495971679688,128.03125,False,76.2802,-1.4619,2426673.0,187.75034720780894,14.702032153478214,14.5963216990561
de_dust2,88971,7.656119819020227e+16,I_can_be_your_daddy,76561198958840900,ssg08,1488.6065673828125,1595.9827880859375,-8.76263427734375,1109.3040771484375,948.1780395507812,-1.4515380859375,True,15.4076,355049,1256130.0,750.7162069985003,14.043546919934538,-0.6584852335436757
de_mirage,89076,7.656119819020227e+16,I_can_be_your_daddy,76561198379781400,m4a1,-729.044677734375,-2440.994140625,-168.54888916015625,-90.21343994140624,-1435.9244384765625,-72.17535400390625,True,95.6051,2137461,0.2617,1194.8047182846904,0.2324600179515585,-13.81108690198298
de_dust2,90078,7.656119819020227e+16,I_can_be_your_daddy,76561198313319800,ssg08,-11.7208251953125,2193.751220703125,-129.3717041015625,-1280.557861328125,2132.03125,7.554001808166504,True,66.3612,-9.0575,0.3647,1277.6953580508823,0.3109346242619311,0.07847460631037259
de_inferno,90650,7.656119819020227e+16,I_can_be_your_daddy,76561199576395700,mac10,1445.460693359375,1036.3394775390625,156.82577514648438,1332.4610595703125,757.616943359375,140.128173828125,True,-10.6825,2452026,0.594,301.22081300234913,0.46624658036802324,0.15531195610609216
de_mirage,91165,7.656119819020227e+16,I_can_be_your_daddy,76561198344148300,m4a1,-1257.763916015625,-1309.4599609375,-170.15032958984375,-140.138671875,-1981.8472900390625,-123.265625,False,-9.7627,2388688,0.3749,1305.1394876415322,0.318381001201051,-0.14786557916697224
de_inferno,94024,7.656119819020227e+16,I_can_be_your_daddy,76561198844569300,hegrenade,2472.9423828125,-315.32720947265625,97.49842834472656,1891.2420654296875,-361.9686279296875,261.03125,True,-98.5508,0.0000,1.1862,606.0475764471665,0.7821648768775981,0.46378387567654705
de_mirage,94212,7.656119819020227e+16,I_can_be_your_daddy,76561198029567800,awp,-815.84228515625,-1721.9093017578125,-151.93389892578125,235.4397735595703,-1522.7041015625,-175.96875,True,-120.6910,0.8799,0.0592,1070.2590120287648,0.05751390620060671,-0.7246509706769914
de_dust2,94686,7.656119819020227e+16,I_can_be_your_daddy,76561198009145800,ssg08,908.7553100585938,2484.165283203125,96.38958740234376,1199.85205078125,2870.333984375,127.51071166992188,True,39.1130,-0.6139,2262680.0,484.5947818536682,14.632060951356388,14.574547045155782
de_inferno,95116,7.656119819020227e+16,I_can_be_your_daddy,76561198448033400,ak47,1363.5074462890625,446.935302734375,125.38468170166016,1580.909912109375,-86.62786865234375,142.03125,True,-88.3088,354653,0.4365,576.3944814457512,0.3622095994372072,-14.269851351919181
de_dust2,95191,7.656119819020227e+16,I_can_be_your_daddy,76561199092589700,mp9,-1112.1719970703125,1127.6268310546875,-35.10528564453125,-1373.4586181640625,1256.441162109375,70.78125,True,16.6707,0.6073,0.5339,309.9609470214854,0.4278135117719262,0.06560391233471902
de_inferno,96436,7.656119819020227e+16,I_can_be_your_daddy,76561198088280500,mp9,1685.086669921875,2841.41064453125,124.03192901611328,787.1158447265625,2616.986328125,136.03147888183594,True,73.5500,-2.5299,0.1974,925.6683347146228,0.1801525395091146,-0.2476609722628116
de_dust2,103216,7.656119819020227e+16,I_can_be_your_daddy,76561198128564000,m4a1_silencer,-586.8338623046875,1514.5428466796875,-109.977783203125,-164.43756103515625,969.3837890625,1.460216999053955,True,-87.7317,2900513,0.4979,698.5953487658655,0.40406412719253626,0.22391158768342165
de_dust2,103307,7.656119819020227e+16,I_can_be_your_daddy,76561197985457300,m4a1_silencer,-653.8552856445312,1425.02197265625,-113.7325439453125,-188.69122314453125,1515.6932373046875,0.6182100772857666,True,-97.5867,4.0042,0.5443,487.5192080523471,0.4345707332468182,0.03050660605428196
de_inferno,103430,7.656119819020227e+16,I_can_be_your_daddy,76561198088280500,ak47,1561.418701171875,-68.44097900390625,142.03125,1448.501220703125,297.7985534667969,128.03125,False,102.0582,-3.7192,0.3549,383.50717403950836,0.3037276508702484,-0.13084308237656983
de_dust2,103801,7.656119819020227e+16,I_can_be_your_daddy,76561199092589700,m4a1_silencer,-1097.3226318359375,1496.4708251953125,-75.96875,178.7639923095703,1367.1273193359375,-0.11651611328125,True,-91.9545,6.1599,0.2241,1284.8658981452804,0.20220588009932974,-0.10152177077091865
de_inferno,103881,7.656119819020227e+16,I_can_be_your_daddy,76561198208536200,ak47,1576.4361572265625,-62.10614013671875,141.0157012939453,1390.0771484375,297.0954284667969,128.03125,False,-92.2371,2436382,0.1027,404.87534256789814,0.09776171778249576,-0.10444416231683398
de_mirage,104149,7.656119819020227e+16,I_can_be_your_daddy,76561198184283300,glock,-428.4274291992188,-2336.256591796875,-167.96875,-385.9207763671875,-2392.090087890625,-163.96875,False,-91.7132,1989537,0.3043,70.2865194829964,0.2656664983941004,0.16790478061160463
de_mirage,108642,7.656119819020227e+16,I_can_be_your_daddy,76561198890041700,ak47,-1716.4459228515625,834.5777587890625,-47.96875,-1937.498291015625,758.7710571289062,-47.96875,False,-106.8256,0.7042,0.4109,233.68954937594486,0.3442277986369749,0.0785613002428745
de_mirage,110761,7.656119819020227e+16,I_can_be_your_daddy,76561198344148300,m4a1_silencer,-692.9805297851562,-2160.1279296875,-179.96875,84.20640563964844,-2196.960693359375,-39.96875,True,147.4070,-12.1667,0.636,790.554353017367,0.4922542381805553,0.1480264395435804
de_dust2,110887,7.656119819020227e+16,I_can_be_your_daddy,76561198958840900,awp,-486.488525390625,2393.69091796875,-97.70135498046876,-276.1514892578125,308.6078491210937,1.131843090057373,True,167.7966,-1.7623,30682.0,2097.994536171423,10.33146403427305,9.839209796092495
de_dust2,112817,7.656119819020227e+16,I_can_be_your_daddy,76561198009145800,awp,-872.4696655273438,2405.491455078125,-42.64337158203125,-340.0350341796875,1858.505615234375,-119.71038818359376,False,-145.6482,0.7690,0.5197,767.2154004552781,0.41851294695742247,-9.912951087315628
de_inferno,114727,7.656119819020227e+16,I_can_be_your_daddy,76561198844569300,m4a1_silencer,1550.898681640625,65.31066131591797,132.03125,1231.217529296875,364.1090393066406,128.03125,True,-17.8809,2634616,844808.0,437.5985715855511,13.646865845286477,13.228352898329055
de_dust2,115233,7.656119819020227e+16,I_can_be_your_daddy,76561199092589700,mp9,750.7509155273438,2612.616455078125,94.55274200439452,1169.2744140625,2589.919189453125,96.59603118896484,True,121.7807,-0.1847,1.038,419.1434834560243,0.7119689348005331,-12.934896910485945
de_mirage,115514,7.656119819020227e+16,I_can_be_your_daddy,76561198091804300,ak47,-1047.796875,-524.002197265625,-287.96875,-529.5122680664062,-599.65087890625,-275.7811279296875,True,89.0150,2356301,0.434,523.9181185548016,0.3604677421774286,-0.35150119262310453
de_mirage,115745,7.656119819020227e+16,I_can_be_your_daddy,76561198274450700,ak47,-1040.13037109375,-371.4552001953125,-350.2374267578125,-908.590087890625,-585.83251953125,-263.96875,True,127.8352,8.0533,0.4311,265.89991677389594,0.35844337933469306,-0.00202436284273555
de_mirage,118061,7.656119819020227e+16,I_can_be_your_daddy,76561198379380500,usp_silencer,-1201.285400390625,-632.5531616210938,-167.96875,-725.3980712890625,-772.4986572265625,-217.984375,True,127.2107,487691,3.1524,498.5529605606808,1.4236864803369533,1.0652431010022603
de_mirage,119550,7.656119819020227e+16,I_can_be_your_daddy,76561198274450700,awp,362.2357482910156,-1615.202392578125,-193.08294677734372,-526.9949951171875,-1521.4796142578125,-39.96875,True,99.3775,0.5658,0.0378,907.1710045262444,0.0371030879515022,-1.3865833923854511
de_inferno,119607,7.656119819020227e+16,I_can_be_your_daddy,76561199547149300,m4a1_silencer,2139.969482421875,1227.507568359375,181.0493621826172,2509.65283203125,410.48193359375,216.03125,True,99.9200,26.1361,2930767.0,897.452171047487,14.890775062687798,14.853671974736296
de_inferno,120046,7.656119819020227e+16,I_can_be_your_daddy,76561198799594500,m4a1_silencer,2391.398193359375,911.6976318359376,161.93397521972656,2289.85009765625,-384.0211181640625,95.80623626708984,True,-68.6446,4.0409,0.6606,1301.3731104881035,0.5071789828457931,-14.383596079842004
de_inferno,120920,7.656119819020227e+16,I_can_be_your_daddy,76561198844569300,mp9,1818.0584716796875,1518.1942138671875,160.03125,1855.9586181640625,1226.8272705078125,169.53125,True,136.4354,1320870,1.0552,293.9751125284627,0.7203731668135367,0.2131941839677436
de_inferno,121920,7.656119819020227e+16,I_can_be_your_daddy,76561198304850100,mp9,1792.1666259765625,1145.635009765625,161.67787170410156,1496.45361328125,1227.4351806640625,175.83453369140625,True,-126.1093,-8.7839,0.556,307.14469703215525,0.4421184257561999,-0.2782547410573368
de_inferno,126376,7.656119819020227e+16,I_can_be_your_daddy,76561198799594500,ak47,1356.8533935546875,266.1259460449219,128.03125,1590.41357421875,-65.30126953125,142.03125,False,-94.4278,0.8360,494937.0,405.697371468443,13.112187781180822,12.670069355424621
de_inferno,130450,7.656119819020227e+16,I_can_be_your_daddy,76561198799594500,m4a1_silencer,501.7665710449219,634.7589111328125,89.18561553955078,942.1524658203124,318.70733642578125,102.41702270507812,False,115.6259,920444,0.0,542.2208077227352,0.0,-13.112187781180822
de_inferno,130706,7.656119819020227e+16,I_can_be_your_daddy,76561199547149300,m4a1_silencer,803.1983032226562,644.1110229492188,96.03125,1339.77490234375,422.0054626464844,129.03125,True,-121.9088,1407920,1.1857,581.665132736827,0.7819361433740046,0.7819361433740046
de_inferno,134999,7.656119819020227e+16,I_can_be_your_daddy,76561199547149300,hegrenade,926.96826171875,1995.445068359375,136.03128051757812,152.35763549804688,1215.148681640625,93.8995132446289,True,111.7138,-2.6597,2.0775,1100.2995770215987,1.1241175790764715,0.34218143570246684
de_inferno,135228,7.656119819020227e+16,I_can_be_your_daddy,76561198799594500,inferno,980.5596923828124,1859.3931884765625,144.03125,281.3656616210937,1656.388916015625,120.46031188964844,True,124.0872,468394,1.0607,728.4494604388254,0.7230457309058086,-0.4010718481706629
de_dust2,141270,7.656119819020227e+16,I_can_be_your_daddy,76561198178481400,ssg08,1217.1488037109375,3032.39501953125,128.4717254638672,1507.02685546875,922.0819091796876,-8.18255615234375,True,112.0001,0.0000,0.0,2134.508163792454,0.0,-0.7230457309058086
de_dust2,147400,7.656119819020227e+16,I_can_be_your_daddy,76561198178481400,ssg08,1503.771728515625,1733.10986328125,-6.259765625,1204.4503173828125,800.8597412109375,4.361118793487549,False,84.5831,1.1735,0.9947,979.1814951521917,0.690493663094382,0.690493663094382
de_dust2,147561,7.656119819020227e+16,I_can_be_your_daddy,76561198958840900,ssg08,1580.1064453125,1610.70703125,0.0513744354248046,1200.334716796875,1140.5654296875,-0.09649658203125,True,159.9280,818996,630411.0,604.3672006035204,13.354128852877627,12.663635189783246
de_mirage,148239,7.656119819020227e+16,I_can_be_your_daddy,76561198184283300,mac10,-82.330322265625,-2124.401123046875,-167.96875,-253.4559326171875,-2389.6533203125,-164.0374755859375,False,2663471,313105,1.0048,315.6868030041096,0.6955443051596668,-12.658584547717961
de_mirage,148563,7.656119819020227e+16,I_can_be_your_daddy,76561198890041700,mac10,-170.99658203125,-2135.39111328125,-167.96875,-539.6947631835938,-1459.2041015625,-61.396728515625,True,-4.3846,22282,0.5606,777.5119416224072,0.4450703627005238,-0.250473942459143
de_mirage,154558,7.656119819020227e+16,I_can_be_your_daddy,76561198091804300,ak47,156.0446014404297,-1494.95654296875,-175.96875,-595.5366821289062,-2192.82470703125,-179.96875,True,-10.9486,2823782,0.5467,1025.6268328313643,0.43612362906195706,-0.00894673363856674
de_mirage,155224,7.656119819020227e+16,I_can_be_your_daddy,76561198184283300,ak47,-336.7762451171875,-1545.156982421875,-167.96875,-372.6121826171875,-2180.0888671875,-175.8990478515625,True,18.1364,0.3831,0.4861,635.9918256806036,0.3961552387823867,-0.03996839027957039
de_dust2,162882,7.656119819020227e+16,I_can_be_your_daddy,76561199015488100,hegrenade,-500.5467529296875,2125.368408203125,-124.16888427734376,-1364.0416259765625,2755.110595703125,17.681610107421875,True,97.4388,-4.8178,1.1669,1078.1095404701352,0.7732975747427738,0.37714233596038715
de_dust2,164134,7.656119819020227e+16,I_can_be_your_daddy,76561198009145800,usp_silencer,-1513.951171875,2380.88330078125,-1.177001953125,-1783.347412109375,2525.807373046875,31.293376922607425,True,-58.1105,2257322,0.1623,307.6225714716051,0.15040080066752523,-0.6228967740752486
de_mirage,164214,7.656119819020227e+16,I_can_be_your_daddy,76561198184283300,ak47,116.5257339477539,-1924.001708984375,-167.96875,-391.394775390625,-2298.219970703125,-167.96875,False,-89.0092,2856289,0.246,630.8902846060962,0.2199384203652614,0.06953761969773617
de_dust2,31012,7.65611982038764e+16,LoLi,76561198846732900,ak47,556.3934936523438,539.0054931640625,1.381330490112305,747.872802734375,984.8856201171876,0.0209860801696777,False,-5.3974,1707205,2473790.0,485.2579354891383,14.721262349788852,0.0
de_dust2,39444,7.65611982038764e+16,LoLi,76561199045569900,ak47,-288.8206787109375,479.86822509765625,-2.99517822265625,-339.176513671875,1061.6234130859375,-61.88555908203125,True,33.4970,220333,1946745.0,586.8925675314485,14.481669818730559,-0.23959253105829248
de_dust2,57268,7.65611982038764e+16,LoLi,76561199045569900,ak47,-397.40283203125,698.7118530273438,0.03125,-414.8133544921875,1908.5155029296875,-127.18341064453124,True,173.7137,196411,0.1615,1216.5983591523946,0.14971227322832678,-14.331957545502233
de_dust2,64691,7.65611982038764e+16,LoLi,76561199045569900,galilar,-56.9036865234375,430.3599243164063,-1.1513671875,-492.583984375,725.2860717773438,3.426860809326172,True,64.5454,0.5809,2.0161,526.1365930666368,1.1039646060947188,0.954252332866392
de_dust2,66653,7.65611982038764e+16,LoLi,76561199558996700,galilar,476.6832275390625,2559.69873046875,95.46641540527344,1615.3314208984375,1795.155029296875,1.0312480926513672,True,-179.1036,-2.5873,0.4258,1374.7598990614765,0.3547330597013911,-0.7492315463933277
de_dust2,67119,7.65611982038764e+16,LoLi,76561198168074900,galilar,9.883169174194336,2029.010498046875,-123.43310546875,-586.949951171875,2432.017578125,-90.78045654296876,False,-59.9023,-17.5229,0.0,720.8957453175822,0.0,-0.3547330597013911
de_dust2,80009,7.65611982038764e+16,LoLi,76561199045569900,mp7,582.8109741210938,594.7147827148438,1.213714599609375,708.1950073242188,959.50830078125,-0.1962890625,True,-144.4318,2.1437,0.7083,385.7427312547509,0.535498723970875,0.535498723970875
de_dust2,93207,7.65611982038764e+16,LoLi,76561198846732900,ssg08,-762.27099609375,2140.218505859375,-113.12164306640624,1403.2396240234375,2170.73583984375,-6.46240234375,True,-147.3582,-0.5308,0.0958,2168.3504668630885,0.0914846901221783,-0.44401403384869664
de_dust2,101338,7.65611982038764e+16,LoLi,76561198294497800,famas,-1995.635986328125,1760.5369873046875,31.776269912719727,-1902.6260986328125,1328.3504638671875,32.52521133422852,True,162.4438,4.1745,0.2541,442.08210907402736,0.22641818384786702,0.13493349372568872
de_dust2,103186,7.65611982038764e+16,LoLi,76561198168074900,ak47,-2018.2913818359373,1445.884521484375,33.090118408203125,-1650.660888671875,987.1659545898438,30.27354621887207,True,4.0351,-15.6751,2509218.0,587.8629399755711,14.735482107310602,14.509063923462735
de_dust2,17758,7.656119820784554e+16,wolffX-,76561198828762300,galilar,-234.219970703125,308.82281494140625,-0.128662109375,-334.970458984375,1220.5457763671875,-101.104248046875,True,-158.3782,918768,16.6659,922.8138968585856,2.8716362277159537,0.0
de_dust2,27934,7.656119820784554e+16,wolffX-,76561199261576700,galilar,371.1753234863281,2442.28515625,95.96394348144533,1160.103515625,2539.787109375,96.1823959350586,True,119.2525,0.1926,1479599.0,794.9304189272526,14.207282338940436,11.335646111224483
de_dust2,36310,7.656119820784554e+16,wolffX-,76561199261576700,ak47,-521.834228515625,700.0028076171875,9.03125,-12.40576171875,1502.8431396484375,0.2270402908325195,True,177.7711,-3.1239,0.4059,950.8666970862243,0.34067766710372466,-13.866604671836711
de_dust2,36939,7.656119820784554e+16,wolffX-,76561198334928100,ak47,-491.6934814453125,700.4960327148438,2.798985481262207,-413.3173828125,1375.90869140625,-126.32696533203124,True,-54.9399,1180220,1.0329,692.0972356041682,0.7094633450448814,0.36878567794115674
de_dust2,60284,7.656119820784554e+16,wolffX-,76561198334928100,usp_silencer,127.67171478271484,395.28857421875,-0.900146484375,486.4342041015625,138.21470642089844,-4.3204345703125,True,39.6624,-0.1051,0.9326,441.3719470213239,0.6588662465830711,-0.050597098461810264
de_dust2,65046,7.656119820784554e+16,wolffX-,76561198828762300,m4a1_silencer,153.01100158691406,1351.5989990234375,-0.089111328125,313.81475830078125,1633.378662109375,15.654329299926758,False,104.8858,433545,2501913.0,324.8160750716104,14.732566596916246,14.073700350333175
de_dust2,67509,7.656119820784554e+16,wolffX-,76561199261576700,m4a1_silencer,-515.5835571289062,2115.25927734375,-122.6785888671875,-762.819580078125,2201.499267578125,-113.213623046875,False,38.4648,-4.6627,0.5412,262.01635929336817,0.43256133376986544,-14.300005263146382
de_dust2,74958,7.656119820784554e+16,wolffX-,76561198380883900,awp,-531.5053100585938,2409.621337890625,-95.2587890625,-278.7244873046875,397.6674499511719,-3.06243896484375,True,-169.4370,0.8916,5.1797,2029.8661922693705,1.8212697266019962,1.3887083928321307
de_dust2,76848,7.656119820784554e+16,wolffX-,76561198828762300,awp,965.3796997070312,2636.9794921875,96.53125,273.05303955078125,1770.4061279296875,96.03125,True,-56.5329,426240,0.7533,1109.1734986034471,0.5614997264939456,-1.2597700001080505
de_dust2,77182,7.656119820784554e+16,wolffX-,76561198334928100,awp,1173.203369140625,2580.845458984375,96.60369873046876,1353.3641357421875,1423.3486328125,-7.67242431640625,True,-10.0357,840456,387433.0,1176.065607973515,12.867300790688356,12.30580106419441
de_dust2,88251,7.656119820784554e+16,wolffX-,76561199261576700,m4a1_silencer,-2074.915771484375,3000.527587890625,34.39965057373047,-2008.4613037109373,1653.9222412109375,32.14130783081055,True,111.9836,883582,0.2488,1348.2459924306531,0.22218309021908525,-12.645117700469271
de_dust2,88277,7.656119820784554e+16,wolffX-,76561197990926400,m4a1_silencer,-2074.915771484375,3000.527587890625,34.39965057373047,-1986.8563232421875,1399.775634765625,69.84375,True,30.6062,-0.4281,0.2079,1603.5640199388235,0.18888331462909566,-0.03329977558998959
de_dust2,103222,7.656119820784554e+16,wolffX-,76561198828762300,awp,1694.0167236328125,2060.02197265625,60.75041961669922,-418.235107421875,2112.761962890625,-128.464111328125,False,-178.2151,15.9322,0.421,2121.365466647478,0.35136084911496357,0.1624775344858679
de_dust2,109334,7.656119820784554e+16,wolffX-,76561197990926400,m4a1_silencer,-109.62353515625,431.907958984375,-1.0904541015625,386.05706787109375,61.65883255004883,-2.4053955078125,True,73.0275,1185245,2244418.0,618.6965370145808,14.623957248337291,14.272596399222328
de_dust2,109489,7.656119820784554e+16,wolffX-,76561198380883900,m4a1_silencer,-128.4019775390625,427.4762268066406,-1.123046875,482.0054931640625,169.6714630126953,-2.2698974609375,True,-87.4409,2.0812,0.6123,662.6174550910237,0.477661730987557,-14.146295517349735
de_dust2,120375,7.656119820784554e+16,wolffX-,76561198380883900,awp,1684.7757568359375,1924.958251953125,39.03125,348.3305969238281,2488.154541015625,96.67034912109376,True,-76.9561,-2.0222,0.0038,1451.4124125188423,0.003792798238696237,-0.47386893274886077
de_inferno,4822,7.656119820853622e+16,Dupidrun,76561199130088600,hkp2000,353.904296875,1711.19140625,130.77381896972656,-8.81146240234375,803.2124633789062,79.95872497558594,True,-177.2225,991725,0.343,979.0662166079893,0.29490591754110057,0.0
de_inferno,19388,7.656119820853622e+16,Dupidrun,76561198091216600,hegrenade,1199.612060546875,3050.687744140625,128.03125,863.967529296875,2334.421142578125,140.0843048095703,True,146.5013,1247883,1.1769,791.1007344214565,0.7779018464247536,0.482995928883653
de_inferno,25358,7.656119820853622e+16,Dupidrun,76561198091216600,deagle,1436.00732421875,505.2635498046875,119.41051483154295,70.49636840820312,488.1661376953125,82.03125,True,179.7429,1302547,617262.0,1366.129459963007,13.333050468144007,12.555148621719253
de_inferno,32907,7.656119820853622e+16,Dupidrun,76561198190202200,m4a1_silencer,1423.9803466796875,586.1295166015625,117.63816833496094,170.19866943359375,473.6340942382813,82.27184295654297,True,-179.4558,1404360,0.759,1259.3150881417616,0.5647454657554212,-12.768305002388587
de_inferno,35566,7.656119820853622e+16,Dupidrun,76561198097081700,m4a1_silencer,730.6867065429688,2314.336669921875,136.03146362304688,558.1958618164062,2693.858642578125,161.53123474121094,True,-10.5706,1903676,0.6706,417.6604572741514,0.5131828433396689,-0.05156262241575227
de_inferno,52509,7.656119820853622e+16,Dupidrun,76561198103716700,m4a1_silencer,2021.9677734375,2858.685546875,130.03125,45.99745559692383,2547.142333984375,161.03125,True,-106.8822,13.2849,0.792,2000.6196216385565,0.5833323145527387,0.0701494712130698
de_inferno,53320,7.656119820853622e+16,Dupidrun,76561198091216600,m4a1_silencer,1210.1690673828125,2949.60693359375,128.0316162109375,1289.909912109375,3192.39013671875,128.03125,False,179.0579,14.0007,0.8837,255.54311972243525,0.6332379278060364,0.049905613253297676
de_inferno,58405,7.656119820853622e+16,Dupidrun,76561198190202200,deagle,413.0325622558594,3234.6259765625,164.45941162109375,792.242431640625,2188.11279296875,136.0312957763672,True,-117.1359,44440,0.975,1113.4622248845346,0.6805683983530851,0.04733047054704875
de_inferno,68615,7.656119820853622e+16,Dupidrun,76561198103716700,deagle,141.74844360351562,638.7406616210938,81.21370697021484,1215.5333251953125,524.0436401367188,155.953125,False,-88.3926,-7.4199,0.7405,1082.476493638512,0.5541724282693566,-0.1263959700837285
de_inferno,74028,7.656119820853622e+16,Dupidrun,76561199130088600,glock,819.9683837890625,2169.1708984375,136.0312957763672,529.5674438476562,3094.03173828125,213.0287170410156,True,-12.8018,-3.7388,0.4317,972.4345128988093,0.35886254938414475,-0.1953098788852119
de_inferno,74086,7.656119820853622e+16,Dupidrun,76561198097081700,glock,730.6958618164062,2117.4052734375,136.03131103515625,900.7022094726562,2775.772705078125,134.4261016845703,True,-129.7602,-10.2719,1909124.0,679.9650064419124,14.462155579872746,14.1032930304886
de_inferno,74190,7.656119820853622e+16,Dupidrun,76561198103716700,glock,769.2111206054688,2252.15185546875,136.03146362304688,889.57373046875,2657.4560546875,140.0843048095703,True,-91.3534,-16.6810,1878564.0,422.8180191041245,14.446018745473648,-0.016136834399098632
de_inferno,86063,7.656119820853622e+16,Dupidrun,76561198103716700,ak47,909.5338134765624,-637.6224365234375,89.03125,1021.3455200195312,-662.3439331054688,96.03125762939452,True,-148.0562,-0.1490,0.0,114.72580450847991,0.0,-14.446018745473648
de_inferno,86767,7.656119820853622e+16,Dupidrun,76561198190202200,ak47,2231.316162109375,-272.078369140625,98.79668426513672,2107.78564453125,-525.5592041015625,99.37754821777344,False,182714,475183,0.7497,281.97989266709243,0.5594443446684371,0.5594443446684371
de_inferno,109289,7.656119820853622e+16,Dupidrun,76561198190202200,ak47,2003.8321533203125,70.14368438720703,127.03782653808594,2309.893310546875,186.6946563720703,121.17858123779295,True,83.9613,0.0295,1760470.0,327.5544104251506,14.381091944848556,13.82164760018012
de_inferno,115152,7.656119820853622e+16,Dupidrun,76561198190202200,ak47,1361.740478515625,294.2947692871094,128.03125,1655.6873779296875,-52.4483642578125,135.8153839111328,True,-68.0854,460724,2154203.0,454.6385081319432,14.582931839734888,0.2018398948863318
de_mirage,2328,7.656119820855416e+16,Fataks,76561198379781400,glock,289.0575561523437,-267.1566162109375,-167.1280517578125,-1181.4073486328125,-667.9740600585938,-167.96875,True,-9.3112,2042924,1820371.0,1524.1136329916226,14.414551433771438,0.0
de_mirage,2804,7.656119820855416e+16,Fataks,76561198344148300,glock,-321.40728759765625,-389.91162109375,-167.153564453125,-1177.5419921875,-723.8247680664062,-167.96875,True,-72.7384,-1.5233,13.8852,918.9479237975336,2.7003674307227867,-11.71418400304865
de_mirage,6125,7.656119820855416e+16,Fataks,76561198344148300,galilar,436.5048828125,-231.21978759765625,-159.96875,-1174.0537109375,-735.699462890625,-167.96875,True,62.0144,17.2063,2913023.0,1687.7389391388933,14.88470227483657,12.184334844113783
de_mirage,7697,7.656119820855416e+16,Fataks,76561198091848500,galilar,-768.6585693359375,-418.8939208984375,-167.7677001953125,-605.704345703125,-1345.654541015625,-167.96875,True,-119.8763,-8.0592,0.0,940.9778777531333,0.0,-14.88470227483657
de_mirage,10604,7.656119820855416e+16,Fataks,76561198344148300,galilar,438.4421691894531,-232.8768310546875,-159.96875,-1178.895263671875,-721.7188720703125,-167.96875,True,-91.0760,6211,0.3912,1689.6185702100913,0.3301666840579362,0.3301666840579362
de_mirage,15580,7.656119820855416e+16,Fataks,76561198379781400,galilar,-1913.4586181640625,751.5695190429688,-47.96875,-2193.760498046875,826.626220703125,-122.66729736328124,True,-80.1250,0.1761,0.9021,299.6373229558106,0.6429585389766583,0.31279185491872213
de_mirage,17254,7.656119820855416e+16,Fataks,76561198379380500,galilar,-1904.0316162109373,-253.272216796875,-127.96875,-1880.0687255859373,-571.5422973632812,-167.96875,True,-163.1422,0.7042,0.0935,321.6676301881376,0.08938356113468547,-0.5535749778419728
de_mirage,21064,7.656119820855416e+16,Fataks,76561198344148300,m4a1_silencer,382.5841674804688,-301.7562255859375,-167.25250244140625,-801.1372680664062,-911.3308715820312,-167.96875,True,165.0445,43.2697,1241401.0,1331.4571713070543,14.031751944044652,13.942368382909967
de_mirage,22971,7.656119820855416e+16,Fataks,76561198379380500,m4a1_silencer,75.51517486572266,-1524.3861083984375,-175.96875,-251.02923583984372,-2203.648193359375,-168.40118408203125,True,-70.4454,15.9721,542753.0,753.7144686699654,13.204411457589014,-0.827340486455638
de_mirage,34691,7.656119820855416e+16,Fataks,76561198344148300,awp,113.12517547607422,-2328.783447265625,-39.96875,-537.3711547851562,-1453.57958984375,-65.89630126953125,True,-174.0324,-4.6517,0.7828,1090.7793111552362,0.5781851620902638,-12.62622629549875
de_mirage,34917,7.656119820855416e+16,Fataks,76561198379781400,awp,78.15164947509766,-2222.966796875,-39.96875,-636.6844482421875,-1526.465087890625,-167.96875,True,-70.3688,1.1735,0.0618,1006.2252616675011,0.059965581167434064,-0.5182195809228297
de_mirage,38417,7.656119820855416e+16,Fataks,76561198344148300,ak47,369.1008605957031,-229.80902099609372,-167.72259521484375,-1159.81005859375,-726.0262451171875,-167.96875,True,71.4334,-62.5630,2634190.0,1607.4203535240433,14.784086671944177,14.724121090776743
de_mirage,39038,7.656119820855416e+16,Fataks,76561198379781400,ak47,-216.99462890625,-351.878173828125,-163.96875,-676.8814086914062,-384.768798828125,-168.107421875,False,-108.5611,956572,66112.0,461.08000611492616,11.099120678211964,-3.684965993732213
de_mirage,39240,7.656119820855416e+16,Fataks,76561198379380500,ak47,-582.3076782226562,-344.0311279296875,-167.9366455078125,-734.3126220703125,-1377.5867919921875,-167.96875,True,116.9406,2509642,2359134.0,1044.6735445585396,14.673805584391204,3.5746849061792396
de_mirage,42840,7.656119820855416e+16,Fataks,76561198379781400,awp,742.550537109375,-1527.7430419921875,-263.95562744140625,-815.8460083007812,-1741.63330078125,-151.93389892578125,True,126.4818,2527846,0.3501,1576.9900770806357,0.3001786637810634,-14.37362692061014
de_mirage,44839,7.656119820855416e+16,Fataks,76561198029567800,awp,-615.4656372070312,-1901.9051513671875,-179.96875,-840.1142578125,222.18942260742188,-172.271484375,True,-175.4877,2740171,2502278.0,2135.9550580071714,14.732712474583494,14.43253381080243
de_mirage,71355,7.656119820855416e+16,Fataks,76561198029567800,xm1014,-670.2936401367188,-807.3135986328125,-263.96875,-532.7952880859375,-769.7643432617188,-256.4100952148437,False,170.2448,-12.1649,1.1032,142.73358629896944,0.7434599944335344,-13.98925248014996
de_mirage,71844,7.656119820855416e+16,Fataks,76561198344148300,xm1014,-630.0215454101562,-846.1201782226562,-260.90496826171875,-999.7059936523438,-608.6549682617188,-282.91717529296875,True,73.8899,-5.8080,0.1623,439.9327840390045,0.15040080066752523,-0.5930591937660091
de_mirage,75561,7.656119820855416e+16,Fataks,76561198344148300,xm1014,151.96734619140625,-2042.560302734375,-167.96875,-128.96295166015625,-1909.234375,-167.96875,False,-92.4980,0.9881,1983420.0,310.9624338359851,14.50033368955751,14.349932888889985
de_mirage,76022,7.656119820855416e+16,Fataks,76561198379380500,xm1014,72.00645446777344,-2003.309814453125,-167.96875,-119.28607177734376,-1896.7784423828125,-167.96875,False,-171.7170,2542821,0.8481,218.95607740462972,0.6141580843095734,-13.886175605247935
de_mirage,76290,7.656119820855416e+16,Fataks,76561198029567800,xm1014,75.86821746826172,-2002.8642578125,-167.96875,-447.549560546875,-1916.9130859375,-179.96875,True,1484529,0.3299,73781.0,530.5636383026911,11.208870078400503,10.594711994090929
de_mirage,90409,7.656119820855416e+16,Fataks,76561198091848500,m4a1_silencer,-738.6974487304688,-2097.460205078125,-179.96875,-11.420654296875,-1545.5611572265625,-168.426513671875,True,175.6703,1483342,0.3969,913.0483656195433,0.33425549575136815,-10.874614582649135
de_mirage,90645,7.656119820855416e+16,Fataks,76561198379380500,m4a1_silencer,-450.394775390625,-2278.24658203125,-170.630859375,-104.16180419921876,-1418.03125,-72.17535400390625,True,-147.7531,1356421,0.7795,932.4919165009101,0.5763324259681103,0.24207693021674215
de_inferno,27865,7.656119821387037e+16,Огонь Родины #80,76561198330759100,usp_silencer,865.076416015625,1986.34130859375,136.03128051757812,506.1910400390625,2045.6329345703125,136.03118896484375,False,164.8619,2137461,0.1829,363.7502027501725,0.16796905056955413,0.0
de_inferno,80105,7.656119821387037e+16,Огонь Родины #80,76561198185646600,m4a1_silencer,2358.40771484375,153.95614624023438,121.84293365478516,1549.879638671875,131.58154296875,132.03125,True,174.1360,644687,6.156,808.9017706864659,1.9679511656464728,1.7999821150769186
de_inferno,95843,7.656119821387037e+16,Огонь Родины #80,76561198190202200,mac10,1968.89404296875,721.9720458984375,160.03125,1926.881591796875,-0.28271484375,125.2968978881836,True,179.4205,-1.1484,1839423.0,724.3089538897412,14.42496303709857,12.457011871452096
de_inferno,114003,7.656119821387037e+16,Огонь Родины #80,76561198330759100,ak47,2093.64794921875,487.6648559570313,160.03125,2172.533447265625,285.6890869140625,222.03125,False,99.6948,1906049,1.0483,225.52412971254805,0.7170101808244729,-13.707952856274098
de_inferno,114179,7.656119821387037e+16,Огонь Родины #80,76561198190202200,ak47,2232.969970703125,609.5361328125,145.9942626953125,2302.42431640625,981.7567138671876,157.0022735595703,True,-10.2619,-0.8463,0.5004,378.80502029530453,0.4057317392255952,-0.3112784415988777
de_inferno,115162,7.656119821387037e+16,Огонь Родины #80,76561199130088600,ak47,2377.58740234375,908.0667114257812,160.2607421875,2321.047607421875,1102.434326171875,169.953125,False,176.5015,-0.8089,0.965,202.65601485393333,0.6754922453212246,0.26976050609562946
de_inferno,124886,7.656119821387037e+16,Огонь Родины #80,76561198185646600,hegrenade,745.1276245117188,284.4615478515625,92.39430236816406,203.55374145507807,436.8401184082031,82.03125,True,-88.0760,2735850,1024872.0,562.6978695786206,13.84007926043908,13.164587015117855
de_inferno,132117,7.656119821387037e+16,Огонь Родины #80,76561198330759100,ak47,581.74755859375,589.9899291992188,90.78744506835938,300.8385314941406,686.6112670898438,29.798641204833984,True,-67.0242,-6.1060,2071657.0,303.2576439902661,14.543859810822896,0.7037805503838168
de_inferno,135175,7.656119821387037e+16,Огонь Родины #80,76561198190202200,tec9,367.7450866699219,2067.927734375,184.03125,980.4467163085938,1859.0531005859373,144.03125,True,91.9851,-0.5435,0.0,648.5614077343789,0.0,-14.543859810822896
de_mirage,9317,7.656119824576384e+16,the ice truck clinger,76561199181204500,glock,504.4611511230469,-550.3883666992188,-159.96875,-361.5224609375,-334.836669921875,-163.96875,True,-0.5998,2702948,0.4489,892.4159065934581,0.37080464784453954,0.0
de_mirage,15193,7.656119824576384e+16,the ice truck clinger,76561198180825500,glock,464.03125,-2390.967529296875,10.03125,284.0075988769531,-2127.27490234375,-39.96875,False,44.3532,-4.1250,688485.0,323.1753648920543,13.442250262884556,13.071445615040016
de_mirage,15792,7.656119824576384e+16,the ice truck clinger,76561198435318800,m4a1,72.41259765625,-2375.074462890625,-39.96875,27.19836807250977,-1759.0941162109375,-111.09375,True,-131.6897,642523,0.99,621.7192933128898,0.688134638736401,-12.754115624148156
de_mirage,17102,7.656119824576384e+16,the ice truck clinger,76561199181204500,m4a1,24.12317276000977,-2360.2158203125,-39.96875,46.9284782409668,-1734.7989501953125,-111.09375,True,-35.0385,2485901,0.2126,629.8611823332652,0.19276681465549328,-0.49536782408090774
de_mirage,49144,7.656119824576384e+16,the ice truck clinger,76561198180825500,tec9,-239.478759765625,841.0485229492188,-135.9852294921875,-404.111328125,616.3422241210938,-80.6712646484375,True,74.2027,-8.5141,0.8662,284.00077113341524,0.6239042778177845,0.4311374631622912
de_mirage,50917,7.656119824576384e+16,the ice truck clinger,76561198190202200,ak47,505.1929321289063,887.2302856445312,-135.96875,624.819580078125,605.8506469726562,-135.96875,False,82.8276,-4.8917,0.0,305.75322722529233,0.0,-0.6239042778177845
de_mirage,56349,7.656119824576384e+16,the ice truck clinger,76561198330759100,awp,211.38970947265625,-2341.78955078125,-39.96875,-1239.869384765625,-1229.7022705078125,-167.96875,True,95.4980,1153528,0.6936,1832.832528507525,0.5268564408385183,0.5268564408385183
de_mirage,62424,7.656119824576384e+16,the ice truck clinger,76561199181204500,awp,472.4591064453125,-227.65509033203125,-160.02587890625,-1179.973388671875,-609.993408203125,-167.96875,True,-115.6081,0.9239,0.2565,1696.1069628513774,0.22833007800150984,-0.2985263628370085
de_mirage,69667,7.656119824576384e+16,the ice truck clinger,76561198180825500,inferno,-194.98974609375,-2174.1865234375,-168.52935791015625,-509.47015380859375,-1403.9429931640625,-105.6055908203125,True,-19.7201,2226306,809379.0,834.3455059082892,13.604023801457135,13.375693723455626
de_mirage,70999,7.656119824576384e+16,the ice truck clinger,76561198435318800,ak47,-275.808837890625,-2046.739013671875,-36.96875,-508.8739013671875,-1422.348388671875,-90.88128662109376,True,67.2274,-25.7997,2667580.0,668.6475439318875,14.796682627207801,1.1926588257506658
de_mirage,83420,7.656119824576384e+16,the ice truck clinger,76561198330759100,m4a1_silencer,-2044.38232421875,80.48526000976562,-159.96875,-2349.813720703125,-305.12237548828125,-167.96875,True,-33.4565,-3.7487,0.6242,491.9812867506142,0.48501538686617346,-14.311667240341627
de_mirage,99230,7.656119824576384e+16,the ice truck clinger,76561199181204500,negev,-2527.737548828125,225.7998962402344,-167.96875,-1887.8115234375,261.6073303222656,-159.96875,True,85.4527,2169967,0.0986,640.9769811060158,0.09403664192638296,-0.3909787449397905
de_mirage,100704,7.656119824576384e+16,the ice truck clinger,76561198190202200,negev,-2654.228271484375,360.029541015625,-165.68072509765625,-2183.408203125,522.1497192382812,-165.71875,False,-27.4030,2461888,0.6278,497.95028908794256,0.48722940991080405,0.3931927679844211
de_mirage,123425,7.656119824576384e+16,the ice truck clinger,76561198190202200,elite,-2340.97998046875,530.4861450195312,-165.71875,-1987.0322265625,439.0190734863281,-159.96875,True,16.9904,4.0591,0.045,365.6204318280632,0.04401688541677433,-0.4432125244940297
de_mirage,152434,7.656119824576384e+16,the ice truck clinger,76561198330759100,negev,-2365.08056640625,800.5520629882812,-80.96875,-1104.5775146484375,689.7048950195312,-79.96875,True,110.6529,4.1535,0.7584,1265.3679457523217,0.5644043046672198,0.5203874192504455
de_mirage,164672,7.656119824576384e+16,the ice truck clinger,76561198190202200,hegrenade,-1283.389892578125,-2474.338134765625,-192.2235107421875,-282.478759765625,-2158.580322265625,-173.804931640625,True,119.4409,482182,1.122,1049.6977355405259,0.7523590401917915,0.18795473552457165
de_mirage,165529,7.656119824576384e+16,the ice truck clinger,76561198435318800,negev,-812.552734375,-2545.6171875,-35.96875,-324.9869384765625,-1525.005126953125,-165.71905517578125,False,130.3679,80780,561014.0,1138.5097826356273,13.237502922115295,12.485143881923504
de_mirage,182143,7.656119824576384e+16,the ice truck clinger,76561198435318800,awp,-1494.75244140625,-1585.948486328125,-259.376953125,-1596.5679931640625,-711.6835327148438,-167.96875,True,-124.7336,1310035,2202779.0,884.9073823258126,14.605230756975695,1.3677278348603998
de_mirage,15654,7.656119825381965e+16,ssssssssssh,76561199169167900,p250,-150.3714599609375,-2118.197021484375,-167.96875,-285.33984375,-1641.744384765625,-167.96875,False,2911440,213335,1387955.0,495.20054488952337,14.143342719258237,0.0
de_mirage,15817,7.656119825381965e+16,ssssssssssh,76561198150806200,p250,-151.63116455078125,-1967.0673828125,-167.96875,-490.9656982421875,-2089.507080078125,-179.96875,True,-142.2479,883582,1.0925,360.9479259146145,0.7383595233814934,-13.404983195876744
de_mirage,24415,7.656119825381965e+16,ssssssssssh,76561199065901300,ak47,-16.54583740234375,-1545.2347412109375,-167.96875,-778.869873046875,-2093.931884765625,-179.96875,True,-96.1661,-2.3126,0.4509,939.3351322432468,0.3721840535395024,-0.36617546984199095
de_mirage,65975,7.656119825381965e+16,ssssssssssh,76561199169167900,galilar,-1070.10205078125,-2518.294677734375,-167.96875,-1541.4034423828125,-2117.819580078125,-254.42120361328125,True,19.0438,-9.7250,280233.0,624.4832522206732,12.543380247422355,12.171196193882853
de_mirage,83717,7.656119825381965e+16,ssssssssssh,76561199027584500,mp9,-880.1910400390625,-334.8631591796875,-165.35675048828125,-37.6021728515625,-382.19830322265625,-166.619873046875,True,-56.4145,-0.1123,0.2276,843.9183671709493,0.20506104376344406,-12.338319203658912
de_mirage,88018,7.656119825381965e+16,ssssssssssh,76561199169167900,mp9,-1154.3455810546875,-262.47686767578125,-55.96875,-1199.1815185546875,-1199.6474609375,-131.4375,True,138.4899,1009075,0.2908,941.2728161338711,0.25526218119566974,0.05020113743222568
de_mirage,89616,7.656119825381965e+16,ssssssssssh,76561199015497600,mp9,-650.215087890625,-1278.9627685546875,-167.96875,-821.8402099609375,-2312.485595703125,-174.09454345703125,True,127.6460,10.0319,0.1587,1047.6937253358096,0.1472986870208796,-0.10796349417479015
de_mirage,95506,7.656119825381965e+16,ssssssssssh,76561199015497600,m4a1_silencer,-1092.94873046875,-2508.828369140625,-167.96875,-188.2117919921875,-1921.8857421875,-167.96875,False,1615894,1604968,809379.0,1078.4482255438036,13.604023801457135,13.456725114436255
de_mirage,117777,7.656119825381965e+16,ssssssssssh,76561199065901300,mp9,-821.1154174804688,-120.65374755859376,-168.006103515625,-326.5902099609375,-893.125244140625,-167.96875,True,71.7253,1424660,0.2657,917.2062992038398,0.2356253288162656,-13.36839847264087
de_mirage,118122,7.656119825381965e+16,ssssssssssh,76561199015497600,mp9,-881.3353271484375,-351.825439453125,-163.8126220703125,-84.0372314453125,-412.33251953125,-167.9561767578125,False,-19.6508,0.5610,0.1123,799.6014814874085,0.10642994361584655,-0.12919538520041907
de_mirage,121842,7.656119825381965e+16,ssssssssssh,76561199065901300,m4a1_silencer,-910.8553466796876,-303.2213134765625,-167.41741943359375,451.0270385742188,-485.2481689453125,-159.96875,True,170.5380,1453422,0.2297,1374.0134242623112,0.2067702371962645,0.10034029358041795
de_mirage,121947,7.656119825381965e+16,ssssssssssh,76561199169167900,m4a1_silencer,-888.9038696289062,-221.0687255859375,-167.8955078125,398.275390625,-844.1568603515625,-164.63873291015625,True,-16.1090,-6.4644,2.1418,1430.0628931261253,1.1447958840837023,0.9380256468874377
de_mirage,126015,7.656119825381965e+16,ssssssssssh,76561199169167900,awp,-790.4100952148438,-905.5210571289062,-167.96875,402.05999755859375,-93.58331298828124,-162.96875,True,-25.4224,-0.3708,0.681,1442.6547828636128,0.5193888544264785,-0.6254070296572237
de_mirage,126344,7.656119825381965e+16,ssssssssssh,76561199015497600,awp,-807.4657592773438,-869.2088623046875,-167.96875,458.61669921875,-474.35003662109375,-159.96875,True,-99.7160,418966,531065.0,1326.2512144883185,13.182641586285554,12.663252731859075
de_mirage,127798,7.656119825381965e+16,ssssssssssh,76561198150806200,awp,-795.1185913085938,36.79896545410156,-167.181884765625,-1998.5440673828125,802.4475708007812,-47.96875,True,-168.2590,848946,692593.0,1431.3149320937105,13.448199247903982,0.26555766161842875
de_mirage,130666,7.656119825381965e+16,ssssssssssh,76561199169167900,awp,-1186.4825439453125,-691.8690185546875,-167.96875,401.4745178222656,-349.372802734375,-166.60601806640625,True,83.9016,22.0705,0.3661,1624.473189962542,0.3119599649113044,-13.136239282992678
de_train,4850,7.656119826246026e+16,ewjerkz,76561198044045100,glock,430.3735656738281,-827.87353515625,-245.59771728515625,1343.5374755859375,-929.4492797851562,-320.96875,True,-164.4420,2210662,0.0,921.8821783912464,0.0,0.0
de_train,6039,7.656119826246026e+16,ewjerkz,76561197995817500,glock,1705.686767578125,-1665.5867919921875,-321.1339111328125,1343.465087890625,-1005.3613891601562,-318.46875,True,165.8455,2041739,2458449.0,753.0665514177454,14.715041628023089,14.715041628023089
de_dust2,8019,7.656119826246026e+16,ewjerkz,76561198080114500,usp_silencer,978.239501953125,2143.90771484375,-3.83056640625,313.9140319824219,2041.952392578125,96.72415924072266,True,166.9355,0.5030,0.2168,679.5840423671093,0.19622446196294605,-14.518817166060144
de_train,17254,7.656119826246026e+16,,76561198262460200,world,-1916.0,1456.233154296875,-171.96875,-1916.0,1456.233154296875,-171.96875,False,90.1926,0.6812,0.0772,0.0,0.0743650819553068,-0.12185938000763924
de_dust2,24665,7.656119826246026e+16,ewjerkz,76561198080114500,mp9,-64.967529296875,2020.4658203125,-49.96875,-569.96630859375,2096.9267578125,-118.44781494140624,True,84.9758,16.1657,1.0431,515.3245815890817,0.7144682622636291,0.6401031803083224
de_ancient,33226,7.656119826246026e+16,ewjerkz,76561197995817500,ak47,-1332.9671630859375,115.4384307861328,96.68167114257812,-1623.7200927734375,1181.0174560546875,52.03125,True,40.6384,-2.0290,0.3112,1105.4363777813526,0.2709427484474829,-0.44352551381614624
de_train,34912,7.656119826246026e+16,ewjerkz,76561198044045100,ak47,-1007.9685668945312,477.8922424316406,16.03125,-938.6671142578124,858.0476684570312,-57.32989501953125,True,-42.1360,164086,0.0,393.32263712209897,0.0,-0.2709427484474829
de_ancient,39484,7.656119826246026e+16,ewjerkz,76561198055109000,ak47,974.1200561523438,-1082.4814453125,4.9942779541015625,1281.6734619140625,-757.31640625,4.753769874572754,True,34.1953,-22.2418,17.0097,447.57285202331684,2.8909105016365797,2.8909105016365797
de_ancient,44955,7.656119826246026e+16,ewjerkz,76561198080114500,mac10,534.101806640625,-1873.7647705078125,-104.4375,522.1580200195312,-2074.467529296875,-174.15716552734375,False,152.2911,2.0253,242189.0,212.8029209988329,12.397477821057171,9.506567319420592
de_ancient,45013,7.656119826246026e+16,ewjerkz,76561197995817500,mac10,603.0264892578125,-1999.2022705078125,-172.767822265625,503.08148193359375,-2205.9462890625,-164.73992919921875,False,-30.5447,-2.7504,0.0587,229.77497854262714,0.05704174036719702,-12.340436080689974
de_ancient,49043,7.656119826246026e+16,ewjerkz,76561198014259100,ak47,1370.2247314453125,-428.166748046875,59.4744873046875,705.6259155273438,31.05946350097656,130.03125,True,-92.3346,19.2388,2118468.0,810.8998435406193,14.566204215946644,14.509162475579448
de_ancient,49488,7.656119826246026e+16,ewjerkz,76561198044045100,ak47,1036.388916015625,-47.08099365234375,134.03125,1370.4765625,620.6355590820312,130.6529541015625,True,-90.6557,19.3644,0.6534,746.6400492955917,0.5028337738364381,-14.063370442110207
de_dust2,54529,7.656119826246026e+16,ewjerkz,76561198044045100,m4a1_silencer,-779.4632568359375,2105.4091796875,-108.374755859375,-495.9918212890625,2146.973876953125,-124.86578369140624,False,1212638,7.1394,0.9515,286.97671130031785,0.6685983076385326,0.16576453380209444
de_dust2,54570,7.656119826246026e+16,ewjerkz,76561198014259100,m4a1_silencer,-776.1495361328125,2095.8515625,-108.599609375,-563.4212646484375,2143.20849609375,-119.9456787109375,False,108.3740,641246,340043.0,218.2309096748412,12.73683029998407,12.068231992345538
de_ancient,62652,7.656119826246026e+16,ewjerkz,76561198014259100,ak47,-1218.443603515625,29.81844711303711,104.86837768554688,-1047.0892333984375,-189.718505859375,106.03125,False,92.0912,599761,0.6164,278.496222866108,0.4802014542221815,-12.25662884576189
de_train,78273,7.656119826246026e+16,ewjerkz,76561198055109000,galilar,-19.5960693359375,461.4605712890625,-215.96875,638.0499267578125,116.29693603515624,-215.96875,True,153.1244,-0.0814,1.074,742.7221494474446,0.7294791098073357,0.24927765558515413
de_train,89521,7.656119826246026e+16,ewjerkz,76561198014259100,galilar,1273.72216796875,-1773.33935546875,-317.46875,1737.164306640625,-1671.193603515625,-321.1339111328125,True,-15.1869,16.6000,0.5758,474.5796075949326,0.4547630798294507,-0.27471602997788497
de_dust2,93522,7.656119826246026e+16,ewjerkz,76561198014259100,m4a1_silencer,-1326.3841552734375,2683.160400390625,130.03125,-1519.9595947265625,2236.423828125,-0.74566650390625,True,-112.9504,1037929,0.7998,504.13055615522865,0.5876755476177111,0.13291246778826044
de_ancient,99571,7.656119826246026e+16,ewjerkz,76561197995817500,cz75a,1265.53955078125,559.6879272460938,124.5092544555664,992.1796264648438,188.8686065673828,134.03125,False,-89.8730,3.1369,2791946.0,460.7855088976217,14.842249759876202,14.25457421225849
de_train,114267,7.656119826246026e+16,ewjerkz,76561198014259100,mp9,-795.5471801757812,566.3397216796875,-215.96875,-688.2503051757812,1074.5384521484375,-163.09375,False,176.3975,1040974,0.6689,522.0865202816625,0.5121647267672202,-14.33008503310898
de_train,114809,7.656119826246026e+16,ewjerkz,76561197995817500,mp9,-847.5277099609375,583.84375,-215.96875,-725.7976684570312,1020.9393310546876,-215.96875,True,-88.3661,2.0431,0.1154,453.7298204681699,0.10921308497331629,-0.40295164179390397
de_train,120043,7.656119826246026e+16,ewjerkz,76561198014259100,m4a1_silencer,-452.56005859375,204.79855346679688,-215.96875,-312.77801513671875,347.6869506835937,-215.96875,True,-75.9708,-0.0968,73781.0,199.89025422018074,11.208870078400503,11.099656993427187
de_dust2,121070,7.656119826246026e+16,ewjerkz,76561197995817500,mac10,-765.3986206054688,2452.48486328125,-83.85137939453125,-1346.172607421875,2680.4140625,130.03125,True,152.4167,-16.6978,0.342,659.542206970746,0.29416103854949005,-10.914709039851013
de_ancient,124587,7.656119826246026e+16,ewjerkz,76561198044045100,ak47,1150.7802734375,240.6737518310547,130.53125,1291.400634765625,-380.516845703125,74.8943862915039,True,144.9608,397783,665505.0,639.333485035972,13.408302932554273,13.114141894004783
de_train,129824,7.656119826246026e+16,ewjerkz,76561197995817500,m4a1_silencer,-172.96832275390625,639.4496459960938,-167.96875,812.63818359375,546.2495727539062,-163.84375,False,178.1801,0.6001,0.1317,990.01184570296,0.12372092698975885,-13.284582005564515
de_train,130214,7.656119826246026e+16,ewjerkz,76561198014259100,m4a1_silencer,-172.9683837890625,597.1251831054688,-167.96875,-654.3049926757812,347.4213562011719,-215.96875,False,-28.9600,63341,2.1478,544.3720531265516,1.1467037961353637,1.0229828691456049
de_dust2,132373,7.656119826246026e+16,ewjerkz,76561197995817500,deagle,-833.49072265625,2164.922607421875,-100.362060546875,-236.5172119140625,2024.15283203125,-126.17120361328124,False,-84.8550,-3.6396,3654.0,613.8889264819833,8.203851372183879,7.057147576048515
de_ancient,133099,7.656119826246026e+16,ewjerkz,76561198080114500,ak47,329.0673522949219,251.5072326660156,156.55441284179688,628.6327514648438,191.8839263916016,131.69039916992188,True,-77.4035,122539,0.2114,306.4516049995536,0.19177671556470977,-8.012074656619168
de_train,139600,7.656119826246026e+16,ewjerkz,76561198014259100,m4a1_silencer,512.7392578125,642.8724365234375,-215.96875,-592.6428833007812,431.5059814453125,-215.96875,True,167.1704,4.0172,3.0677,1125.4090173019208,1.4030777291542362,1.2113010135895266
de_ancient,139796,7.656119826246026e+16,ewjerkz,76561198080114500,ak47,-534.2921142578125,1201.104248046875,55.27070999145508,-146.3504638671875,817.733642578125,77.66424560546875,True,-37.8053,-1.7324,2101243.0,545.8692294703686,14.558040108257696,13.15496237910346
de_dust2,141346,7.656119826246026e+16,ewjerkz,76561198080114500,ak47,-1794.145263671875,2049.241455078125,-4.1197509765625,-1643.3868408203125,1620.0313720703125,2.3748931884765625,True,-125.1981,0.7364,0.1778,454.9632708462237,0.16364829152833335,-14.394391816729362
de_train,146554,7.656119826246026e+16,ewjerkz,76561197995817500,ak47,-277.488037109375,-274.9833984375,-208.7266845703125,-528.748779296875,430.6104736328125,-215.96875,False,2505108,1124005,0.5043,749.0307873375284,0.408327673721641,0.24467938219330768
de_train,146792,7.656119826246026e+16,ewjerkz,76561198055109000,ak47,-54.666015625,-256.7403564453125,-215.96875,-564.31103515625,494.6136169433594,-215.96875,True,-86.6729,22.4124,132950.0,907.8936277229581,11.79773591826755,11.389408244545908
de_ancient,154228,7.656119826246026e+16,ewjerkz,76561198080114500,m4a1_silencer,1251.167724609375,-1058.015380859375,20.05057907104492,1130.39501953125,-1007.2496948242188,9.03125,False,-146.7423,2757218,3.1572,131.47101119137935,1.4248417707321295,-10.37289414753542
de_dust2,161451,7.656119826246026e+16,ewjerkz,76561198080114500,ak47,-2023.094970703125,1814.681396484375,33.03125,-1401.9122314453125,2065.611328125,3.9031167030334473,False,85.3679,-2.9522,2231999.0,670.5835326746206,14.618408602483338,13.193566831751209
de_dust2,169320,7.656119826246026e+16,ewjerkz,76561198055109000,ak47,203.74659729003903,1403.0269775390625,-0.20404052734375,521.1114501953125,2067.900146484375,127.21965026855467,True,-9.1145,0.6599,0.5425,747.6721056847157,0.4334044767974058,-14.185004125685932
de_mirage,4066,7.656119826266006e+16,Goose,76561198843780600,usp_silencer,99.093017578125,-495.5369873046875,-173.103759765625,-659.9281005859375,-794.4050903320312,-263.96875,False,171.3984,984848,2650201.0,820.7872119352736,14.790146421472414,0.0
de_mirage,16225,7.656119826266006e+16,Goose,76561198843780600,deagle,-843.304931640625,-296.5125732421875,-167.023681640625,-13.2474365234375,-472.5380859375,-170.20196533203125,True,-24.9002,0.7121,1729456.0,848.5225558623002,14.363318044373205,-0.4268283770992092
de_mirage,17170,7.656119826266006e+16,Goose,76561198991411500,deagle,-971.7440795898438,270.3854064941406,-168.74017333984375,-327.304443359375,-912.7410278320312,-167.0208740234375,True,-170.1178,-0.8786,0.352,1347.2540815808873,0.3015849776207723,-14.061733066752433
de_mirage,17991,7.656119826266006e+16,Goose,76561198829315100,deagle,-1177.4190673828125,-928.2451171875,-167.96875,-1160.1204833984375,-352.5224609375,-55.96875,True,126.9168,10.1201,0.5114,586.7706689392544,0.4130363736044825,0.11145139598371018
de_mirage,22397,7.656119826266006e+16,Goose,76561198991411500,ak47,-895.876953125,-377.4752197265625,-162.0626220703125,499.9346618652344,-466.05218505859375,-160.099853515625,True,-99.8582,76.7526,0.901,1398.6206761625817,0.6423800635062922,0.2293436899018097
de_mirage,22435,7.656119826266006e+16,Goose,76561198066018600,ak47,-893.3849487304688,-333.44024658203125,-165.673828125,502.86669921875,-375.812255859375,-160.00531005859375,True,-94.6840,1714086,0.4567,1396.9059322904236,0.376173603472765,-0.26620646003352716
de_mirage,28125,7.656119826266006e+16,Goose,76561198829315100,awp,-1147.1444091796875,-693.1940307617188,-167.96875,350.0758361816406,-248.41729736328125,-167.53045654296875,True,-29.6136,610503,1.0562,1561.8882795493328,0.7208596191264811,0.3446860156537161
de_mirage,28413,7.656119826266006e+16,Goose,76561198991411500,awp,-1025.4781494140625,-562.2431640625,-287.96875,-1047.6888427734375,-294.3475341796875,-367.96875,True,-11.8395,0.6969,0.0158,280.4663676981842,0.01567647938500758,-0.7051831397414735
de_mirage,28862,7.656119826266006e+16,Goose,76561198293373800,awp,-704.488525390625,-904.9805908203124,-231.4747314453125,-450.4410400390625,-2263.34228515625,-171.957763671875,True,-6.3752,358214,148290.0,1383.1951731066717,11.906931838489434,11.891255359104427
de_mirage,29322,7.656119826266006e+16,Goose,76561198843780600,awp,-767.9593505859375,-1164.7606201171875,-120.17535400390624,-390.2276611328125,-2002.713134765625,-179.22052001953125,False,88.3802,-10.8504,0.4604,921.049389366588,0.3787103707993448,-11.52822146769009
de_mirage,38525,7.656119826266006e+16,Goose,76561198829315100,awp,-1138.8148193359375,-717.6441040039062,-167.96875,208.30148315429688,-307.3726806640625,-167.5230712890625,True,71.4544,1293081,0.413,1408.2063669341135,0.34571510370239034,-0.03299526709695444
de_mirage,42933,7.656119826266006e+16,Goose,76561198843780600,awp,-1140.5467529296875,-712.6309814453125,-167.96875,437.5921325683594,-283.0562744140625,-159.96875,True,-79.1036,-2.1671,1973042.0,1635.579643686605,14.495087578989258,14.149372475286867
de_mirage,45888,7.656119826266006e+16,Goose,76561198991411500,awp,-1180.592529296875,-2494.968994140625,-170.28863525390625,-461.7864990234375,-1979.84912109375,-179.96875,True,31.0408,-6.3913,0.2087,884.3779154788886,0.1895454018832742,-14.305542177105984
de_mirage,3374,7.656119826315965e+16,karpiupakerr,76561198356645200,p250,-2286.870361328125,-529.7658081054688,-167.96875,-2025.4306640625,-436.6471557617188,-167.96875,False,-95.9570,1320353,0.369,277.5280142988412,0.3140805463063118,0.0
de_mirage,3563,7.656119826315965e+16,karpiupakerr,76561198402995700,p250,-2333.411865234375,-253.4996337890625,-167.885986328125,-2258.088623046875,-214.2938232421875,-167.125244140625,False,56.3873,2392431,2.1633,84.91916817156229,1.1516157864904102,0.8375352401840983
de_mirage,3717,7.656119826315965e+16,karpiupakerr,76561199155915000,usp_silencer,-2321.116943359375,-192.611083984375,-165.119140625,-2251.180419921875,-646.0084838867188,-167.96875,False,-150.3517,0.0223,1.098,458.7683945329276,0.7409845099741055,-0.4106312765163047
de_mirage,12873,7.656119826315965e+16,karpiupakerr,76561199121783700,glock,-934.5706176757812,468.7049255371094,-367.96875,-999.08251953125,186.78343200683597,-367.96875,False,169.4875,1278716,2876743.0,289.20842656352465,14.872169656996556,14.131185147022451
de_mirage,13205,7.656119826315965e+16,karpiupakerr,76561199155915000,deagle,-1007.9691772460938,302.8160705566406,-367.96875,-1017.8214111328124,-756.819580078125,-263.96875,True,-144.4771,2045391,0.3299,1064.772641745045,0.28510375143698047,-14.587065905559577
de_mirage,17668,7.656119826315965e+16,karpiupakerr,76561198356645200,ak47,-967.2874145507812,98.72694396972656,-367.96875,-997.1724243164062,-625.6083984375,-278.5130615234375,True,64.5045,-0.9469,771029.0,730.4499450815924,13.555482562294308,13.270378810857329
de_mirage,19844,7.656119826315965e+16,karpiupakerr,76561199121783700,ak47,-444.7557373046875,-768.184326171875,-260.05810546875,-698.5477905273438,-749.9756469726562,-261.96875,True,-153.3729,0.7701,297309.0,254.45159233079372,12.602530644478364,-0.9529519178159447
de_mirage,20844,7.656119826315965e+16,karpiupakerr,76561198402995700,ak47,-1007.0660400390624,-473.003173828125,-299.4635009765625,-678.5537719726562,-819.0863647460938,-263.96875,True,-85.6566,-0.5349,1.0719,478.4911312166462,0.7284660606842999,-11.874064583794064
de_mirage,35007,7.656119826315965e+16,karpiupakerr,76561199278282700,ssg08,-1545.1866455078125,683.7357788085938,-47.96875,-2372.777099609375,451.8902893066406,-165.96875,True,-132.8615,-1.1127,45017.0,867.5150089320822,10.714817688773783,9.986351628089484
de_mirage,48458,7.656119826315965e+16,karpiupakerr,76561199121783700,galilar,369.7957458496094,-107.60638427734376,-170.145263671875,-784.74169921875,-914.9725952148438,-167.96875,True,1977545,339372,1.0345,1408.8298860544926,0.7102500884596076,-10.004567600314175
de_dust2,10294,7.656119827420192e+16,пися ♡,76561198168074900,ak47,-1664.7763671875,1167.1331787109375,31.082406997680664,-1891.542236328125,1215.40576171875,31.95123672485352,True,-177.6723,834763,0.1054,231.84856381363252,0.10020726041702553,0.0
de_dust2,11674,7.656119827420192e+16,пися ♡,76561199045569900,ak47,-528.130615234375,1889.785400390625,-120.49114990234376,192.6288299560547,2334.808349609375,-119.96875,True,-34.3422,-3.9245,0.4069,847.0772550743103,0.3413887024010305,0.24118144198400493
de_dust2,11808,7.656119827420192e+16,пися ♡,76561198294497800,ak47,-391.6929931640625,1762.5665283203125,-126.10040283203124,-713.8048706054688,2540.76220703125,-79.98052978515625,True,-89.7624,0.0529,0.0,843.4877702984579,0.0,-0.3413887024010305
de_dust2,39535,7.656119827420192e+16,пися ♡,76561199558996700,ak47,623.3350219726562,715.3796997070312,0.9350748062133788,1313.9169921875,1237.6156005859375,1.03125,False,-143.9703,0.6482,0.7017,865.8139540353262,0.531627751395254,0.531627751395254
de_dust2,52218,7.656119827420192e+16,пися ♡,76561199045569900,ak47,-339.0162353515625,1305.42919921875,-122.76690673828124,-825.0970458984375,1506.0584716796875,-108.052001953125,True,30.1115,2268066,0.0618,526.0638628274596,0.059965581167434064,-0.4716621702278199
de_dust2,57693,7.656119827420192e+16,пися ♡,76561198168074900,ak47,-1768.67724609375,993.949462890625,38.74407196044922,-1979.97314453125,1062.89501953125,35.19203567504883,True,178.0396,12.1811,356.3416,222.28824404085958,5.878692187023401,5.818726605855967
de_dust2,73433,7.656119827420192e+16,пися ♡,76561199045569900,usp_silencer,-43.653076171875,1423.717529296875,-0.6292724609375,-1136.595703125,1460.778076171875,-75.96875,True,-7.4182,1052386,2132288.0,1096.1629015897822,14.57270660855225,8.694014421528848
de_dust2,80257,7.656119827420192e+16,пися ♡,76561198846732900,m4a1_silencer,1007.6890258789062,2164.134765625,1.0383071899414062,1571.915283203125,1855.29736328125,-6.9769287109375,True,-107.8562,1090403,0.5025,643.2698147333493,0.40713038742722557,-14.165576221125026
de_dust2,98225,7.656119827420192e+16,пися ♡,76561199045569900,m4a1_silencer,-541.9525146484375,2006.520263671875,-118.93902587890624,-154.85443115234375,797.4453735351562,2.162233591079712,True,51.1111,0.8422,0.5389,1275.293115817177,0.431067875487669,0.023937488060443435
de_dust2,98846,7.656119827420192e+16,пися ♡,76561198846732900,m4a1_silencer,200.04342651367188,2061.595947265625,-123.80029296875,1485.2314453125,2249.708251953125,-5.6153564453125,True,72.3512,2787653,1.0716,1304.2477379930351,0.7283212555675994,0.2972533800799304
de_dust2,101674,7.656119827420192e+16,пися ♡,76561199558996700,m4a1_silencer,-1581.4693603515625,2471.43798828125,1.6736369132995603,-2044.3048095703125,1915.5308837890625,0.1635913848876953,False,91.6226,-4.5737,0.2297,723.3613496143597,0.2067702371962645,-0.5215510183713349
de_dust2,103367,7.656119827420192e+16,пися ♡,76561198846732900,m4a1_silencer,-2023.5205078125,2543.481689453125,32.394283294677734,-1945.8336181640625,1143.3934326171875,32.79153823852539,True,-144.0795,976661,0.2764,1402.2419682653322,0.24404361542195138,0.03727337822568688
de_dust2,108438,7.656119827420192e+16,пися ♡,76561199558996700,m4a1_silencer,-506.567138671875,2046.7130126953125,-122.039794921875,-397.4029541015625,1606.8402099609375,-126.48968505859376,False,83.8937,2845454,0.2082,453.23802058137676,0.18913164872250382,-0.05491196669944756
de_mirage,25629,7.656119827445077e+16,BiGtOOddY,76561198330759100,ssg08,405.8445739746094,-855.637451171875,-164.62933349609375,-855.181884765625,-327.3172607421875,-165.6766357421875,True,-18.8831,891679,0.3289,1367.2275048800736,0.284351532355325,0.0
de_mirage,32638,7.656119827445077e+16,BiGtOOddY,76561198180825500,ak47,181.96778869628903,-1705.9248046875,-167.96875,-522.3651123046875,-1574.232421875,-39.96875,True,16.2230,-0.0330,1.0279,727.8816656045717,0.707000774848481,0.422649242493156
de_mirage,41065,7.656119827445077e+16,BiGtOOddY,76561199181204500,ak47,-136.71875,-1507.693359375,-53.96875,-484.8265380859375,-1624.262939453125,-39.96875,True,951944,4.0591,1.1297,367.3737866610441,0.7559811247313128,0.04898034988283184
de_mirage,55995,7.656119827445077e+16,BiGtOOddY,76561198435318800,ak47,-1697.76611328125,683.7100830078125,-47.96875,-2207.1572265625,495.4305419921875,-167.96875,True,129.4306,16.2625,795866.0,556.1730772475108,13.587187365439059,12.831206240707745
de_mirage,57438,7.656119827445077e+16,BiGtOOddY,76561198190202200,ak47,-1492.5623779296875,-2192.13134765625,-246.555908203125,-902.15625,-2592.169189453125,-167.96875,True,-6.1750,0.6379,0.419,717.4856181143083,0.3499523981779056,-13.237234967261154
de_mirage,60393,7.656119827445077e+16,BiGtOOddY,76561198180825500,ak47,209.53665161132807,-54.258056640625,-179.63031005859375,84.5126953125,-755.3968505859375,-173.3997802734375,True,169.0288,-6.5297,0.3764,712.2256787880526,0.31947139494118826,-0.03048100323671732
de_mirage,60673,7.656119827445077e+16,BiGtOOddY,76561198330759100,ak47,340.8514709472656,24.32295227050781,-208.95355224609372,72.78365325927734,-637.5967407226562,-175.96875,True,-22.9920,0.8792,0.1329,714.9028129972486,0.12478071689730584,-0.1946906780438824
de_mirage,91271,7.656119827445077e+16,BiGtOOddY,76561199181204500,mp7,-537.7600708007812,-1862.935791015625,-179.96875,271.3463439941406,-1562.1236572265625,-175.96875,True,-139.9686,682306,1113627.0,863.2248434197321,13.923133711924356,13.79835299502705
de_mirage,94654,7.656119827445077e+16,BiGtOOddY,76561198435318800,ak47,-384.2349853515625,-1975.287353515625,-177.46893310546875,141.7359619140625,-1962.5765380859373,-132.640625,False,120.2872,2.0747,2468280.0,528.0308508070199,14.71903251490055,0.7958988029761933
de_mirage,99723,7.656119827445077e+16,BiGtOOddY,76561198180825500,ak47,-644.974609375,-948.4528198242188,-215.96875,-850.7911376953125,164.157470703125,-173.04931640625,True,100.2496,0.6097,0.092,1132.3003928715978,0.0880108773227133,-14.631021637577836
de_mirage,100970,7.656119827445077e+16,BiGtOOddY,76561198330759100,ak47,-1609.6226806640625,-691.0343017578125,-167.96875,-2192.8525390625,-538.3598022460938,-167.96875,False,-42.9270,-5.3850,0.2212,602.8818877098691,0.19983398187858573,0.11182310455587242
de_mirage,104541,7.656119827445077e+16,BiGtOOddY,76561199181204500,ak47,-499.4036865234375,-1454.6646728515625,-65.02825927734375,-607.8851318359375,-2393.466064453125,-167.96875,True,-129.0155,2695158,0.828,950.6382179779753,0.6032224730319583,0.4033884911533726
de_mirage,113074,7.656119827445077e+16,BiGtOOddY,76561198435318800,awp,-1163.1856689453125,-676.7686157226562,-167.96875,191.4846954345703,-282.717041015625,-167.6387939453125,True,72.0065,-6.6773,0.0,1410.8183967219925,0.0,-0.6032224730319583
de_mirage,114839,7.656119827445077e+16,BiGtOOddY,76561198330759100,awp,-736.7368774414062,-1338.363525390625,-167.96875,-559.2846069335938,-344.0499267578125,-167.91668701171875,True,-179.8417,18.3252,7337.0,1010.0241796338671,8.900821604915228,8.900821604915228
de_mirage,127915,7.656119827445077e+16,BiGtOOddY,76561198330759100,m4a1_silencer,-1978.844970703125,5.998873233795166,-167.96875,-889.7294311523438,282.0652160644531,-168.70635986328125,True,36.3572,-10.9778,973129.0,1123.5594457807713,13.788272959643264,4.887451354728036
de_mirage,128345,7.656119827445077e+16,BiGtOOddY,76561198190202200,m4a1_silencer,-2367.067138671875,666.0404663085938,-39.71875,-1881.772705078125,762.141357421875,-47.96875,True,-65.9671,2404545,337911.0,494.7869552139035,12.730540785537315,-1.0577321741059489
de_mirage,128616,7.656119827445077e+16,BiGtOOddY,76561199181204500,m4a1_silencer,-2175.788818359375,581.680419921875,-154.133056640625,-1368.109619140625,428.4331665039063,-167.96875,False,-93.8754,2229442,693233.0,822.2054706346382,13.449122883514605,0.7185820979772899
de_mirage,131706,7.656119827445077e+16,BiGtOOddY,76561198435318800,awp,-1163.6217041015625,-716.426513671875,-167.96875,176.5448455810547,-256.28759765625,-151.96875,True,85.9323,-5.0159,1042769.0,1417.0498237254205,13.857391191928002,0.40826830841339756
de_mirage,133373,7.656119827445077e+16,BiGtOOddY,76561199181204500,awp,-504.9695434570313,-1545.434814453125,-39.96875,179.60113525390625,-1707.754150390625,-167.96875,True,-80.7492,1002866,0.2934,715.1003992237346,0.25727441003035534,-13.600116781897647
de_mirage,149469,7.656119827445077e+16,BiGtOOddY,76561198190202200,m4a1_silencer,-521.7908935546875,-1521.7403564453125,-39.96875,-98.88775634765624,-1878.844970703125,-167.96875,True,14.0083,0.5105,2.0562,568.1151018796896,1.1171723141890197,0.8598979041586644
de_mirage,155904,7.656119827445077e+16,BiGtOOddY,76561198190202200,awp,-1161.5718994140625,-2491.849609375,-167.96875,-191.55419921875,-2160.560302734375,-168.57611083984375,True,177.9874,-1.4783,0.3147,1025.0303957804465,0.27360850272042153,-0.8435638114685982
de_mirage,164605,7.656119827445077e+16,BiGtOOddY,76561199181204500,m4a1_silencer,-745.5316772460938,-1576.1639404296875,-167.96875,-265.1336669921875,-1765.7537841796875,-167.96875,False,-65.5571,1000797,1041673.0,516.4557649102793,13.856339592459749,13.582731089739328
de_mirage,173040,7.656119827445077e+16,BiGtOOddY,76561198330759100,m4a1_silencer,-1118.3116455078125,-1323.2962646484375,-167.89202880859375,-21.6314697265625,-2153.076171875,-39.96875,True,153.9796,1344307,0.0,1381.1612750325928,0.0,-13.856339592459749
de_mirage,191564,7.656119827445077e+16,BiGtOOddY,76561198435318800,ak47,-2155.443359375,813.442138671875,-125.49853515625,-2114.03271484375,777.7420654296875,-127.59210205078124,False,101.7063,200521,0.4832,54.714894976897966,0.39420191582945363,0.39420191582945363
de_mirage,2913,7.656119829337384e+16,jan1-_-,76561198970902000,glock,31.02013397216797,-2173.835205078125,-39.96875,-928.4307861328124,-1474.8096923828125,-167.96875,True,-179.2344,-9.7157,358.381,1193.9709944086742,5.8843831070644175,0.0
de_mirage,6844,7.656119829337384e+16,jan1-_-,76561199025126500,deagle,74.3488540649414,-2252.967041015625,-39.96875,-372.0877685546875,-1668.325439453125,-167.96875,True,38.2630,-0.9901,0.0,746.6561861349478,0.0,-5.8843831070644175
de_mirage,7613,7.656119829337384e+16,jan1-_-,76561198970902000,mp9,-1203.349365234375,-1388.231201171875,-164.6875,-1266.24169921875,-939.7872924804688,-167.96875,False,89.6690,713717,2.1554,452.8445114142281,1.1491152708412165,1.1491152708412165
de_mirage,10787,7.656119829337384e+16,jan1-_-,76561199069072200,ak47,-701.7872314453125,502.67816162109375,-43.96875,-711.0811157226562,439.32080078125,-255.349853515625,True,2607924,-12.6720,0.0,220.8676127933523,0.0,-1.1491152708412165
de_mirage,18578,7.656119829337384e+16,jan1-_-,76561198970902000,ak47,-818.7333374023438,-2329.12158203125,-173.63134765625,-552.2601318359375,-984.0318603515624,-167.96875,True,143.8529,2698931,2288306.0,1371.242645801753,14.643322800802398,14.643322800802398
de_mirage,19509,7.656119829337384e+16,jan1-_-,76561199069072200,ak47,-396.8709716796875,-2247.84521484375,-170.95440673828125,-732.973876953125,-1131.692626953125,-167.96875,True,96.4194,2355724,1497496.0,1165.6631917214952,14.219305605630836,-0.42401719517156167
de_mirage,24024,7.656119829337384e+16,jan1-_-,76561199025126500,deagle,295.5614318847656,679.5570068359375,-254.64202880859372,173.13873291015625,-838.6217041015625,-166.35858154296875,True,-131.0284,16.6978,2867187.0,1525.6630960435464,14.868842316486132,0.6495367108552959
de_mirage,24939,7.656119829337384e+16,jan1-_-,76561198262660000,deagle,847.5956420898438,651.3798828125,-213.02618408203125,472.4351806640625,664.391357421875,-123.96875,True,-28.9998,13.3769,0.975,385.80551687863516,0.6805683983530851,-14.188273918133048
de_mirage,33793,7.656119829337384e+16,jan1-_-,76561199025126500,deagle,-68.15948486328125,-902.6729736328124,-167.02923583984375,-702.4276733398438,-313.37261962890625,-159.96875,True,-3.2664,2575723,0.9857,865.8064983602075,0.6859714968108498,0.005403098457764655
de_mirage,34026,7.656119829337384e+16,jan1-_-,76561199112107300,deagle,350.1614074707031,-832.9072265625,-163.9185791015625,-1157.812255859375,-689.151611328125,-167.96875,True,-3.7381,0.9819,0.0474,1514.815714895002,0.04631090286325026,-0.6396605939475996
de_mirage,34288,7.656119829337384e+16,jan1-_-,76561198262660000,deagle,458.9339599609375,-808.6703491210938,-159.96875,-686.8786010742188,-809.7901000976562,-263.96875,True,-1.6631,1.0928,0.6385,1150.5232196127956,0.49378118915673225,0.447470286293482
de_train,4801,7.656119829438109e+16,r1nkle,76561198014259100,p250,-598.4944458007812,-1746.3341064453125,-151.96875,925.4931030273438,-1041.131103515625,-341.3271484375,True,44.1805,-7.3787,0.7977,1689.883406446439,0.5865080700702333,0.0
de_train,5784,7.656119829438109e+16,r1nkle,76561198055109000,p250,868.5410766601562,-1656.4725341796875,-318.96875,1067.325927734375,-840.0293579101562,-318.96875,False,-37.2766,2238605,0.6822,840.2945180671359,0.5201024605461999,-0.0664056095240334
de_dust2,6310,7.656119829438109e+16,r1nkle,76561198044045100,usp_silencer,1373.2244873046875,2693.583251953125,97.45941925048828,354.6279296875,2232.54931640625,96.79934692382812,True,118.9273,0.0584,2236382.0,1118.0749852361876,14.620370386603321,14.100267926057121
de_ancient,9853,7.656119829438109e+16,r1nkle,76561198044045100,ak47,-1429.72509765625,-1163.0040283203125,-11.531005859375,-1737.973876953125,-674.28955078125,72.03125,True,1913323,715877,0.9961,583.8165817263158,0.6911952768347,-13.929175109768622
de_ancient,9872,7.656119829438109e+16,r1nkle,76561198014259100,ak47,-1425.0452880859375,-1160.1573486328125,-11.6212158203125,-1741.2821044921875,-600.6275024414062,72.03125,True,105.0804,-4.5792,0.4368,648.1335571219543,0.3624184185657981,-0.32877685826890185
de_dust2,14899,7.656119829438109e+16,r1nkle,76561198044045100,ssg08,1248.2342529296875,2784.240966796875,127.03125,1292.9927978515625,1198.8006591796875,1.03125,True,77.0117,0.2541,0.0,1591.0689162826372,0.0,-0.3624184185657981
de_train,17254,7.656119829438109e+16,,76561198294381000,world,-2033.0,1362.233154296875,-171.96875,-2033.0,1362.233154296875,-171.96875,False,62.8754,-11.3451,2033672.0,0.0,14.525354075704596,14.525354075704596
de_ancient,17883,7.656119829438109e+16,r1nkle,76561198080114500,ak47,-1413.5877685546875,547.6013793945312,73.03125,-1715.4072265625,620.8585815429688,73.03125,False,108.0117,-3.5750,838965.0,310.58268287003176,13.639925460194357,-0.8854286155102393
de_ancient,18119,7.656119829438109e+16,r1nkle,76561198044045100,ak47,-1514.462158203125,853.0230712890625,54.03125,-681.1563720703125,1159.96826171875,70.03125,True,-153.1587,-1.4519,0.0685,888.1834737993844,0.06625579577706527,-13.573669664417292
de_ancient,21578,7.656119829438109e+16,r1nkle,76561198014259100,mac10,513.7388916015625,200.2587432861328,152.65475463867188,1300.34130859375,301.5040588378906,124.15067291259766,True,-124.4919,876219,0.55,793.6034645931007,0.4382549309311553,0.37199913515409005
de_train,23047,7.656119829438109e+16,r1nkle,76561198014259100,ak47,139.5963897705078,-1142.6876220703125,-350.96875,840.71533203125,-1765.47607421875,-318.96875,True,-166.9204,19.1804,1598334.0,938.3268233010652,14.28447302038389,13.846218089452735
de_train,26665,7.656119829438109e+16,r1nkle,76561198014259100,ak47,-441.5997924804688,248.7899627685547,-215.96875,540.1542358398438,693.421142578125,-215.96875,True,812787,2269619,238140.0,1077.7466576992997,12.380618214206898,-1.9038548061769927
de_train,27381,7.656119829438109e+16,r1nkle,76561198055109000,ak47,640.73095703125,385.837646484375,-215.96875,610.0619506835938,-394.332763671875,-207.96875,True,0.2592,833090,0.0,780.8139706957887,0.0,-12.380618214206898
de_train,33178,7.656119829438109e+16,r1nkle,76561198080114500,awp,-1020.8056030273438,-782.0882568359375,-153.96875,-424.33013916015625,-935.8895874023438,-318.96875,True,41.5767,2823692,0.0,637.7012061142534,0.0,0.0
de_ancient,34571,7.656119829438109e+16,r1nkle,76561198044045100,ak47,-1886.3565673828125,799.188720703125,52.03125,-1300.033203125,450.9047546386719,88.11465454101562,False,-73.9888,0.1967,1.1319,682.9193368000757,0.7570136008883592,0.7570136008883592
de_train,54600,7.656119829438109e+16,r1nkle,76561198080114500,awp,-666.88232421875,755.6127319335938,-0.96875,-622.3904418945312,-531.1064453125,-35.834228515625,True,53.5003,1734294,0.0,1287.9601586531085,0.0,-0.7570136008883592
de_train,65388,7.656119829438109e+16,r1nkle,76561198055109000,awp,825.9325561523438,501.9001770019531,-211.96875,546.82421875,718.1281127929688,-215.96875,True,74.4513,-2.0016,1156176.0,353.08920151138034,13.96062943068053,13.96062943068053
de_dust2,65964,7.656119829438109e+16,r1nkle,76561198014259100,awp,275.45867919921875,1549.859130859375,23.078125,-206.64605712890625,1276.926513671875,0.3235268592834472,True,-155.8242,0.1171,0.4129,554.4681794759505,0.34564432978962506,-13.614985100890905
de_dust2,67211,7.656119829438109e+16,r1nkle,76561198055109000,awp,-559.3573608398438,2280.35205078125,-116.80511474609376,-355.22930908203125,1298.4354248046875,-123.021728515625,False,-172.0692,-9.0750,4.0929,1002.9292937043948,1.6278474129168496,1.2822030831272246
de_ancient,67573,7.656119829438109e+16,r1nkle,76561198014259100,ak47,1243.4241943359375,-410.88958740234375,60.86967468261719,873.35986328125,219.3511657714844,134.03125,True,-67.3101,-3.0590,3.1492,734.5091096664415,1.422915544575536,-0.20493186834131372
de_dust2,69571,7.656119829438109e+16,r1nkle,76561198044045100,awp,-1717.4901123046875,603.3048095703125,31.451045989990234,-1589.81689453125,1050.43603515625,34.66708755493164,True,107.5932,-3.9379,0.1099,465.0130389074628,0.10426992117579677,-1.3186456233997392
de_dust2,69851,7.656119829438109e+16,r1nkle,76561197995817500,awp,-1247.3482666015625,1052.204345703125,31.7193603515625,-989.9492797851562,1413.6971435546875,-113.14874267578124,False,-71.0709,2048036,631141.0,466.8169326271319,13.355286155825384,13.251016234649587
de_dust2,74601,7.656119829438109e+16,r1nkle,76561198080114500,ssg08,-448.083251953125,2230.284423828125,-120.37152099609376,-272.62841796875,348.32147216796875,-1.48687744140625,True,-88.3689,2496524,0.4571,1893.859157557134,0.37644815903767176,-12.978837996787712
de_dust2,83534,7.656119829438109e+16,r1nkle,76561198014259100,awp,1787.744873046875,1968.70947265625,3.577787399291992,1093.6141357421875,983.145263671875,-2.2034912109375,True,170.9792,11.0354,31413.0,1205.4823572680418,10.355008932402978,9.978560773365306
de_dust2,85595,7.656119829438109e+16,r1nkle,76561198080114500,awp,1257.4886474609375,2805.191162109375,127.044189453125,1294.6304931640625,585.576416015625,-60.8817138671875,True,-74.2288,-2.2906,0.1747,2227.865633946045,0.16101279584770323,-10.193996136555274
de_dust2,96200,7.656119829438109e+16,r1nkle,76561198055109000,awp,-415.8776245117188,2423.96826171875,-89.86431884765625,-404.441162109375,-513.9129638671875,0.8718409538269043,True,73.6630,461423,0.8336,2939.3043290918567,0.6062812475382833,0.44526845169058005
de_dust2,98200,7.656119829438109e+16,r1nkle,76561198080114500,awp,1253.302978515625,2275.05224609375,12.921398162841797,1278.6937255859375,1196.0233154296875,1.03125,False,-121.1459,-1.3311,3.1227,1079.3931160009097,1.4165082885259,0.8102270409876167
de_train,98358,7.656119829438109e+16,r1nkle,76561197995817500,usp_silencer,418.746826171875,-701.2359008789062,-215.96875,92.60578155517578,-122.16571044921876,-215.96875,True,165.3586,-15.9618,0.0,664.5978230689192,0.0,-1.4165082885259
de_ancient,99001,7.656119829438109e+16,r1nkle,76561198055109000,mp9,630.0427856445312,-1982.89208984375,-172.9691162109375,379.5342712402344,-1823.045166015625,-159.96875,True,-30.7724,20.8974,2026061.0,297.44674206987156,14.521604565494297,14.521604565494297
de_train,102462,7.656119829438109e+16,r1nkle,76561198014259100,awp,922.6434936523438,191.03927612304688,-211.96875,-868.4212036132812,612.3536376953125,-215.96875,True,-9.8311,0.1923,0.6203,1839.9550377816984,0.48261131728481804,-14.03899324820948
de_ancient,107164,7.656119829438109e+16,r1nkle,76561198055109000,ak47,-660.5810546875,-565.6453247070312,39.1743278503418,-1184.3671875,-885.6222534179688,37.09962463378906,True,-6.2045,633453,0.0251,613.7926785384418,0.024790168807218786,-0.45782114847759925
de_ancient,107222,7.656119829438109e+16,r1nkle,76561197995817500,ak47,-657.1830444335938,-572.072021484375,38.12211608886719,-1187.6336669921875,-935.5499877929688,35.367919921875,True,6.1166,2886056,0.2528,643.0409633617109,0.22538104625440164,0.20059087744718285
de_ancient,107678,7.656119829438109e+16,r1nkle,76561198014259100,tec9,-888.5048217773438,-671.1553955078125,44.50045776367188,-1000.0380859375,-779.5101928710938,33.69179916381836,False,-150.3761,7.0223,0.2399,155.87577819079243,0.21503073120365931,-0.010350315050742326
de_dust2,112485,7.656119829438109e+16,r1nkle,76561198044045100,glock,556.6906127929688,2458.66259765625,96.91140747070312,1484.50537109375,1868.0299072265625,-9.57928466796875,True,-44.8404,2041343,0.1928,1105.0011168488118,0.17630348446839159,-0.03872724673526773
de_dust2,112617,7.656119829438109e+16,r1nkle,76561198055109000,glock,732.1333618164062,2682.237548828125,95.86099243164062,1308.140869140625,2546.27490234375,80.86265563964844,True,21.1281,8.1069,0.8328,592.0265533229241,0.6058448521571487,0.42954136768875706
de_dust2,113116,7.656119829438109e+16,r1nkle,76561198080114500,glock,1123.71923828125,2397.937744140625,96.03704071044922,456.2368469238281,2233.721435546875,-129.2999267578125,True,-160.0650,0.7704,0.6489,723.3785231040334,0.5001083989247855,-0.10573645323236314
de_ancient,113493,7.656119829438109e+16,r1nkle,76561198044045100,ak47,-126.1644287109375,786.1340942382812,79.25357818603516,602.2374267578125,935.96826171875,112.01637268066406,True,-10.1939,163296,2370822.0,744.3741945406089,14.67874771021539,14.178639311290604
de_dust2,121545,7.656119829438109e+16,r1nkle,76561198044045100,ak47,-1092.8153076171875,2514.720703125,28.96615600585937,-1676.985595703125,1677.236328125,2.389793872833252,True,29.1831,3.1373,0.2656,1021.4407994963651,0.23554631803125237,-14.443201392184138
de_dust2,123396,7.656119829438109e+16,r1nkle,76561198014259100,ak47,-2079.278564453125,2344.893310546875,5.089803695678711,-1324.5106201171875,2678.21484375,130.03125,True,-142.1888,1666635,1286445.0,834.4988072481557,14.06739393547398,13.831847617442728
de_ancient,125505,7.656119829438109e+16,r1nkle,76561198055109000,awp,-405.3310546875,471.4612121582031,175.03125,-775.6595458984375,-846.9725952148438,37.06277084350586,True,-12.5179,14.2781,2143245.0,1376.3888248120566,14.577832060214753,0.510438124740773
de_train,129139,7.656119829438109e+16,r1nkle,76561198080114500,awp,-1323.96923828125,-489.2708740234375,-88.96875,-785.8532104492188,-548.560791015625,-88.96875,True,-6.6248,2383971,0.9726,541.3724722099046,0.6793524695377562,-13.898479590676997
de_ancient,133094,7.656119829438109e+16,r1nkle,76561198014259100,awp,720.6605834960938,706.2501220703125,124.9057846069336,701.31787109375,98.22179412841795,130.03125,True,176.9458,453419,0.3609,608.3575087877122,0.30814624558413484,-0.37120622395362135
de_train,135231,7.656119829438109e+16,r1nkle,76561197995817500,awp,1000.9180908203124,360.2312927246094,-211.96875,1151.2509765625,1731.2069091796875,-209.9515380859375,False,132.9160,-0.7199,0.6034,1379.194760211139,0.47212637462671425,0.16398012904257941
de_train,135340,7.656119829438109e+16,r1nkle,76561198055109000,awp,1153.30517578125,398.7146606445313,-211.96875,1005.4368896484376,1668.326904296875,-215.96875,True,1416472,1173220,0.1617,1278.2004065387373,0.14988444953729207,-0.3222419250894222
de_train,136568,7.656119829438109e+16,r1nkle,76561198044045100,awp,991.4736938476562,1730.6800537109375,-210.96875,-903.765380859375,1288.8494873046875,-215.506103515625,True,-178.7747,0.7018,0.0874,1946.0642299996568,0.08378952572968325,-0.06609492380760883
de_train,144569,7.656119829438109e+16,r1nkle,76561198044045100,awp,-625.6448364257812,-327.8155517578125,-213.46875,-1243.3712158203125,-373.80322265625,-132.96875,True,-97.5813,-7.8432,0.7522,624.6446955466279,0.5608721412501264,0.4770826155204432
de_ancient,154303,7.656119829438109e+16,r1nkle,76561197995817500,awp,757.2191162109375,-1943.5206298828125,-171.8189697265625,-215.25433349609372,-1800.131591796875,-165.7042236328125,True,33.1990,-11.2860,1520507.0,983.0068243649661,14.234555047512877,13.673682906262751
de_dust2,167208,7.656119829438109e+16,r1nkle,76561197995817500,awp,-70.535400390625,308.3052673339844,1.6963703632354736,-665.9915771484375,2543.311767578125,-80.85284423828125,True,125.2376,0.2970,1.143,2314.440858480493,0.76220671649144,-13.472348331021438
de_dust2,14503,7.656119829449787e+16,Onizuka,76561199486891200,xm1014,-489.4346923828125,1479.215576171875,-110.96875,-290.54345703125,1495.0330810546875,-124.845458984375,False,50.0002,0.0000,0.0,200.00120002796348,0.0,0.0
de_dust2,27388,7.656119829449787e+16,Onizuka,76561198203876300,m4a1_silencer,-516.1351318359375,2218.18212890625,-120.99945068359376,-353.2889404296875,1263.947509765625,-118.6407470703125,False,38.4096,1944950,563326.0,968.0331367803016,13.241615555564398,13.241615555564398
de_dust2,33929,7.656119829449787e+16,Onizuka,76561198203876300,m4a1_silencer,-1735.6103515625,2605.6845703125,66.03125,-2019.35302734375,1810.0106201171875,33.031253814697266,True,-51.8829,-11.3053,0.0594,845.396913187614,0.05770271012828925,-13.183912845436108
de_dust2,34358,7.656119829449787e+16,Onizuka,76561198274201900,m4a1_silencer,-1631.1358642578125,2629.423828125,5.16057014465332,-2133.669189453125,2239.45458984375,1.1326580047607422,True,168.3861,580463,2771887.0,636.1068886702318,14.835039234435262,14.777336524306973
de_dust2,39940,7.656119829449787e+16,Onizuka,76561199039770200,mp7,-1987.42724609375,1826.07275390625,29.358373641967773,-1894.2979736328125,1172.7254638671875,32.08816146850586,True,-126.9158,5.0314,1.1556,659.956964151503,0.7680691070772045,-14.066970127358058
de_dust2,46945,7.656119829449787e+16,Onizuka,76561198274201900,ak47,-1981.3597412109373,2410.53466796875,15.568995475769045,-1981.0977783203125,1753.8780517578125,31.63909339904785,True,-81.4386,1030716,0.4236,656.8532775935721,0.35318887465390053,-0.414880232423304
de_dust2,58516,7.656119829449787e+16,Onizuka,76561198274201900,m4a1_silencer,-1787.84130859375,2716.612548828125,32.828102111816406,-2005.693115234375,1884.9097900390625,1.082176685333252,True,36.4595,3.1627,0.4166,860.3468442524245,0.34825963433738516,-0.004929240316515371
de_dust2,80323,7.656119829449787e+16,Onizuka,76561198274201900,tec9,1451.6396484375,2215.045166015625,-8.681640625,1005.6842041015624,2214.12744140625,7.7184906005859375,True,-104.4031,523546,0.756,446.25784570754456,0.5630384952129249,0.21477886087553977
de_dust2,88920,7.656119829449787e+16,Onizuka,76561198274201900,ak47,-2017.359130859375,1096.3592529296875,37.153770446777344,-1937.292724609375,1909.3009033203125,1.0827536582946775,True,145.1040,429983,0.3524,817.6710063355422,0.30188079185159383,-0.2611577033613311
de_dust2,89388,7.656119829449787e+16,Onizuka,76561198203876300,ak47,-1929.7205810546875,1814.03369140625,33.03125,-790.4794921875,2531.5302734375,-69.45550537109375,True,100.0391,3.1390,2098686.0,1350.2500282600686,14.556822469055565,14.25494167720397
de_dust2,93954,7.656119829449787e+16,Onizuka,76561198274201900,ak47,248.03536987304688,1481.5977783203125,0.6608145236968994,-167.54998779296875,1403.9375,9.390625,False,-99.6110,-0.3574,0.2974,422.8693863666779,0.26036226179681793,-14.296460207258747
de_dust2,99129,7.656119829449787e+16,Onizuka,76561198274201900,ak47,695.7457275390625,2445.908447265625,97.38792419433594,518.152587890625,2086.43798828125,-114.42962646484376,True,-27.6958,98708,3.0763,453.4589384937525,1.4051897142221825,1.1448274524253645
de_dust2,115127,7.656119829449787e+16,Onizuka,76561198167700500,ak47,-349.2301025390625,1320.7305908203125,-124.130126953125,-562.75927734375,2101.87744140625,-118.7567138671875,False,-51.8215,-7.5074,0.7195,809.8234278170099,0.5420335508901839,-0.8631561633319986
de_dust2,122659,7.656119829449787e+16,Onizuka,76561198203876300,ak47,435.8283386230469,99.11150360107422,-3.8896484375,-303.8447265625,597.334716796875,-0.0472412109375,True,-52.6558,1553591,0.1082,891.8281099076354,0.10273707745111223,-0.4392964734390717
de_inferno,2875,7.656119830485016e+16,Jameson Murgenio,76561198091216600,usp_silencer,225.8531951904297,1622.3486328125,111.88829803466795,23.425195693969727,797.6156005859375,80.03125,False,20.7985,15.0780,0.0,849.8097086614404,0.0,0.0
de_inferno,3253,7.656119830485016e+16,Jameson Murgenio,76561198103716700,usp_silencer,237.18125915527344,1320.431396484375,109.30789947509766,69.01896667480469,1091.8299560546875,90.56587982177734,False,-89.9670,2315547,0.4676,284.4089282696662,0.38362841349898996,0.38362841349898996
de_inferno,7121,7.656119830485016e+16,Jameson Murgenio,76561198190202200,m4a1_silencer,1349.9471435546875,422.5797729492188,129.03125,-48.80047607421875,795.628662109375,75.932373046875,True,-177.1961,2461888,0.0,1448.6130842481166,0.0,-0.38362841349898996
de_inferno,7722,7.656119830485016e+16,Jameson Murgenio,76561198103716700,m4a1_silencer,939.620361328125,-8.81756591796875,121.1903839111328,690.33447265625,-204.68878173828125,89.03125,False,-105.4636,2.1756,699837.0,318.65843370569695,13.458604158670388,13.458604158670388
de_inferno,33258,7.656119830485016e+16,Jameson Murgenio,76561199130088600,m4a1_silencer,1439.4481201171875,402.7308044433594,129.03125,-208.6414794921875,831.505126953125,32.007164001464844,True,160.4172,1.0780,0.1638,1705.7140502581756,0.1516905132404325,-13.306913645429956
de_inferno,34896,7.656119830485016e+16,Jameson Murgenio,76561198103716700,m4a1_silencer,586.5806274414062,3450.065673828125,162.6616668701172,331.13067626953125,2585.848388671875,161.53125,True,-119.5810,0.4597,0.1118,901.1811534640816,0.10598032353723204,-0.04571018970320047
de_inferno,38998,7.656119830485016e+16,Jameson Murgenio,76561198103716700,m4a1_silencer,1429.3822021484375,504.048828125,119.4032745361328,97.37616729736328,522.7545776367188,81.99104309082031,True,0.9040,2403664,0.3178,1332.6626193475204,0.2759636794975825,0.16998335596035047
de_inferno,39892,7.656119830485016e+16,Jameson Murgenio,76561198190202200,m4a1_silencer,735.537841796875,449.7638854980469,94.74749755859376,-287.943359375,876.6334838867188,12.67543601989746,True,-174.5841,1399336,0.493,1111.9654879833015,0.4007875185570533,0.12482383905947081
de_inferno,46547,7.656119830485016e+16,Jameson Murgenio,76561198097081700,m4a1_silencer,445.34515380859375,535.4984741210938,84.11595916748047,-216.28363037109372,914.3197021484376,26.91640281677246,True,27.6025,-9.5107,1961567.0,764.5455906000336,14.489254711377264,14.088467192820211
de_inferno,59032,7.656119830485016e+16,Jameson Murgenio,76561198091216600,m4a1_silencer,939.5010375976562,2777.558349609375,133.51126098632812,600.8753051757812,1961.21044921875,136.03125,True,52.0206,6.0497,844077.0,883.797279626421,13.646000186369513,-0.843254525007751
de_inferno,59045,7.656119830485016e+16,Jameson Murgenio,76561199130088600,m4a1_silencer,939.5010375976562,2777.558349609375,133.51126098632812,654.7208862304688,2117.308349609375,138.94456481933594,True,-170.8357,-1.0870,0.0752,719.0683680313438,0.07250669078674805,-13.573493495582765
de_inferno,62508,7.656119830485016e+16,Jameson Murgenio,76561198097081700,hegrenade,1280.33544921875,481.676025390625,120.03125,285.413330078125,652.2784423828125,17.840450286865234,True,102.6820,15.5172,1680542.0,1014.6024676615261,14.33462751344267,14.262120822655923
de_inferno,63120,7.656119830485016e+16,Jameson Murgenio,76561198103716700,usp_silencer,98.22428131103516,736.0700073242188,80.94965362548828,-239.5086669921875,905.4401245117188,21.478839874267575,True,83.3571,670495,0.0498,382.4742588121809,0.04859966983606234,-14.28602784360661
de_inferno,67690,7.656119830485016e+16,Jameson Murgenio,76561199130088600,awp,2242.910400390625,203.2040100097656,134.8349151611328,1849.7218017578125,-251.3380126953125,261.03125,True,171.5920,2008836,0.4102,614.1101199511552,0.3437315383028032,0.29513186846674083
de_inferno,67845,7.656119830485016e+16,Jameson Murgenio,76561198190202200,awp,2066.745361328125,316.6014709472656,160.03125,2060.310546875,-210.0465087890625,311.03125,True,170.4903,2764217,0.1538,547.905558830536,0.14306084284065199,-0.2006706954621512
de_inferno,68230,7.656119830485016e+16,Jameson Murgenio,76561198091216600,awp,1530.9437255859375,127.87113189697266,132.03125,1239.6866455078125,349.6767272949219,128.03125,True,154.3737,15.3572,0.08,366.1207571901299,0.07696104113612832,-0.06609980170452366
de_inferno,77176,7.656119830485016e+16,Jameson Murgenio,76561198190202200,nova,820.7391967773438,355.8354797363281,94.5335464477539,1145.2879638671875,511.3110046386719,109.8943862915039,False,-7.1154,-2.4530,0.5731,360.1950811211923,0.4530481948463221,0.37608715371019374
de_inferno,86271,7.656119830485016e+16,Jameson Murgenio,76561198091216600,ak47,1198.85791015625,174.3184814453125,202.6591033935547,1429.8565673828125,539.60205078125,118.63177490234376,False,26.3047,-2.8842,1.0638,440.2874715463153,0.724548943699477,0.2715007488531549
de_inferno,87356,7.656119830485016e+16,Jameson Murgenio,76561198097081700,ak47,1299.351806640625,332.2600402832031,129.53125,1498.8033447265625,1064.8504638671875,159.0341339111328,False,-95.8571,-6.4373,0.8472,759.8289708420452,0.6136709790581485,-0.11087796464132849
de_inferno,94176,7.656119830485016e+16,Jameson Murgenio,76561198103716700,ak47,774.9187622070312,2013.451416015625,136.03128051757812,536.2191162109375,3094.03125,213.02874755859372,True,-148.6333,2019974,2341326.0,1109.3055974541426,14.666228420613932,14.052557441555782
de_inferno,108197,7.656119830485016e+16,Jameson Murgenio,76561198091216600,ak47,154.00506591796875,725.96826171875,83.03125,519.51025390625,545.1510009765625,87.92379760742188,False,-115.9662,2296707,206761.0,407.8147388836602,12.239323652314072,-2.4269047682998597
de_inferno,110197,7.656119830485016e+16,Jameson Murgenio,76561198097081700,ak47,2255.176025390625,760.312744140625,152.25904846191406,2166.585693359375,1133.5938720703125,165.82972717285156,True,107.7584,1246606,2851875.0,383.88958141442487,14.863487581310247,2.6241639289961753
de_inferno,110962,7.656119830485016e+16,Jameson Murgenio,76561199130088600,ak47,2423.317138671875,914.8458251953124,168.25021362304688,1799.804443359375,-45.33447265625,132.03125,True,-112.4698,1422104,902881.0,1145.4370776800013,13.713347148334307,-1.15014043297594
de_inferno,116495,7.656119830485016e+16,Jameson Murgenio,76561198097081700,awp,1352.66357421875,192.3052673339844,135.39263916015625,1775.898681640625,34.69692611694336,128.3748779296875,True,22.0784,2910254,0.9748,451.6830684764276,0.6804671274025708,-13.032880020931737
de_dust2,3725,7.656119831331984e+16,sakulovsky,76561198074384700,usp_silencer,1192.600830078125,2229.635986328125,6.658673286437988,1683.11083984375,1818.1651611328125,0.4252758026123047,False,41.2210,0.8714,0.1624,640.2711651412832,0.15048683327393608,0.0
de_dust2,7904,7.656119831331984e+16,sakulovsky,76561198158472300,mp9,-405.9862060546875,1778.19140625,-126.8109130859375,-480.3681640625,830.7753295898438,-10.829833984375,False,95.0235,10.0432,0.0,957.3826344261536,0.0,-0.15048683327393608
de_dust2,8082,7.656119831331984e+16,sakulovsky,76561199130088600,mp9,-344.695068359375,1558.058349609375,-126.160400390625,-494.4422607421875,1433.8739013671875,-110.96875,False,102.8777,597324,0.1419,195.1327370108424,0.13269354172546532,0.13269354172546532
de_dust2,42609,7.656119831331984e+16,sakulovsky,76561198063645300,famas,-2042.063720703125,1932.1009521484373,0.201878547668457,-1950.1195068359373,1281.6396484375,30.294471740722656,True,-62.3859,0.2575,0.2836,657.6163092975037,0.24966863025356476,0.11697508852809943
de_dust2,45924,7.656119831331984e+16,sakulovsky,76561198158472300,famas,1021.5072631835938,2718.695556640625,96.53050231933594,1070.5723876953125,3057.438720703125,131.13978576660156,True,60.6679,1567258,0.8173,344.023429642746,0.5973518831050786,0.3476832528515138
de_dust2,50517,7.656119831331984e+16,sakulovsky,76561198190202200,m4a1,648.1015014648438,454.6630859375,0.943821907043457,631.9768676757812,-264.5009765625,-0.56768798828125,True,-87.8254,317429,1147594.0,719.3463958820528,13.953179006161069,13.35582712305599
de_dust2,50802,7.656119831331984e+16,sakulovsky,76561199130088600,m4a1,461.5360107421875,198.5806121826172,-2.17010498046875,297.74737548828125,424.4685974121094,-0.0439453125,True,28.6019,2303829,0.0882,279.0279904674621,0.08452495506968791,-13.868654051091381
de_dust2,57520,7.656119831331984e+16,sakulovsky,76561199130088600,mag7,-1209.653076171875,1111.4429931640625,12.903207778930664,-1587.2945556640625,1124.4852294921875,33.88428497314453,True,-164.2995,-5.0860,0.2864,378.4486656889102,0.25184761944256484,0.16732266437287693
de_dust2,64698,7.656119831331984e+16,sakulovsky,76561198074384700,mp9,1398.0462646484375,1009.7838134765624,-8.043212890625,1040.700439453125,982.1273193359376,-0.95220947265625,True,-176.0906,2841224,1209685.0,358.48459211260797,14.005871379763668,13.754023760321104
de_dust2,69914,7.656119831331984e+16,sakulovsky,76561198190202200,awp,1108.1612548828125,2071.219970703125,1.2555675506591797,354.4440612792969,2157.611328125,96.57938385009766,True,-54.3837,310124,0.6063,764.6173582417827,0.47393339758158337,-13.531937982182086
de_dust2,81010,7.656119831331984e+16,sakulovsky,76561198158472300,m4a1,1075.1883544921875,2654.96484375,95.71552276611328,1476.6644287109375,1289.7750244140625,-10.91058349609375,True,174.8309,-6.3680,606670.0,1426.9882296379421,13.3157419132165,12.841808515634916
de_dust2,82002,7.656119831331984e+16,sakulovsky,76561198063645300,m4a1,1264.943115234375,2727.27880859375,127.03125,345.9559631347656,1913.642578125,96.5407257080078,True,43.9182,-0.0021,0.4631,1227.7910951489866,0.38055747240197957,-12.93518444081452
de_dust2,97792,7.656119831331984e+16,sakulovsky,76561198063645300,awp,1330.21435546875,2539.126953125,76.5644760131836,531.9295654296875,2717.863037109375,96.9030303955078,True,-120.2742,0.1796,0.2269,818.3024199647355,0.2044906628150001,-0.17606680958697946
de_dust2,103284,7.656119831331984e+16,sakulovsky,76561198063645300,awp,250.18844604492188,-126.93255615234376,9.031248092651367,144.2919464111328,388.4375915527344,-0.8092041015625,True,-169.9485,11.1827,0.8377,526.2293152985966,0.6085147897192417,0.40402412690424155
de_dust2,111109,7.656119831331984e+16,sakulovsky,76561198063645300,deagle,-973.328125,1424.44873046875,-113.3773193359375,-40.10784912109375,1455.2015380859375,-0.70654296875,True,-134.5056,1401224,0.7261,940.5001447820338,0.5458645284105065,-0.06265026130873519
de_dust2,117827,7.656119831331984e+16,sakulovsky,76561198063645300,ak47,65.65914154052734,1435.611572265625,-0.4747314453125,482.5061645507813,1510.674560546875,1.0043001174926758,True,81.9165,0.8278,0.1234,423.55410555982814,0.11635980111619529,-0.4295047272943112
de_dust2,142103,7.656119831331984e+16,sakulovsky,76561198190202200,ak47,1529.600830078125,1352.2724609375,1.0312519073486328,1365.9869384765625,3020.229736328125,121.71465301513672,True,-46.5676,-8.5745,0.5133,1680.30219346297,0.41429269671084346,0.2979328955946482
de_dust2,147238,7.656119831331984e+16,sakulovsky,76561198158472300,mac10,1265.885009765625,1011.3338623046876,0.0449113845825195,1411.0814208984375,1404.642578125,-9.22186279296875,False,-138.1091,0.8466,1.0796,419.35619328886713,0.7321755675274236,0.3178828708165802
de_dust2,164223,7.656119831331984e+16,sakulovsky,76561198190202200,m4a1_silencer,-1395.91796875,2769.851806640625,17.58171844482422,-1519.89892578125,2614.4765625,4.6572465896606445,True,175.3514,4.0481,0.6117,199.19785684308553,0.47728952254653534,-0.2548860449808883
de_dust2,164330,7.656119831331984e+16,,76561198158472300,m4a1_silencer,-1404.9876708984375,2775.09765625,17.546171188354492,-2009.66357421875,1822.7010498046875,31.80451202392578,True,-148.6186,2269344,1327293.0,1128.226725577872,14.098652841149017,13.621363318602482
de_ancient,15292,7.656119831780422e+16,friiki,76561198862785500,ak47,425.7271118164063,-521.0416870117188,182.03125,457.7549743652344,-229.51483154296875,162.03125,True,9.1430,0.6379,1925226.0,293.96205782199866,14.470554440829682,0.0
de_ancient,15375,7.656119831780422e+16,friiki,76561199132215200,ak47,399.5558166503906,-512.4378662109375,182.03125,560.2573852539062,167.98497009277344,156.03125,True,43.9604,0.4861,3.0088,699.6257787669184,1.3884919446633779,-13.082062496166305
de_ancient,17940,7.656119831780422e+16,friiki,76561198868387200,ak47,-763.67626953125,-690.99365234375,34.805301666259766,-433.6649169921875,-333.05419921875,57.22089767456055,True,-104.8494,-2.2477,103366.0,487.3711151191593,11.546041041181436,10.157549096518057
de_ancient,33244,7.656119831780422e+16,friiki,76561199332692100,ak47,185.1284942626953,-821.5809326171875,153.03125,-392.56591796875,-739.2937622070312,74.609375,True,-109.2611,3.0250,0.6997,588.7716049675466,0.5304517649011687,-11.015589276280267
de_ancient,33244,7.656119831780422e+16,friiki,76561198868387200,ak47,185.1284942626953,-821.5809326171875,153.03125,-789.3655395507812,-666.2445068359375,40.32624816894531,True,-87.0107,329237,0.8696,993.212185059312,0.6257245042425111,0.0952727393413424
de_ancient,36669,7.656119831780422e+16,friiki,76561198862785500,ak47,-146.439453125,-736.2183227539062,153.03125,-869.4318237304688,-186.4671630859375,80.44847106933594,True,40.7013,228703,0.9332,911.1600108143956,0.659176660988792,0.03345215674628088
de_inferno,3457,7.656119833075914e+16,snɔɹɐ,76561199547149300,glock,155.548828125,722.6998901367188,83.03125,134.10733032226562,1600.321533203125,139.59375,False,-109.8399,-0.2994,1707205.0,879.7038152769677,14.350368674050161,0.0
de_inferno,3688,7.656119833075914e+16,snɔɹɐ,76561198213870300,glock,70.74711608886719,809.2796630859375,80.03125,293.26416015625,1854.63134765625,130.41824340820312,False,-160.3568,1834158,1.1168,1069.9592648503933,0.7499055143785542,-13.600463159671607
de_mirage,6907,7.656119833075914e+16,snɔɹɐ,76561198274450700,usp_silencer,-791.391357421875,-117.0208740234375,-167.66162109375,-843.1915893554688,-788.9676513671875,-221.96875,True,-93.9970,2791001,1746592.0,676.1249883424405,14.373177591167181,13.623272076788627
de_mirage,12888,7.656119833075914e+16,snɔɹɐ,76561198274450700,hegrenade,-725.9630737304688,-1408.505859375,-165.0625,45.0452995300293,-2127.68115234375,-39.96875,True,179.9155,0.9459,359.0912,1061.751129005074,5.886357332700019,-8.486820258467162
de_mirage,13462,7.656119833075914e+16,snɔɹɐ,76561199065901300,glock,-456.0573120117188,-2340.325927734375,-167.96875,-708.8915405273438,-2136.6201171875,-179.96875,True,-76.1020,0.2002,0.7166,324.90799368382824,0.5403455903019825,-5.346011742398036
de_mirage,14117,7.656119833075914e+16,snɔɹɐ,76561199027584500,m4a1_silencer,-1336.2420654296875,-2418.059814453125,-206.54583740234372,-1692.0743408203125,-1716.736572265625,-264.32421875,False,-13.3522,0.3653,0.201,788.5488187761183,0.18315454309784648,-0.35719104720413597
de_mirage,17914,7.656119833075914e+16,snɔɹɐ,76561198245763800,mp9,-233.4339599609375,-1774.9036865234375,-167.96875,-53.76165771484375,-2135.677734375,-39.96875,False,-23.0435,2489129,2058508.0,422.8759271909589,14.537492492298156,14.35433794920031
de_mirage,20581,7.656119833075914e+16,snɔɹɐ,76561198150806200,ak47,-704.2449340820312,-359.4739990234375,-163.209716796875,-801.9390869140625,59.4935417175293,-165.96875,True,100.7621,-2.5856,0.5227,430.2157132838338,0.4204850748645497,-14.117007417433607
de_mirage,21243,7.656119833075914e+16,snɔɹɐ,76561198890041700,m4a1_silencer,-881.67822265625,-340.548583984375,-165.11572265625,454.5847778320313,-360.8265380859375,-159.96875,True,-27.8342,-0.1099,0.7976,1336.4267631351947,0.5864524418889823,0.16596736702443254
de_mirage,22753,7.656119833075914e+16,snɔɹɐ,76561198245763800,hegrenade,-1358.942138671875,358.9311218261719,-167.96875,-2199.526611328125,821.6155395507812,-123.00177001953124,True,-171.4214,387250,1.046,960.5629367014483,0.7158866675294348,0.12943422564045248
de_mirage,23899,7.656119833075914e+16,snɔɹɐ,76561199015497600,ak47,421.5042114257813,-513.2896118164062,-165.21295166015625,-1189.096435546875,-575.8306274414062,-167.96875,True,-174.4553,-6.6000,0.4013,1611.8168063054297,0.337400377194035,-0.37848629033539977
de_mirage,24387,7.656119833075914e+16,snɔɹɐ,76561198150806200,ak47,-35.0963134765625,-882.04443359375,-167.142578125,-875.3636474609375,-375.8175659179688,-163.3682861328125,True,-85.3840,0.6358,2706449.0,980.9837304451509,14.811148371004554,14.47374799381052
de_mirage,25025,7.656119833075914e+16,snɔɹɐ,76561199169167900,ak47,-618.7661743164062,-829.5536499023438,-263.96875,-742.3120727539062,-1358.3765869140625,-167.96875,True,142.9033,402224,0.8798,551.4828081911795,0.6311653882040641,-14.17998298280049
de_mirage,29349,7.656119833075914e+16,snɔɹɐ,76561199065901300,ak47,-728.5715942382812,-553.4421997070312,-267.4156494140625,-661.8936157226562,-1290.05859375,-167.96875,True,-157.8732,354653,0.9827,746.2836931052875,0.6844595521623799,0.053294163958315766
de_mirage,33385,7.656119833075914e+16,snɔɹɐ,76561198890041700,awp,-1267.511962890625,-1377.748779296875,-164.09210205078125,-115.00787353515624,-1845.000732421875,-167.96875,False,172.1008,-8.1402,0.0,1243.6257845829377,0.0,-0.6844595521623799
de_inferno,34357,7.656119833075914e+16,snɔɹɐ,76561198213870300,ak47,1713.390869140625,1820.058837890625,160.03125,1672.491943359375,1912.75,166.83541870117188,False,178.1447,-0.9153,0.0288,101.54147120738718,0.028393074501217887,0.028393074501217887
de_inferno,34682,7.656119833075914e+16,snɔɹɐ,76561199547149300,ak47,2105.333984375,1886.1072998046875,137.84922790527344,2523.302001953125,1291.218017578125,160.03125,True,-91.2919,2558981,0.181,727.3806183357057,0.16636153721522523,0.13796846271400734
de_inferno,35054,7.656119833075914e+16,snɔɹɐ,76561198448033400,ak47,2332.241455078125,1966.08984375,135.60256958007812,2046.623779296875,2646.9169921875,124.03184509277344,True,-125.9339,679750,0.4945,738.4016145928867,0.4017917027418555,0.23543016552663026
de_inferno,35408,7.656119833075914e+16,snɔɹɐ,76561199576395700,ak47,2451.74267578125,1945.6474609375,140.0525360107422,1956.804931640625,1813.6524658203125,160.03125,True,38.8130,-9.1585,0.4323,512.6257878059411,0.35928154380368243,-0.04251015893817306
de_mirage,41382,7.656119833075914e+16,snɔɹɐ,76561198274450700,awp,-1263.7545166015625,-1460.0150146484375,-155.5523681640625,-143.773681640625,-1574.92236328125,-53.96875,True,123.3075,1327566,0.2016,1130.4335455606947,0.18365400202773324,-0.1756275417759492
de_mirage,47016,7.656119833075914e+16,snɔɹɐ,76561199027584500,ak47,-4.59197998046875,-1535.7196044921875,-169.109375,-559.1554565429688,-2366.23486328125,-167.96875,True,-102.0599,-11.1319,0.358,998.6478586788942,0.3060130291365044,0.12235902710877117
de_mirage,47416,7.656119833075914e+16,snɔɹɐ,76561199065901300,ak47,-152.11834716796875,-2371.27880859375,-167.71240234375,-148.8828125,-1553.013916015625,-53.96875,True,104.2929,1.0471,0.2114,826.1389238856707,0.19177671556470977,-0.11423631357179465
de_mirage,48556,7.656119833075914e+16,snɔɹɐ,76561198150806200,ak47,-475.0357666015625,-2180.830078125,-179.96875,-865.1275024414062,247.31163024902344,-170.945556640625,True,164.7833,13.9622,405360.0,2459.2936254816063,12.912533307089713,12.720756591525003
de_inferno,49667,7.656119833075914e+16,snɔɹɐ,76561199576395700,hegrenade,303.96856689453125,700.982421875,32.98036575317383,1434.1014404296875,347.6489562988281,146.859375,True,122.2727,2244630,5.1594,1189.5433066887208,1.8179793702040847,-11.094553936885628
de_mirage,51015,7.656119833075914e+16,snɔɹɐ,76561199015497600,ak47,400.625732421875,-420.8162841796875,-166.0269775390625,-1166.1187744140625,-572.0010986328125,-167.96875,True,83.0099,0.2994,0.0745,1574.023179086668,0.07185543710042809,-1.7461239331036567
de_mirage,55950,7.656119833075914e+16,snɔɹɐ,76561198184283300,awp,-1182.018798828125,-706.7874145507812,-167.96875,232.8590087890625,-325.64410400390625,-167.119140625,True,67.5199,-11.7482,2.1328,1465.3157187099102,1.1419271733540541,1.070071736253626
de_inferno,57718,7.656119833075914e+16,snɔɹɐ,76561199547149300,ak47,853.6148071289062,2426.65771484375,140.0843048095703,92.0157241821289,3113.305908203125,160.38011169433594,True,88.0667,10.0188,135173.0,1025.6367896902732,11.814318116405198,10.672390943051145
de_mirage,58207,7.656119833075914e+16,snɔɹɐ,76561199169167900,ak47,-237.41131591796875,-1589.8306884765625,-53.96875,-999.3195190429688,-1408.29248046875,-166.80859375,True,-135.8796,649889,0.2609,791.3236135067489,0.23182575169704367,-11.582492364708155
de_mirage,60642,7.656119833075914e+16,snɔɹɐ,76561198091804300,m4a1_silencer,86.57980346679688,-640.2213745117188,-175.96875,225.8883056640625,-53.74755859375,-182.806396484375,True,-5.9175,-3.4878,659296.0,602.8309455819884,13.398929394810438,13.167103643113395
de_inferno,65445,7.656119833075914e+16,snɔɹɐ,76561198448033400,ak47,1655.43212890625,2018.35546875,176.03125,1656.7406005859375,2700.91552734375,160.03125,True,-172.4496,3.0600,0.1717,682.748815953305,0.15845568569197283,-13.240473709118465
de_mirage,66614,7.656119833075914e+16,snɔɹɐ,76561198150806200,ak47,133.11422729492188,-2323.95947265625,-39.96875,-449.724853515625,-1540.3365478515625,-39.96875,True,89.7762,-1.0341,267390.0,976.6095854534381,12.49646728564152,12.338011599949548
de_mirage,66952,7.656119833075914e+16,snɔɹɐ,76561199015497600,ak47,112.23509216308594,-2329.428466796875,-39.96875,-533.7708129882812,-1445.5167236328125,-72.34661865234375,True,-169.9431,2405,374041.0,1095.295359970194,12.832123369556797,0.3356560839152767
de_inferno,71446,7.656119833075914e+16,snɔɹɐ,76561199547149300,ak47,846.95947265625,2366.728759765625,140.0843048095703,540.0264892578125,2622.434814453125,161.53123474121094,True,-21.8137,167829,0.4065,400.06676131016553,0.34110434894777447,-12.491019020609022
de_inferno,77356,7.656119833075914e+16,snɔɹɐ,76561198448033400,ak47,32.06819152832031,1385.3419189453125,104.03125,536.8748168945312,2118.524169921875,140.1398162841797,True,164.8907,2289036,0.6806,890.8926819318813,0.5191508725119808,0.1780465235642063
de_mirage,78075,7.656119833075914e+16,snɔɹɐ,76561198274450700,hegrenade,-849.7717895507812,-1384.5128173828125,-167.96875,33.66385269165039,-2368.654541015625,-39.96875,True,-96.8229,3.0178,475183.0,1328.6750792346716,13.071457376430054,12.552306503918073
de_mirage,87449,7.656119833075914e+16,snɔɹɐ,76561198245763800,glock,-1732.989990234375,704.88623046875,-47.96875,-2291.375244140625,791.3004150390625,-124.9044189453125,True,-37.8239,-4.0128,2.0134,570.2460874315246,1.103069009385051,-11.968388367045003
de_mirage,87838,7.656119833075914e+16,snɔɹɐ,76561198890041700,glock,-1830.2218017578125,-20.24505615234375,-165.71875,-2033.3348388671875,-625.0470581054688,-167.96875,True,15.3987,1304800,0.6013,638.0011206183749,0.470815799346294,-0.632253210038757
de_mirage,88113,7.656119833075914e+16,snɔɹɐ,76561198274450700,glock,-1892.15673828125,-431.40625,-167.96875,-1551.531982421875,-775.5716552734375,-167.96875,True,-167.1323,0.0144,0.5273,484.2262389537439,0.42350147059426296,-0.04731432875203101
de_mirage,94084,7.656119833075914e+16,snɔɹɐ,76561198150806200,m4a1,-1154.4144287109375,-397.22802734375,-55.96875,-1004.751708984375,-788.6364135742188,-263.96875,True,1698258,-0.0120,0.9228,467.8284455732586,0.6537824570376685,0.2302809864434055
de_mirage,95702,7.656119833075914e+16,snɔɹɐ,76561199169167900,m4a1,-1247.8072509765625,-469.2744140625,-95.96875,-900.9505615234376,-784.985595703125,-186.375,True,14.4034,1522454,2267062.0,477.65720267820075,14.633995719134408,13.98021326209674
de_mirage,96093,7.656119833075914e+16,snɔɹɐ,76561199027584500,m4a1,-1131.496826171875,-766.9264526367188,-167.96875,-1193.8204345703125,-1336.13037109375,-168.1575927734375,True,69.2551,0.4237,0.0835,572.6057706766791,0.08019654199427668,-14.553799177140132
de_mirage,99961,7.656119833075914e+16,snɔɹɐ,76561198184283300,m4a1,-1142.0458984375,-1112.351806640625,-167.96875,-1254.7545166015625,-1278.5030517578125,-167.96875,False,75.8167,-1.3201,0.4679,200.77218149545558,0.3838328079810505,0.30363626598677385
de_mirage,104881,7.656119833075914e+16,snɔɹɐ,76561199027584500,m4a1_silencer,-770.3427124023438,123.38776397705078,-171.67950439453125,-1126.4609375,173.53408813476562,-171.8282470703125,False,-138.4476,-0.0659,0.4621,359.6315700791842,0.37987375844125526,-0.003959049539795256
de_inferno,105960,7.656119833075914e+16,snɔɹɐ,76561198799594500,mp7,779.8836669921875,2465.95361328125,136.03146362304688,709.9824829101562,2227.2822265625,136.0312957763672,False,-5.2199,-12.1770,73781.0,248.69701722045102,11.208870078400503,10.828996319959248
de_inferno,106052,7.656119833075914e+16,snɔɹɐ,76561198213870300,mp7,799.3899536132812,2260.452392578125,136.03146362304688,867.5471801757812,2208.63134765625,136.07736206054688,False,-165.9039,161804,0.4592,85.6202682555568,0.3778883403379299,-10.830981738062572
de_inferno,107716,7.656119833075914e+16,,76561198330759100,world,2472.349853515625,2005.969970703125,134.5050506591797,2472.349853515625,2005.969970703125,134.5050506591797,False,89.8105,-0.6242,519801.0,0.0,13.16120324881583,12.7833149084779
de_mirage,109702,7.656119833075914e+16,snɔɹɐ,76561199169167900,p250,308.2430725097656,355.0166931152344,-264.3637084960937,409.1062927246094,-708.3961791992188,-165.433349609375,True,-169.1702,2389205,0.1908,1072.756981848936,0.17462535015948424,-12.986577898656346
de_mirage,110005,7.656119833075914e+16,snɔɹɐ,76561198150806200,p250,333.7968139648437,-480.5574951171875,-163.2523193359375,-892.3717651367188,-653.4898071289062,-261.94677734375,True,-80.5387,2.0328,973739.0,1242.230077302558,13.788899606537983,13.614274256378499
de_mirage,110759,7.656119833075914e+16,snɔɹɐ,76561198184283300,ak47,-1172.513671875,-197.03875732421875,-54.8125,-1187.4505615234375,-977.4574584960938,-167.96875,True,22.3428,381040,0.3174,788.7209878817911,0.2756600972244555,-13.513239509313527
de_mirage,111168,7.656119833075914e+16,snɔɹɐ,76561199065901300,ak47,-1181.968505859375,-731.5939331054688,-167.96875,-1213.796142578125,-1394.8690185546875,-163.93170166015625,False,-70.9658,29.2381,540196.0,664.0505516871946,13.199689166826527,12.92402906960207
de_mirage,114215,7.656119833075914e+16,snɔɹɐ,76561198890041700,ak47,-322.9715576171875,-917.471923828125,-166.60345458984375,-986.2092895507812,285.1498718261719,-166.97894287109375,True,79.7779,-1.0564,2282462.0,1373.3840007203494,14.640765681024144,1.4410765141976167
de_mirage,119325,7.656119833075914e+16,snɔɹɐ,76561198091804300,ak47,166.87661743164062,-1443.8758544921875,-175.96875,-759.8298950195312,-2063.4951171875,-179.96875,True,-169.2530,-0.0704,0.8208,1114.7775522150132,0.5992759649498747,-14.041489716074269
de_inferno,124217,7.656119833075914e+16,snɔɹɐ,76561199547149300,m4a1_silencer,1471.119384765625,-328.87109375,256.03125,1220.496337890625,-301.3726806640625,260.03125,True,70.7344,2.1053,0.299,252.15882762091297,0.2615947376884625,-0.3376812272614122
de_mirage,128067,7.656119833075914e+16,snɔɹɐ,76561199027584500,ak47,-1757.8153076171875,151.49021911621094,-166.785888671875,-1662.1630859375,734.233642578125,-47.96875,True,-171.6621,1132374,2.1163,602.3759270941555,1.1366464006527044,0.875051662964242
de_inferno,129785,7.656119833075914e+16,snɔɹɐ,76561199576395700,p250,-400.01171875,803.4254760742188,-13.729248046875,-672.3016967773438,480.3532409667969,-16.7139892578125,True,-89.1338,4.0481,1760836.0,422.5238572099011,14.381299822149444,13.24465342149674
de_inferno,131132,7.656119833075914e+16,snɔɹɐ,76561198448033400,awp,288.20361328125,-97.669921875,65.53125,296.0052490234375,527.9803466796875,-3.720458984375,True,-5.3558,7.1720,1.102,629.5195972009632,0.7428892724547594,-13.638410549694685
de_mirage,132201,7.656119833075914e+16,snɔɹɐ,76561198890041700,ak47,453.6300354003906,-374.687255859375,-159.96875,-685.6353149414062,-367.7664794921875,-163.8482666015625,False,98.1048,0.6036,0.0378,1139.2929764920011,0.0371030879515022,-0.7057861845032573
de_mirage,136706,7.656119833075914e+16,snɔɹɐ,76561198245763800,ak47,-2321.28662109375,511.2499694824219,-167.96875,-2290.68310546875,-583.8811645507812,-167.96875,True,136.9611,0.4903,3.021,1095.558659268165,1.391530627915137,1.3544275399636347
de_mirage,137413,7.656119833075914e+16,snɔɹɐ,76561198274450700,ak47,-2117.33984375,119.0473175048828,-159.96875,-1896.154541015625,-348.92840576171875,-167.96875,True,-91.2500,306713,0.2085,517.6757824281488,0.18937992116140062,-1.2021507067537363
de_mirage,138707,7.656119833075914e+16,snɔɹɐ,76561198184283300,ak47,-1873.1844482421875,-312.9051513671875,-167.96875,-2094.796630859375,90.9203872680664,-159.96875,True,15.7853,0.4086,2144706.0,460.7070925636012,14.578513504277474,14.389133583116074
de_mirage,143208,7.656119833075914e+16,snɔɹɐ,76561198890041700,ak47,-53.49609375,-934.3662719726562,-165.2296142578125,-739.4071655273438,-227.17291259765625,-159.96875,True,-9.3861,920352,1559223.0,985.2025794848395,14.259698819566003,-0.31881468471147123
de_mirage,143419,7.656119833075914e+16,snɔɹɐ,76561198091804300,ak47,-114.33367919921876,-934.9685668945312,-167.46630859375,-1030.134521484375,-496.4952392578125,-287.96875,True,-63.1930,-10.2084,2081915.0,1022.482704090336,14.548799181521812,0.2891003619558088
de_mirage,173030,7.656119833075914e+16,snɔɹɐ,76561198890041700,ak47,-21.14111328125,-2152.482421875,-39.96875,-890.888427734375,-1465.8082275390625,-167.96875,True,134.7737,0.8360,0.6791,1115.5114702078738,0.5182579355832866,-14.030541245938526
de_mirage,178946,7.656119833075914e+16,snɔɹɐ,76561198890041700,ak47,-1397.726806640625,778.6132202148438,-68.14459228515625,-2355.82861328125,775.03759765625,-80.96875,True,83.4199,13.5808,2.0417,958.194299704296,1.1124165696445067,0.5941586340612202
de_mirage,189323,7.656119833075914e+16,snɔɹɐ,76561198890041700,awp,-1181.921142578125,-733.5565185546875,-167.96875,356.2387390136719,-209.7994384765625,-167.92938232421875,True,-39.2535,16.9413,0.3908,1624.8868581597515,0.32987912115156925,-0.7825374484929375
de_mirage,199799,7.656119833075914e+16,snɔɹɐ,76561198274450700,awp,-1990.001220703125,-476.0542602539063,-167.96875,-1638.8013916015625,783.2055053710938,-47.96875,True,18.6469,0.5304,1203142.0,1312.812430350542,14.000447857385332,13.670568736233763
de_dust2,4424,7.656119833492816e+16,NotJuanjo,76561199080512600,usp_silencer,-889.4507446289062,2307.7158203125,-73.2060546875,-2084.257568359375,2052.836669921875,6.625,True,-119.9714,1424173,0.2109,1224.2956034509218,0.19136388477818356,0.0
de_dust2,9011,7.656119833492816e+16,NotJuanjo,76561198087731000,ssg08,-413.3858642578125,2336.295166015625,-109.2652587890625,-426.4102783203125,-563.9339599609375,1.55556058883667,True,58.3075,1405668,0.326,2902.374867678542,0.28216689176367077,0.09080300698548721
de_dust2,13601,7.656119833492816e+16,NotJuanjo,76561198087731000,ssg08,-516.0444946289062,1921.207763671875,-120.7247314453125,-181.6204833984375,857.5567016601562,1.2407960891723633,True,73.4072,-1.9140,0.0466,1121.6365681061309,0.04554681495597039,-0.23662007680770036
de_dust2,14882,7.656119833492816e+16,NotJuanjo,76561198079073200,usp_silencer,274.09039306640625,1834.2999267578125,98.02559661865234,923.13525390625,2619.285888671875,95.7751693725586,True,-90.5030,-3.0061,0.0418,1018.5613659507944,0.04094998632895411,-0.004596828627016283
de_dust2,18851,7.656119833492816e+16,NotJuanjo,76561199080512600,m4a1_silencer,-467.9019165039063,1461.188720703125,-121.9149169921875,-1167.1737060546875,1479.703857421875,-75.96875,True,-142.4594,181528,0.0229,701.0241766234172,0.02264173048082465,-0.018308255848129458
de_dust2,19084,7.656119833492816e+16,NotJuanjo,76561198079073200,m4a1_silencer,-378.6295776367188,1950.649169921875,-126.56512451171876,-919.9447631835938,2348.4541015625,-57.94439697265625,False,-90.4408,4.1343,0.2708,675.2626881364321,0.23964662341322404,0.21700489293239938
de_dust2,19636,7.656119833492816e+16,NotJuanjo,76561198145404500,m4a1_silencer,-1369.5548095703125,2688.13037109375,127.81509399414062,-1456.9312744140625,2718.88037109375,13.98207187652588,True,-58.9578,-5.2429,0.2786,146.7588703725279,0.24576572935048943,0.00611910593726539
de_dust2,23485,7.656119833492816e+16,NotJuanjo,76561198145404500,m4a1_silencer,-448.8265380859375,837.7926635742188,-15.90740966796875,-388.617919921875,-454.861572265625,5.958942413330078,True,120.0373,1474180,0.3268,1294.240390533868,0.2827700280907603,0.03700429874027086
de_dust2,23711,7.656119833492816e+16,NotJuanjo,76561198207845500,m4a1_silencer,-404.5382080078125,492.3765258789063,-4.1627197265625,299.9579467773437,457.96331787109375,1.3768389225006104,True,-90.4745,-2.1502,0.0371,705.3579146096585,0.036428356613551496,-0.2463416714772088
de_dust2,35990,7.656119833492816e+16,NotJuanjo,76561199080512600,m4a1_silencer,-1920.4283447265625,1372.4395751953125,33.619102478027344,-1162.4854736328125,1091.1324462890625,-7.96875,True,-78.8245,-6.2056,1.1147,809.5311273132421,0.7489129584658025,0.712484601852251
de_dust2,40279,7.656119833492816e+16,NotJuanjo,76561198087731000,awp,-51.88916015625,1581.444091796875,2.372567176818848,-379.584228515625,346.01837158203125,-1.00079345703125,True,-125.1916,2952988,1.0581,1278.1518483957166,0.7217832270962774,-0.027129731369525123
de_dust2,42790,7.656119833492816e+16,NotJuanjo,76561199080512600,awp,1195.3941650390625,2275.984130859375,9.389921188354492,1392.0491943359375,1607.7408447265625,-6.47625732421875,False,-17.9417,-0.4635,1.0755,696.7596613107905,0.7302020885109564,0.008418861414678958
de_dust2,43103,7.656119833492816e+16,NotJuanjo,76561198145404500,awp,1411.8846435546875,2344.41064453125,12.362588882446287,348.4967956542969,2006.792724609375,96.06002044677734,True,-3.1483,796231,0.6255,1118.8319064833036,0.48581546076182297,-0.2443866277491334
de_dust2,46779,7.656119833492816e+16,NotJuanjo,76561198087731000,awp,-383.5,1557.7591552734375,-126.4166259765625,-524.9419555664062,2157.74951171875,-123.2860107421875,True,-145.2496,0.2221,0.4992,616.4446896304388,0.4049316325020207,-0.08088382825980228
de_dust2,54241,7.656119833492816e+16,NotJuanjo,76561198087731000,awp,-19.211181640625,1542.7437744140625,0.9958233833312988,-552.2015991210938,405.3942565917969,6.12840747833252,True,57.9828,2901488,0.6742,1256.0529663338393,0.515335439243819,0.11040380674179828
de_dust2,54615,7.656119833492816e+16,NotJuanjo,76561198207845500,awp,338.10888671875,1532.3988037109375,2.6406359672546387,123.1307373046875,1498.84423828125,1.30662202835083,False,83.1023,15.4396,643925.0,217.58514007132783,13.375339091651897,12.860003652408079
de_dust2,54832,7.656119833492816e+16,NotJuanjo,76561198079073200,elite,286.6963195800781,1505.1092529296875,1.743919849395752,-146.2646484375,1411.635986328125,-0.38836669921875,False,-175.4572,2225425,0.0704,442.9413031563104,0.06803241039182696,-13.30730668126007
de_dust2,59562,7.656119833492816e+16,NotJuanjo,76561199080512600,glock,703.9166870117188,849.3421020507812,-0.19293212890625,1294.8485107421875,739.9364013671875,-11.60479736328125,True,-162.9544,-3.8926,0.8922,601.082571954647,0.6377401732882069,0.5697077628963799
de_dust2,63785,7.656119833492816e+16,NotJuanjo,76561198145404500,mac10,436.3777770996094,2085.259521484375,96.03124237060548,1019.3081665039062,2046.3455810546875,0.8567590713500977,True,-114.6406,-0.8817,0.7143,591.929316660436,0.5390048340312983,-0.09873533925690858
de_dust2,68075,7.656119833492816e+16,NotJuanjo,76561198207845500,m4a1_silencer,-1967.2720947265625,1730.57958984375,32.276519775390625,-1368.9959716796875,2679.18408203125,128.16436767578125,False,-142.2513,1821923,1482156.0,1125.6017419057562,14.20900901714887,13.670004183117573
de_dust2,71131,7.656119833492816e+16,NotJuanjo,76561198079073200,m4a1_silencer,-171.99639892578125,1063.05615234375,0.8979239463806152,-757.1170654296875,2487.605712890625,-82.57470703125,True,-124.4885,1181986,345157.0,1542.2954726467292,12.75175756219127,-1.4572514549576
de_dust2,75588,7.656119833492816e+16,NotJuanjo,76561198079073200,ak47,734.9075317382812,405.0603637695313,0.5198485851287842,588.5719604492188,703.1258544921875,1.127211093902588,False,167.6668,710764,0.7074,332.05045561397924,0.534971745594069,-12.216785816597202
de_dust2,76890,7.656119833492816e+16,NotJuanjo,76561198145404500,ak47,1404.6468505859375,1564.935791015625,-6.6693115234375,1215.4168701171875,2772.299072265625,116.47108459472656,True,-100.8027,-0.2475,986188.0,1228.2905338620453,13.801603298785803,13.266631553191734
de_dust2,77105,7.656119833492816e+16,NotJuanjo,76561198087731000,ak47,1311.3984375,1465.7733154296875,1.0312519073486328,1252.711669921875,2678.455078125,127.03125,True,-20.7346,-0.4886,1.0877,1220.6216423535702,0.736062981536777,-13.065540317249026
de_dust2,92207,7.656119833492816e+16,NotJuanjo,76561198087731000,ak47,1527.023681640625,1771.887451171875,1.0312480926513672,789.4833374023438,2525.40234375,94.3228759765625,True,115.3884,1161504,0.4529,1058.5148938722477,0.3735615590951561,-0.36250142244162087
de_dust2,92443,7.656119833492816e+16,NotJuanjo,76561198145404500,ak47,1669.8082275390625,2010.8031005859373,60.08587265014648,387.2300415039063,2516.4228515625,95.78515625,True,-46.3293,9.0211,1629349.0,1379.1057155709188,14.30369172024571,13.930130161150554
de_dust2,105488,7.656119833492816e+16,NotJuanjo,76561198207845500,awp,-1368.8756103515625,2722.94189453125,128.23959350585938,-949.998046875,2240.0107421875,-63.84765625,True,30.3003,-2.7074,0.2292,667.5166084876794,0.20636355127419254,-14.097328168971519
de_dust2,106884,7.656119833492816e+16,NotJuanjo,76561198145404500,tec9,-1523.348388671875,2698.208984375,7.197468280792236,-1372.186279296875,2769.88134765625,17.58151626586914,True,-116.1420,-5.9048,0.5713,167.6148544180238,0.45190330221394903,0.2455397509397565
de_dust2,110322,7.656119833492816e+16,NotJuanjo,76561198207845500,tec9,-483.3787231445313,-258.57373046875,0.2917656898498535,-405.0322265625,-55.69671630859375,-0.35491943359375,False,-87.4409,1490647,0.1996,217.48028554990304,0.18198816789271696,-0.26991513432123204
de_dust2,120983,7.656119833492816e+16,NotJuanjo,76561198087731000,ak47,303.3088684082031,2506.63330078125,97.56575775146484,1451.3065185546875,2660.383056640625,87.15689086914062,True,-44.2653,0.9215,0.1144,1158.2944084637727,0.10831614348345889,-0.07367202440925807
de_dust2,122190,7.656119833492816e+16,NotJuanjo,76561199080512600,ak47,1126.2127685546875,2566.630126953125,96.17256927490234,1337.9432373046875,1779.5848388671875,-4.66949462890625,True,159.0412,1505226,0.0,821.2424725668728,0.0,-0.10831614348345889
de_dust2,122917,7.656119833492816e+16,,76561198207845500,ak47,1270.8299560546875,2778.741943359375,127.03125,1557.072021484375,1222.35791015625,1.03125,True,-119.8965,0.1888,1.0063,1587.4954421449781,0.6962922297040182,0.6962922297040182
de_mirage,3369,7.65611983426493e+16,Malymost,76561198091848500,glock,-829.2635498046875,-300.43511962890625,-167.17742919921875,-1311.594970703125,-974.1973876953124,-167.96875,True,-83.2678,2308028,1034003.0,828.6131906049427,13.848949202514982,0.0
de_mirage,3862,7.65611983426493e+16,Malymost,76561198379380500,glock,-1311.9381103515625,419.3877868652344,-167.96875,-1718.115234375,362.3189086914063,-168.99462890625,True,-93.8507,-7.3735,0.3854,410.1679721327598,0.32598890660636765,-13.522960295908614
de_mirage,7952,7.65611983426493e+16,Malymost,76561198379380500,mac10,-1227.5535888671875,-1307.1781005859375,-169.237548828125,-1056.3006591796875,-1334.9227294921875,-165.60821533203125,False,-165.1115,0.5280,0.286,173.5237805642881,0.25153662581542763,-0.07445228079094002
de_mirage,11359,7.65611983426493e+16,Malymost,76561198379380500,mac10,-50.441650390625,-2003.845703125,-167.96875,-329.0687255859375,-2214.6953125,-170.88763427734375,True,-13.0641,0.1782,0.0,349.42685170276906,0.0,-0.25153662581542763
de_mirage,12538,7.65611983426493e+16,Malymost,76561198379781400,m4a1,-710.0010986328125,-2226.31884765625,-179.96875,-818.8412475585938,-1410.225830078125,-167.96875,True,147.2762,2468584,1873696.0,823.406334295502,14.443424042475218,14.443424042475218
de_mirage,18550,7.65611983426493e+16,Malymost,76561198344148300,ak47,-1248.1063232421875,515.985595703125,-162.0704345703125,-1264.419921875,127.5325698852539,-167.15380859375,False,-143.3475,2235652,1.1589,388.8286607991678,0.7695988327202764,-13.673825209754941
de_mirage,22005,7.65611983426493e+16,Malymost,76561198029567800,ak47,17.56619644165039,-1471.556884765625,-171.3251953125,-549.814453125,-2310.708740234375,-172.16400146484375,True,96.6721,0.4611,0.9576,1012.9646300019963,0.6717192331463249,-0.09787959957395154
de_mirage,27361,7.65611983426493e+16,Malymost,76561198379781400,ak47,-325.248046875,-589.1734008789062,-267.542724609375,-1159.217041015625,-680.9095458984375,-167.96875,True,41.5149,269947,0.3556,844.8874362366141,0.3042441607507592,-0.36747507239556565
de_mirage,40085,7.65611983426493e+16,Malymost,76561198029567800,ak47,-608.0327758789062,-957.8214111328124,-215.96875,-726.2294311523438,-2149.2119140625,-179.96875,True,-106.7596,2028863,0.8827,1197.7803554028098,0.6327069167485291,0.32846275599776986
de_mirage,44214,7.65611983426493e+16,Malymost,76561198379380500,ak47,78.91797637939453,-2139.61083984375,-39.96875,-217.568115234375,-2195.83642578125,-167.96875,True,-162.4857,2484016,0.8282,327.7946293556741,0.6033318762375813,-0.029375040510947747
de_mirage,55230,7.65611983426493e+16,Malymost,76561198379380500,ak47,-757.3665161132812,-395.54107666015625,-167.9803466796875,-601.2977294921875,-1163.4178466796875,-167.96875,True,0.2197,-0.4601,1.0929,783.5765439492759,0.7385506640137951,0.13521878777621377
de_mirage,63823,7.65611983426493e+16,Malymost,76561198379380500,ak47,-52.79229736328125,-1418.8304443359375,-119.96875,128.33935546875,-2375.96826171875,-39.96875,True,69.3347,1485047,2051203.0,977.405482449325,14.53393749578459,13.795386831770795
de_mirage,64110,7.65611983426493e+16,Malymost,76561198091848500,ak47,20.098800659179688,-1449.6669921875,-171.5784912109375,-480.429931640625,-2208.8974609375,-178.130126953125,True,151.0569,2822139,0.0,909.3969652835293,0.0,-14.53393749578459
de_mirage,67561,7.65611983426493e+16,Malymost,76561198091848500,usp_silencer,-1857.1268310546875,-41.82904052734375,-165.71875,-1617.44921875,817.2317504882812,-47.96875,True,-7.2623,0.5006,0.0798,899.6087277258193,0.07677583880204955,0.07677583880204955
de_mirage,76226,7.65611983426493e+16,Malymost,76561198379781400,mp9,-1437.1226806640625,-1019.7346801757812,-167.96875,-1126.7454833984375,-874.6612548828125,-167.96875,False,-172.7267,-0.3564,0.4523,342.60808996388175,0.3731485066316213,0.2963726678295717
de_mirage,81826,7.65611983426493e+16,Malymost,76561198379781400,m4a1,-2355.964111328125,357.516357421875,-167.96875,-952.968994140625,127.60929107666016,-170.96044921875,True,24.2273,2103100,0.0419,1421.7107681492903,0.04104596943600097,-0.33210253719562033
de_mirage,84064,7.65611983426493e+16,Malymost,76561198379380500,m4a1,-867.96484375,-299.65673828125,-166.84918212890625,-1297.3284912109375,-1029.891357421875,-167.96875,True,140.5893,2490225,2223233.0,847.1109692269555,14.614473450564452,14.573427481128451
de_mirage,85429,7.65611983426493e+16,Malymost,76561198091848500,m4a1,-582.3976440429688,-2046.8260498046875,-102.96875,-1017.20556640625,-2555.182373046875,-167.96875,True,-29.1708,1024507,0.1339,672.0930595759702,0.12566301799565707,-14.488810432568794
de_mirage,91902,7.65611983426493e+16,Malymost,76561198029567800,m4a1,-38.4864501953125,-482.3460083007813,-167.0662841796875,-741.61181640625,-631.4449462890625,-270.014404296875,True,-95.1131,2680698,0.4283,726.0950966327766,0.35648492588644576,0.23082190789078869
de_mirage,16464,7.656119834414834e+16,БЕРДЮЖСКИЙ ДЬЯВОЛ,76561199012454700,m4a1_silencer,-651.053955078125,-800.983154296875,-263.96875,-1071.7955322265625,-783.037353515625,-263.96875,True,-110.1318,0.6534,1.1271,421.12412244733133,0.7547595496874677,0.0
de_mirage,25795,7.656119834414834e+16,БЕРДЮЖСКИЙ ДЬЯВОЛ,76561198190202200,m4a1_silencer,-910.9689331054688,-232.42376708984372,-167.93585205078125,-499.2354736328125,-390.0992431640625,-167.43035888671875,True,-12.5103,10.0913,0.2177,440.8925639290052,0.1969638335308247,-0.557795716156643
de_mirage,27841,7.656119834414834e+16,БЕРДЮЖСКИЙ ДЬЯВОЛ,76561198342649200,m4a1_silencer,-932.492431640625,-66.4002685546875,-167.96795654296875,-520.5153198242188,-1235.4036865234375,-167.96875,True,-123.7768,746617,0.6822,1239.473328427779,0.5201024605461999,0.3231386270153752
de_mirage,29184,7.656119834414834e+16,БЕРДЮЖСКИЙ ДЬЯВОЛ,76561199012454700,m4a1_silencer,-1242.6317138671875,-542.5684814453125,-167.96875,-207.82244873046875,-772.770751953125,-235.66259765625,True,-145.7405,1617203,0.2142,1062.2644480402494,0.19408542371419663,-0.3260170368320033
de_mirage,29960,7.656119834414834e+16,БЕРДЮЖСКИЙ ДЬЯВОЛ,76561199130088600,m4a1_silencer,-1183.9595947265625,-467.7913818359375,-167.96875,-1168.7398681640625,-407.5472412109375,-55.96875,True,129.6737,0.2376,0.1328,128.08199153777258,0.12469244395731827,-0.06939297975687836
de_mirage,34076,7.656119834414834e+16,БЕРДЮЖСКИЙ ДЬЯВОЛ,76561198190202200,m4a1_silencer,-705.0361328125,-1595.55615234375,-167.96875,200.70950317382807,-2349.065673828125,-39.96875,True,-149.0234,20.9815,0.3632,1185.1311134536506,0.30983487709291424,0.18514243313559597
de_mirage,47544,7.656119834414834e+16,БЕРДЮЖСКИЙ ДЬЯВОЛ,76561199012454700,mp9,512.4581909179688,-2072.620361328125,-39.96875,881.8212890625,-2019.7808837890625,-71.96875,True,101.8965,0.3965,0.3702,374.49313566142666,0.31495671458666163,0.005121837493747394
de_mirage,54525,7.656119834414834e+16,БЕРДЮЖСКИЙ ДЬЯВОЛ,76561198208554100,m4a1_silencer,-1200.9720458984375,-1108.98193359375,-167.96875,-1121.031494140625,-462.0670166015625,-167.96875,False,-170.0769,22.1272,0.8478,651.8354099328698,0.6139957422545078,0.2990390276678462
de_mirage,54840,7.656119834414834e+16,БЕРДЮЖСКИЙ ДЬЯВОЛ,76561199012454700,m4a1_silencer,-1185.048583984375,-601.56640625,-167.96875,-459.033447265625,-450.7550048828125,-167.03448486328125,True,1330031,15.7489,0.0874,741.5139448307266,0.08378952572968325,-0.5302062165248246
de_mirage,64371,7.656119834414834e+16,БЕРДЮЖСКИЙ ДЬЯВОЛ,76561198342649200,awp,-526.3556518554688,-1497.3370361328125,-39.96875,-6.74267578125,-1704.395263671875,-167.96875,True,2692539,755383,0.5311,573.8072450713086,0.4259864313289124,0.34219690559922916
de_mirage,68099,7.656119834414834e+16,БЕРДЮЖСКИЙ ДЬЯВОЛ,76561198342649200,glock,-2228.572998046875,268.7147216796875,-159.96875,-1901.994140625,-70.82037353515625,-165.71875,True,13.0123,11.1673,167648.0,471.13787100755377,12.02962778706895,11.603641355740038
de_mirage,68111,7.656119834414834e+16,БЕРДЮЖСКИЙ ДЬЯВОЛ,76561198379781400,glock,-2227.13623046875,233.3581085205078,-159.96875,-2149.766845703125,148.3104705810547,-159.96875,False,-2.6693,1366069,1420462.0,114.97444245610254,14.166493432770656,2.1368656457017057
de_mirage,68537,7.656119834414834e+16,БЕРДЮЖСКИЙ ДЬЯВОЛ,76561198208554100,glock,-2332.3388671875,-194.4610595703125,-164.82513427734375,-2337.81640625,-303.3992919921875,-167.96875,False,-79.5647,-4.0649,0.2932,109.12114477586552,0.25711976686914095,-13.909373665901516
de_mirage,75107,7.656119834414834e+16,БЕРДЮЖСКИЙ ДЬЯВОЛ,76561198190202200,ak47,57.92238998413086,-2374.006591796875,-39.96875,79.4579086303711,-1961.9921875,-39.96875,True,-40.9279,2603481,4.0071,412.5768387966917,1.6108569051875146,1.3537371383183736
de_mirage,89122,7.656119834414834e+16,БЕРДЮЖСКИЙ ДЬЯВОЛ,76561199012454700,awp,214.12075805664065,-2353.465087890625,-39.96875,-903.421875,-1398.3223876953125,-167.96875,True,-41.6856,1483464,573068.0,1475.663618320775,13.258761407295276,11.647904502107762
de_mirage,90857,7.656119834414834e+16,БЕРДЮЖСКИЙ ДЬЯВОЛ,76561198208554100,awp,71.9537582397461,-2174.411865234375,-39.96875,-305.2045288085937,-2164.611572265625,-174.27886962890625,True,-95.8818,536544,0.598,400.4792472354121,0.4687528473440829,-12.790008559951193
de_mirage,94722,7.656119834414834e+16,БЕРДЮЖСКИЙ ДЬЯВОЛ,76561198208554100,p90,-213.0447998046875,-1720.650634765625,-167.96875,-525.59716796875,-1497.9404296875,-39.96875,True,-130.4135,2778887,0.2255,404.5649741276476,0.20334892398603022,-0.2654039233580527
de_mirage,110437,7.656119834414834e+16,БЕРДЮЖСКИЙ ДЬЯВОЛ,76561199130088600,ak47,151.373046875,-2364.689453125,-39.96875,33.67299270629883,-2214.027099609375,-39.96875,False,-167.3922,1923581,0.5334,191.18694390094308,0.42748749214265697,0.22413856815662675
de_mirage,110511,7.656119834414834e+16,БЕРДЮЖСКИЙ ДЬЯВОЛ,76561198208554100,ak47,175.56716918945312,-2337.78271484375,-39.96875,-862.8877563476562,-1319.5311279296875,-167.96875,True,1481303,425175,2251357.0,1460.0030570602548,14.627044147669759,14.199556655527102
de_mirage,116876,7.656119834414834e+16,БЕРДЮЖСКИЙ ДЬЯВОЛ,76561199130088600,ak47,85.37969207763672,-2159.95166015625,-39.96875,-666.3984985351562,-2250.966552734375,-179.96875,True,116.3442,2641617,500385.0,770.1000964498397,13.123135079565607,-1.5039090681041518
de_mirage,2993,7.656119835664528e+16,A1den,76561199157215700,usp_silencer,-2264.3681640625,-633.4188842773438,-167.96875,-2336.95068359375,-69.00946044921875,-167.3665771484375,True,-92.1083,1668796,0.024,569.0576266597641,0.023716526617316044,0.0
de_mirage,15064,7.656119835664528e+16,A1den,76561199084249100,m4a1_silencer,-885.6847534179688,-2550.3544921875,-35.96875,115.09308624267578,-1641.611328125,-167.96875,True,-141.2831,26.0046,0.436,1358.2320945207232,0.36186147062603247,0.3381449440087164
de_mirage,24860,7.656119835664528e+16,A1den,76561199084249100,awp,-1192.6865234375,-639.4519653320312,-167.96875,420.6564025878906,-206.150146484375,-165.6368408203125,True,-141.4002,11.0814,1035829.0,1670.5182731635348,13.850713595672799,13.488852125046767
de_mirage,35553,7.656119835664528e+16,A1den,76561199160594800,awp,-899.3215942382812,-144.535888671875,-167.98406982421875,-77.80157470703125,-781.9500122070312,-207.9913330078125,True,177.4011,1394345,0.0786,1040.573153834058,0.0756639039209896,-13.775049691751809
de_mirage,35726,7.656119835664528e+16,A1den,76561198263159600,awp,-737.2317504882812,46.287357330322266,-143.96875,-1697.7259521484375,287.50225830078125,-168.373779296875,False,123.2604,1877287,0.3925,990.6206869069263,0.33110069281930204,0.25543678889831245
de_mirage,36180,7.656119835664528e+16,A1den,76561199467551800,awp,-1071.7357177734375,254.9706268310547,-169.275634765625,-1934.7264404296875,516.0452270507812,-167.44964599609375,True,24.1953,396503,0.3685,901.618693520511,0.3137152494985967,-0.01738544332070535
de_mirage,44959,7.656119835664528e+16,A1den,76561199467551800,hegrenade,-875.955322265625,230.32034301757807,-172.06787109375,-665.8425903320312,-872.4279174804688,-247.7510986328125,True,-59.0357,0.3035,0.0264,1125.13511947801,0.02605753431928962,-0.28765771517930705
de_mirage,46961,7.656119835664528e+16,A1den,76561199157215700,awp,-1154.4344482421875,-599.5570068359375,-167.96875,439.6990661621094,-295.8116455078125,-159.96875,True,-6.8297,1017234,0.7404,1622.832987794908,0.554114971864388,0.5280574375450984
de_mirage,48617,7.656119835664528e+16,A1den,76561198263159600,awp,-1182.2943115234375,-677.5513916015625,-167.96875,421.2960205078125,-234.037353515625,-165.2508544921875,True,-92.2333,-2.8829,0.6433,1663.795072092528,0.49670641520510717,-0.057408556659280796
de_mirage,53501,7.656119835664528e+16,A1den,76561199467551800,awp,174.69442749023438,-758.703369140625,-162.853759765625,327.75604248046875,434.36572265625,-264.84423828125,True,175.5959,-0.3897,355.4109,1207.1635239238656,5.876084278742902,5.379377863537795
de_mirage,53726,7.656119835664528e+16,A1den,76561199278282700,taser,294.4242248535156,-210.6602783203125,-167.79437255859375,345.32568359375,-208.942138671875,-167.934326171875,False,-46.4852,-4.6194,2667764.0,50.93064001904144,14.796751601178775,8.920667322435872
de_mirage,56733,7.656119835664528e+16,A1den,76561199467551800,awp,-758.95458984375,-1683.037109375,-173.872314453125,375.1390686035156,-1564.6871337890625,-199.53460693359372,True,14.7903,0.0144,0.1477,1140.5409664307758,0.13775993970448563,-14.658991661474289
de_mirage,57066,7.656119835664528e+16,A1den,76561199084249100,awp,-519.7412109375,-1601.6910400390625,-39.96875,461.7933044433594,-1586.3773193359375,-242.8616943359375,True,33.6827,-0.2232,0.184,1002.4021457414273,0.16889853646181394,0.031138596757328302
de_dust2,7101,7.656119835796138e+16,Yevhenii,76561198392370200,hkp2000,941.7745971679688,879.0369873046875,0.6536121368408203,642.7579956054688,813.83447265625,0.4592161178588867,False,-165.4527,2491015,4.0304,306.0430259232822,1.6154995038126958,0.0
de_dust2,11344,7.656119835796138e+16,Yevhenii,76561198366175000,ssg08,-605.9190673828125,2442.19140625,-88.27288818359375,-113.9752197265625,390.2174377441406,-1.25469970703125,True,-76.6986,-2.3967,0.0309,2111.9133698611463,0.030432207120201983,-1.585067296692494
de_dust2,21651,7.656119835796138e+16,Yevhenii,76561198112244700,mp9,499.6930541992188,2432.66064453125,96.09457397460938,762.365234375,2284.744384765625,-44.9644775390625,True,-31.5291,27.7573,1675826.0,332.8266067418389,14.331817332739371,14.30138512561917
de_dust2,21709,7.656119835796138e+16,Yevhenii,76561199360521100,mp9,482.6233520507813,2404.181884765625,96.3192901611328,801.3046875,2135.9677734375,-44.88262939453125,True,-42.2256,29.3544,1327658.0,439.8119884285074,14.098927798937197,-0.23288953380217414
de_dust2,24995,7.656119835796138e+16,Yevhenii,76561198112244700,m4a1_silencer,-135.12310791015625,1397.5849609375,-0.29718017578125,-569.8033447265625,593.1332397460938,8.029458999633789,True,-118.2726,-0.1452,0.4988,914.417198507629,0.4046647879373953,-13.694263010999801
de_dust2,25864,7.656119835796138e+16,Yevhenii,76561198366175000,m4a1_silencer,304.0384521484375,1681.4901123046875,45.26137161254883,514.5966186523438,2391.58935546875,127.03125,True,73.4161,-6.8002,2784276.0,745.159036471517,14.839498792613373,14.434834004675977
de_dust2,26031,7.656119835796138e+16,Yevhenii,76561198392370200,m4a1_silencer,316.5136413574219,1934.9837646484373,98.66020965576172,1134.0892333984375,2459.512451171875,95.41521453857422,True,32.2037,2783911,0.5285,971.3756851396531,0.4242868623487521,-14.41521193026462
de_dust2,33593,7.656119835796138e+16,Yevhenii,76561198392370200,m4a1,-1202.0867919921875,2074.983642578125,13.444271087646484,-1138.8748779296875,2207.068359375,-0.06610107421875,False,64.2446,6.0500,0.8115,147.0532170566413,0.5941552313529949,0.16986836900424274
de_dust2,49326,7.656119835796138e+16,Yevhenii,76561199360521100,mp9,-524.8026123046875,1424.0179443359375,-110.96875,-344.75115966796875,955.9520874023438,-37.90667724609375,False,-65.9753,1635589,1.16,506.79605217352383,0.7701082216960736,0.17595299034307876
de_dust2,60013,7.656119835796138e+16,Yevhenii,76561198366175000,m4a1_silencer,-664.9614868164062,2228.85791015625,-120.85455322265624,-431.135498046875,1870.702392578125,-126.6820068359375,True,-57.4815,814279,0.2432,427.7662060183325,0.21768870063124596,-0.5524195210648277
de_dust2,70670,7.656119835796138e+16,Yevhenii,76561198366175000,m4a1,-1365.6661376953125,2674.980224609375,130.03125,-1555.647705078125,2505.537353515625,2.0373992919921875,True,-139.4951,31.7745,2471233.0,284.932111789435,14.720228178989757,14.50253947835851
de_dust2,72788,7.656119835796138e+16,Yevhenii,76561198180825500,m4a1,-1684.5947265625,2854.376953125,19.913230895996094,-1738.3809814453125,2844.5576171875,66.03125,True,-169.7690,-3.2506,550238.0,71.52798234711797,13.218108008275665,-1.5021201707140914
de_dust2,72928,7.656119835796138e+16,Yevhenii,76561199360521100,m4a1,-1636.6051025390625,2676.8251953125,7.839269638061523,-1372.890380859375,2163.096435546875,2.056544780731201,False,-63.1680,2465905,0.9349,577.4912405809268,0.660055645559746,-12.55805236271592
de_dust2,85063,7.656119835796138e+16,Yevhenii,76561198180825500,mac10,-1497.91064453125,1159.5130615234375,35.43586730957031,-1155.969970703125,1107.88134765625,-12.828125,True,-11.2160,15.7784,143908.0,349.16854275342956,11.87693643435264,11.216880788792894
de_dust2,86817,7.656119835796138e+16,Yevhenii,76561198366175000,m4a1_silencer,-2115.37109375,1834.9462890625,2.3471715450286865,-1421.1552734375,1998.0771484375,45.140625,False,14.8226,-1.5079,1540626.0,714.4078401803735,14.247700034386792,2.3707636000341523
de_dust2,86874,7.656119835796138e+16,Yevhenii,76561199360521100,m4a1_silencer,-2106.78564453125,1814.06689453125,2.5947253704071045,-1284.167236328125,2235.902587890625,2.7375597953796387,True,27.1891,4.0581,0.3759,924.4708854843947,0.3191080624516338,-13.928591971935159
de_dust2,96622,7.656119835796138e+16,Yevhenii,76561198392370200,mac10,-1994.556396484375,1719.871337890625,31.732275009155277,-1724.1085205078125,2406.01708984375,13.189571380615234,True,67.0228,9.1475,0.4604,737.7546193697532,0.3787103707993448,0.059602308347710964
de_dust2,98366,7.656119835796138e+16,Yevhenii,76561199360521100,mac10,-1508.6431884765625,1813.412353515625,0.0312533378601074,-1247.2955322265625,2344.043701171875,16.392276763916016,False,64.6271,-0.8954,0.6495,591.7262100248764,0.500472211686499,0.12176184088715425
de_dust2,107947,7.656119835796138e+16,Yevhenii,76561198180825500,ak47,-1020.6461181640624,1379.656005859375,-112.4127197265625,-329.4676513671875,1495.07421875,-125.294677734375,True,2329032,3.0734,0.8666,700.8673067511847,0.6241185941495093,0.1236463824630103
de_dust2,131914,7.656119835796138e+16,Yevhenii,76561198366175000,m4a1,1368.8978271484375,643.9888916015625,-48.93023681640625,1304.2359619140625,2280.425048828125,13.367652893066406,True,92.0407,-2.1053,0.0,1638.8976418789189,0.0,-0.6241185941495093
de_dust2,132884,7.656119835796138e+16,Yevhenii,76561198112244700,m4a1,1632.23828125,866.8480834960938,-9.990478515625,1236.976806640625,2789.10888671875,127.03125,True,102.2292,-2.9522,0.0342,1967.2552409390091,0.03362818097998405,0.03362818097998405
de_dust2,135783,7.656119835796138e+16,Yevhenii,76561198112244700,m4a1,-1979.2286376953125,1816.150634765625,33.03125,-1580.0751953125,2193.68505859375,-2.6348876953125,False,43.3994,728904,1947841.0,550.5704179479538,14.48223265106555,14.448604470085566
de_dust2,135841,7.656119835796138e+16,Yevhenii,76561198392370200,m4a1,-1961.80078125,1849.810302734375,12.13701629638672,-1084.0784912109375,2303.697021484375,-6.8663330078125,True,27.8390,2023627,0.8272,988.3171045640337,0.6027847404795541,-13.879447910585995
de_dust2,150082,7.656119835796138e+16,Yevhenii,76561198392370200,awp,1421.7469482421875,884.3582763671875,-9.88958740234375,1183.193603515625,2808.01953125,127.03125,True,96.3044,-3.8723,0.0387,1943.2260901738907,0.03796993125162867,-0.5648148092279255
de_dust2,150383,7.656119835796138e+16,Yevhenii,76561198366175000,awp,1392.6248779296875,881.7435913085938,-10.174560546875,1246.7213134765625,2574.580078125,139.625,True,94.9387,-4.8278,0.2368,1705.7031188214075,0.21252739885102048,0.1745574675993918
de_dust2,155329,7.656119835796138e+16,Yevhenii,76561198366175000,ak47,-260.0473022460937,350.8807983398437,-1.83221435546875,-363.7418212890625,980.8491821289062,-49.86871337890625,True,97.5002,12632,2786833.0,640.25012541333,14.840416742436865,14.627889343585844
de_dust2,24912,7.656119836617502e+16,Kejmilsz76,76561198396270700,ak47,1476.6153564453125,2108.152099609375,-9.91876220703125,425.2037963867188,2380.234619140625,95.5135269165039,True,165.7524,-5.3871,0.2212,1091.1512881581305,0.19983398187858573,0.0
de_dust2,25067,7.656119836617502e+16,Kejmilsz76,76561199008951200,ak47,1528.1038818359375,2447.810302734375,36.46897888183594,1177.767333984375,2591.31982421875,96.61257934570312,True,159.8058,-6.0167,0.0,383.3378825448663,0.0,-0.19983398187858573
de_dust2,43199,7.656119836617502e+16,Kejmilsz76,76561199132065900,ssg08,-210.3116455078125,323.06988525390625,2.160104751586914,-376.5719604492188,1456.3304443359375,-125.9776611328125,True,98.6075,1445053,1.1001,1152.536886238865,0.7419849626432455,0.7419849626432455
de_dust2,44652,7.656119836617502e+16,Kejmilsz76,76561198357961300,m4a1_silencer,-388.99609375,1551.654296875,-126.34210205078124,-620.6580200195312,2247.908203125,-121.03466796875,True,107.7213,2.0359,0.854,733.8016890876095,0.6173454671436633,-0.1246394954995822
de_dust2,45381,7.656119836617502e+16,Kejmilsz76,76561199008951200,m4a1_silencer,161.73646545410156,2353.000732421875,-119.96875,1786.177490234375,1923.1005859375,3.0864739418029785,True,-14.5699,-3.8408,427336.0,1684.8636048878968,12.965328208101045,12.347982740957383
de_dust2,48924,7.656119836617502e+16,Kejmilsz76,76561199008951200,m4a1_silencer,372.3872375488281,2308.52978515625,96.01182556152344,1217.500244140625,2577.16357421875,98.45899200439452,True,17.7522,0.4199,0.0,886.7841310940906,0.0,-12.965328208101045
de_dust2,69975,7.656119836617502e+16,Kejmilsz76,76561199172033500,deagle,-2009.761474609375,1670.701904296875,32.297393798828125,-1945.7950439453125,2060.964599609375,-2.85687255859375,True,81.2140,1921694,0.1397,397.0295934154104,0.13076506987955253,0.13076506987955253
de_dust2,77215,7.656119836617502e+16,Kejmilsz76,76561199008951200,p250,1552.2149658203125,1632.1512451171875,1.03125,1724.135009765625,1863.869384765625,1.402496099472046,False,52.7543,0.5596,0.9413,288.5306492834987,0.663357851749193,0.5325927818696405
de_dust2,77351,7.656119836617502e+16,Kejmilsz76,76561198357961300,p250,1525.12646484375,1652.7879638671875,1.03125,1168.942138671875,2965.701171875,128.4320831298828,True,104.6650,-5.1770,0.6297,1366.3232919972002,0.4883959487998061,-0.17496190294938696
de_dust2,77941,7.656119836617502e+16,Kejmilsz76,76561199172033500,p250,1085.383056640625,2351.192138671875,98.7553253173828,639.7162475585938,2196.973388671875,-90.44464111328124,True,-161.5872,24.1366,0.0,508.13281223149386,0.0,-0.4883959487998061
de_dust2,81194,7.656119836617502e+16,Kejmilsz76,76561199172033500,m4a1_silencer,1577.96826171875,1354.4776611328125,0.8109126091003418,648.609130859375,741.3103637695312,0.7845931053161621,False,-146.3702,2297013,0.689,1113.410314915485,0.524136637825663,0.524136637825663
de_dust2,86189,7.656119836617502e+16,Kejmilsz76,76561199172033500,m4a1_silencer,-1215.965576171875,2687.142333984375,89.62942504882812,-1800.624267578125,2562.81201171875,32.23458480834961,True,-168.3126,1921694,0.07,600.4814586294675,0.06765864847381481,-0.4564779893518482
de_dust2,93202,7.656119836617502e+16,Kejmilsz76,76561199132065900,m4a1_silencer,1688.577880859375,2021.3492431640625,60.63906478881836,1019.3119506835938,644.0886840820312,7.697248935699463,False,-117.1108,7.1360,0.0,1532.1770030785701,0.0,-0.06765864847381481
de_dust2,93603,7.656119836617502e+16,Kejmilsz76,76561198396270700,m4a1_silencer,1624.0633544921875,1865.746826171875,1.03125,1120.5477294921875,987.4608764648438,-2.44775390625,True,-119.9793,1200220,0.851,1012.3864368609953,0.6157260335913605,0.6157260335913605
de_dust2,97501,7.656119836617502e+16,Kejmilsz76,76561199172033500,m4a1_silencer,-865.796630859375,2337.778076171875,-75.34625244140625,-1217.039794921875,2168.651611328125,4.903390407562256,True,-153.9830,-12.0331,0.3769,398.0144803754852,0.31983459546818965,-0.2958914381231708
de_dust2,101367,7.656119836617502e+16,Kejmilsz76,76561198357961300,deagle,-458.3880615234375,1099.294921875,-74.6407470703125,-406.1959838867188,-516.357421875,0.9067528247833252,True,-87.9528,-3.0782,0.3498,1618.259538384775,0.2999564333271691,-0.01987816214102056
de_dust2,118202,7.656119836617502e+16,Kejmilsz76,76561198357961300,m4a1,1365.6497802734375,1140.12841796875,-8.47491455078125,652.3352661132812,770.3023681640625,0.7485976219177246,True,-152.5335,2222168,0.6336,803.5384100355619,0.49078616842826406,0.19082973510109497
de_dust2,124231,7.656119836617502e+16,Kejmilsz76,76561199172033500,m4a1,-1442.3673095703125,1913.0447998046875,4.630524635314941,-1485.7713623046875,2022.783447265625,1.7105445861816406,False,113.7377,2838758,0.3769,118.04663834185057,0.31983459546818965,-0.1709515729600744
de_dust2,124321,7.656119836617502e+16,Kejmilsz76,76561199008951200,m4a1,-1466.099609375,1883.3133544921875,2.391951084136963,-1731.682373046875,2524.84521484375,66.03125,True,112.3383,-2.3088,0.0,697.2426353660757,0.0,-0.31983459546818965
de_dust2,131633,7.656119836617502e+16,Kejmilsz76,76561199008951200,ssg08,640.5318603515625,2251.143798828125,-82.97979736328125,1781.7923583984375,1816.7608642578125,1.9864816665649412,True,-20.5496,-3.9963,0.6591,1224.0846893986932,0.5062752866671726,0.5062752866671726
de_dust2,131906,7.656119836617502e+16,Kejmilsz76,76561199172033500,ssg08,1312.88720703125,2278.216064453125,12.711441040039062,1356.1436767578125,2540.650146484375,68.84925079345703,False,80.1865,-8.2926,533803.0,271.83491914892176,13.187784009367721,12.68150872270055
de_dust2,137635,7.656119836617502e+16,Kejmilsz76,76561198357961300,m4a1,-1257.5657958984375,2285.331787109375,6.363460063934326,-1588.770751953125,1797.011962890625,0.0312519073486328,True,-123.4750,1411451,827308.0,590.0788680340593,13.62593354388134,0.4381495345136184
de_dust2,142084,7.656119836617502e+16,Kejmilsz76,76561198357961300,m4a1_silencer,-1742.603515625,2258.678955078125,-0.55255126953125,-2008.851806640625,1610.4534912109375,31.905254364013672,True,-112.2744,0.6297,0.5326,701.5254190840958,0.4269656395541669,-13.198967904327173
de_dust2,142219,7.656119836617502e+16,Kejmilsz76,76561199172033500,m4a1_silencer,-1774.860107421875,2266.820556640625,-0.04840087890625,-2017.0638427734373,1597.1719970703125,32.3176383972168,True,-109.8956,253116,1.1303,712.8389742790916,0.7562628148740206,0.3292971753198537
de_dust2,148225,7.656119836617502e+16,Kejmilsz76,76561199132065900,awp,-423.2528076171875,2164.205078125,-125.87371826171876,-384.746337890625,-557.67724609375,1.381136417388916,True,-89.3456,-2.6477,0.2611,2725.1275076855886,0.23198435597969175,-0.5242784588943288
de_dust2,155238,7.656119836617502e+16,Kejmilsz76,76561199008951200,m4a1,-314.31689453125,1091.3458251953125,-68.80426025390625,-236.75238037109372,440.3109130859375,-2.18212890625,True,-83.0556,-0.4896,822163.0,659.0153405099664,13.619695167520165,13.387710811540472
de_dust2,168247,7.656119836617502e+16,Kejmilsz76,76561198396270700,ak47,2.568582534790039,1581.96826171875,1.8947405815124512,-102.1600341796875,1581.95703125,2.374201774597168,False,178.6703,2433399,1.106,104.72971482863421,0.7447904137117838,-12.874904753808382
de_dust2,172331,7.656119836617502e+16,Kejmilsz76,76561199172033500,ak47,-12.653076171875,379.0273132324219,-1.49371337890625,-277.2037353515625,724.3867797851562,1.123857498168945,True,127.1091,1456255,920413.0,435.0483468389381,13.732578847805588,12.987788434093805
de_mirage,3555,7.656119837938051e+16,Ⓚⓘⓢⓤⓝⓐ,76561199012454700,hkp2000,-1793.3330078125,395.2494812011719,-165.71875,-1524.253173828125,238.13723754882807,-166.96875,True,164.5611,10.0755,1721480.0,311.5923244602348,14.358695524813372,0.0
de_mirage,3776,7.656119837938051e+16,Ⓚⓘⓢⓤⓝⓐ,76561199130088600,hkp2000,-1727.349609375,313.9524230957031,-167.8280029296875,-1036.5474853515625,144.3887176513672,-171.7279052734375,True,89.7027,572003,321415.0,711.3189397152286,12.680491513249319,-1.6782040115640537
de_mirage,11244,7.656119837938051e+16,Ⓚⓘⓢⓤⓝⓐ,76561199012454700,m4a1,-472.27734375,-2326.438232421875,-167.96875,27.845645904541016,-2055.93212890625,-39.96875,True,-28.9239,-0.2376,0.1878,582.8212048477665,0.17210285659962277,-12.508388656649696
de_mirage,22455,7.656119837938051e+16,Ⓚⓘⓢⓤⓝⓐ,76561199012454700,famas,151.96864318847656,-1914.539794921875,-167.96875,-154.81732177734375,-2136.340087890625,-167.96875,False,164.1189,20.4380,1298470.0,378.5670327181606,14.076697976373858,13.904595119774235
de_mirage,22692,7.656119837938051e+16,Ⓚⓘⓢⓤⓝⓐ,76561198342649200,hkp2000,49.7699089050293,-2042.295166015625,-167.96875,-373.3353271484375,-1529.19970703125,-163.96875,False,177.7478,851899,0.9668,665.0571334902335,0.6764078565556472,-13.40029011981821
de_mirage,43647,7.656119837938051e+16,Ⓚⓘⓢⓤⓝⓐ,76561199130088600,m4a1_silencer,-351.8763427734375,-2227.92236328125,-170.7255859375,-124.1080322265625,-1421.1192626953125,-72.17535400390625,True,-98.7321,659265,0.2924,844.110060725866,0.25650095496820613,-0.41990690158744104
de_mirage,62910,7.656119837938051e+16,Ⓚⓘⓢⓤⓝⓐ,76561199012454700,mp9,168.47122192382812,-2363.9736328125,-39.96875,248.15216064453125,-2351.967529296875,-39.96875,False,-102.4087,-3.7158,0.1984,80.5803854361615,0.180987333780818,-0.07551362118738814
de_mirage,63389,7.656119837938051e+16,Ⓚⓘⓢⓤⓝⓐ,76561198190202200,ak47,349.8677062988281,-2230.8310546875,-39.96875,999.6942138671876,-2240.797607421875,-39.96875,False,-28.8511,1532985,803932.0,649.9029328383573,13.597271211355356,13.416283877574537
de_mirage,63806,7.656119837938051e+16,Ⓚⓘⓢⓤⓝⓐ,76561198208554100,ak47,128.362060546875,-2375.96826171875,-39.96875,-91.09344482421876,-1418.03125,-115.96875,True,83.4576,174739,0.0618,985.6875961775773,0.059965581167434064,-13.537305630187921
de_mirage,71027,7.656119837938051e+16,Ⓚⓘⓢⓤⓝⓐ,76561199012454700,deagle,496.7946166992188,-429.0950317382813,-160.201171875,-1174.79833984375,-638.2433471679688,-167.96875,True,-21.7526,16.2299,0.5524,1684.6442845541808,0.4398021205126142,0.37983653934518014
de_mirage,81834,7.656119837938051e+16,Ⓚⓘⓢⓤⓝⓐ,76561198190202200,ak47,-1137.418212890625,-209.01025390625,-55.96875,-1208.74658203125,-978.0396728515624,-167.96875,True,171.5642,2768937,0.2509,780.4088565922519,0.22386329223855864,-0.21593882827405556
de_mirage,90157,7.656119837938051e+16,Ⓚⓘⓢⓤⓝⓐ,76561199130088600,ak47,34.65458297729492,-1437.909423828125,-173.0340576171875,-873.3202514648438,-2508.002197265625,-35.96875,True,174.6802,-0.2675,0.1335,1410.0722471900453,0.12531019096544666,-0.09855310127311198
de_mirage,110221,7.656119837938051e+16,Ⓚⓘⓢⓤⓝⓐ,76561198342649200,ak47,-1001.4735717773438,-149.494873046875,-167.96875,-752.0322265625,54.46738052368164,-165.96875,False,-29.2151,-0.4467,0.0,322.21977838762615,0.0,-0.12531019096544666
de_mirage,113481,7.656119837938051e+16,Ⓚⓘⓢⓤⓝⓐ,76561199012454700,ak47,220.3721923828125,-1511.310791015625,-175.96875,-498.370849609375,-2152.679443359375,-179.96875,True,-39.2936,1222469,0.4357,963.3074839434299,0.3616525351515112,0.3616525351515112
de_mirage,12451,7.656119837978147e+16,Кудрявый,76561198190202200,mp9,-743.4943237304688,-1312.64892578125,-167.96875,-327.67010498046875,-2201.786865234375,-171.972900390625,True,-162.8819,0.3519,0.0311,981.5763289191257,0.030626193541760837,0.0
de_mirage,47332,7.656119837978147e+16,Кудрявый,76561198208554100,ssg08,-1187.8443603515625,-593.8656616210938,-167.96875,437.289794921875,-201.568603515625,-159.96875,True,-98.0475,2820160,1.102,1671.8319306779958,0.7428892724547594,0.7122630789129986
de_mirage,47706,7.656119837978147e+16,Кудрявый,76561199130088600,ssg08,-1196.357177734375,-559.9412231445312,-167.96875,471.1707763671875,-540.3856201171875,-159.96875,True,-95.7867,2541725,0.1324,1667.6618060385942,0.12433927425560748,-0.618549998199152
de_mirage,64404,7.656119837978147e+16,Кудрявый,76561199130088600,m4a1_silencer,615.374267578125,-1603.3814697265625,-263.96875,-142.96875,-1479.661865234375,-69.17535400390625,True,-76.7574,287873,0.7497,792.675936287264,0.5594443446684371,0.4351050704128296
de_mirage,68047,7.656119837978147e+16,Кудрявый,76561199130088600,glock,-2166.724853515625,143.25074768066406,-159.96875,-1932.7626953125,-174.830322265625,-165.96875,True,38.3437,2220401,4.0288,394.90487275955473,1.6151813870611662,1.055737042392729
de_mirage,75473,7.656119837978147e+16,Кудрявый,76561199012454700,ssg08,218.6741180419922,-249.6497802734375,-167.77435302734375,-1171.3250732421875,-742.072998046875,-167.96875,True,-43.3582,-6.5818,0.196,1474.645182734885,0.17898265552844,-1.4361987315327263
de_mirage,94812,7.656119837978147e+16,Кудрявый,76561198190202200,ak47,-555.5338134765625,-1207.3741455078125,-167.96875,-919.7910766601562,-1433.9208984375,-167.96875,False,57.8918,-4.5662,0.0498,428.96012057647823,0.04859966983606234,-0.13038298569237766
de_mirage,95169,7.656119837978147e+16,Кудрявый,76561198342649200,ak47,-586.1453247070312,-1165.78369140625,-167.96875,-827.9064331054688,178.25106811523438,-173.37744140625,True,139.5682,1623990,0.597,1365.6160230016135,0.4681268692328754,0.41952719939681304
de_mirage,95989,7.656119837978147e+16,Кудрявый,76561199130088600,ak47,-1035.6441650390625,-1527.27734375,-162.603271484375,-1317.49755859375,-967.2224731445312,-167.96875,False,68.0538,-5.0599,0.2421,627.0020589335442,0.216803495568011,-0.25132337366486435
de_dust2,6653,7.656119838088392e+16,Saz,76561198079073200,usp_silencer,-1378.8050537109375,2198.187744140625,1.920332431793213,-1624.3387451171875,2620.856689453125,4.486661434173584,True,-93.6581,1278716,0.4547,488.81736568140576,0.37479969379727923,0.0
de_dust2,8635,7.656119838088392e+16,Saz,76561198207845500,ssg08,-415.9176025390625,2013.47802734375,-126.90142822265624,-377.8734130859375,-411.7001953125,9.031248092651367,True,51.8294,-0.1057,0.9594,2429.282705756478,0.6726383039284048,0.2978386101311256
de_dust2,12097,7.656119838088392e+16,Saz,76561198207845500,ssg08,-469.3585815429688,1951.3004150390625,-124.04510498046876,-243.04901123046875,733.6793212890625,0.9097509384155272,True,-92.3336,-4.3358,0.4993,1244.7613689288737,0.4049983325187204,-0.26763997140968443
de_dust2,32323,7.656119838088392e+16,Saz,76561198087731000,ssg08,-379.58837890625,2137.174560546875,-127.9686279296875,-449.0106201171875,419.5334777832031,-1.94915771484375,True,-72.9434,-5.9625,0.6876,1723.6563589200541,0.5233074012680465,0.11830906874932612
de_dust2,32323,7.656119838088392e+16,Saz,76561198207845500,ssg08,-379.58837890625,2137.174560546875,-127.9686279296875,-454.13177490234375,383.75677490234375,-1.78118896484375,True,88.1217,-4.6750,0.3446,1759.5323011112096,0.2960965710527993,-0.22721083021524724
de_dust2,41972,7.656119838088392e+16,Saz,76561198207845500,ssg08,-649.0684204101562,2347.860107421875,-109.80706787109376,-311.2601318359375,1207.9442138671875,-97.953857421875,False,-169.0332,2.1550,401098.0,1188.9756863813398,12.901963558611182,12.605866987558382
de_dust2,45947,7.656119838088392e+16,Saz,76561198079073200,ssg08,-1062.87255859375,2397.159423828125,1.7363629341125488,-1605.19873046875,1999.9532470703125,-3.86456298828125,True,90.8174,2687488,0.0,672.251287783325,0.0,-12.901963558611182
de_dust2,50666,7.656119838088392e+16,Saz,76561198828762300,ssg08,-426.0872802734375,1630.200927734375,-125.7877197265625,-261.04266357421875,880.974853515625,49.203125,False,-20.4198,664987,0.2244,786.8934054424067,0.20245092808912038,0.20245092808912038
de_dust2,79218,7.656119838088392e+16,Saz,76561198207845500,ssg08,-417.9830322265625,-571.4964599609375,1.637958526611328,-424.5699462890625,2305.535400390625,-110.922607421875,True,-36.2089,132981,592119.0,2879.2404543423395,13.291464596027428,13.089013667938307
de_dust2,103647,7.656119838088392e+16,Saz,76561198087731000,ak47,-568.7921142578125,1980.8851318359373,-117.28375244140624,1494.8311767578125,2327.208984375,6.149654388427734,True,-3.6039,-12.9889,1284925.0,2096.1195347549424,14.066211687104593,0.774747091077165
de_dust2,11537,7.656119839237024e+16,Nöen,76561199172033500,ak47,115.8783721923828,288.5898742675781,1.1658830642700195,-297.422119140625,590.5260009765625,-0.03778076171875,False,146.1505,384115,1443471.0,511.84389178218737,14.182561880598763,0.0
de_dust2,32342,7.656119839237024e+16,Nöen,76561199132065900,ak47,-388.398193359375,1736.319091796875,-126.70703125,-737.30419921875,2549.617919921875,-80.2730712890625,True,112.5556,4.0152,0.174,886.1977755511997,0.1604167214059047,-14.022145159192858
de_dust2,32658,7.656119839237024e+16,Nöen,76561199172033500,ak47,-341.1822509765625,1911.0382080078125,-123.0543212890625,-1312.337646484375,2682.486083984375,130.03125,True,141.3202,-9.4599,0.8009,1265.8305312984817,0.58828653994377,0.4278698185378653
de_dust2,37694,7.656119839237024e+16,Nöen,76561199172033500,ak47,322.11846923828125,4.591166973114014,-2.1593017578125,-282.5001220703125,661.1981201171875,1.4257659912109375,True,131.2962,0.8799,0.7479,892.585673526019,0.5584150673589038,-0.02987147258486622
de_dust2,42943,7.656119839237024e+16,Nöen,76561199172033500,ak47,-1196.18603515625,1100.4974365234375,6.006975173950195,-988.029541015625,1391.47705078125,-112.42706298828124,False,54.5952,23.4301,3.1123,376.86188897519776,1.4139824826900604,0.8555674153311567
de_dust2,60172,7.656119839237024e+16,Nöen,76561198357961300,deagle,-426.0477294921875,1727.1575927734375,-127.09783935546876,-677.4373168945312,2285.3642578125,-116.5821533203125,True,113.9804,1.0451,0.5418,612.2924017176293,0.4329505650430247,-0.9810319176470357
de_dust2,64750,7.656119839237024e+16,,76561199008951200,deagle,1363.395751953125,2533.293701171875,65.28480529785156,1018.1558837890624,2647.956787109375,96.1796646118164,True,159.9294,-2.8599,798788.0,365.0927035407302,13.590852109772998,13.157901544729974
de_dust2,76619,7.656119839237024e+16,Nöen,76561198396270700,usp_silencer,335.04718017578125,2313.630126953125,96.86923217773438,1599.6055908203125,2099.841064453125,-3.12408447265625,True,-9.5303,4.0152,0.4402,1286.3951183641818,0.3647819928326294,-13.226070116940368
de_dust2,81021,7.656119839237024e+16,Nöen,76561199132065900,m4a1_silencer,-318.88134765625,939.1253051757812,-30.7491455078125,-444.800048828125,-231.77630615234372,0.348846435546875,True,-95.7352,-1.1000,0.5663,1178.0633208017814,0.44871615010247934,0.08393415726984993
de_dust2,107562,7.656119839237024e+16,Nöen,76561199008951200,deagle,1525.1712646484375,1434.874755859375,0.3021624088287353,608.4937744140625,701.4213256835938,1.0218372344970703,False,-141.1644,-0.4951,0.0549,1173.9898096963477,0.05344597570562603,-0.3952701743968533
de_dust2,108684,7.656119839237024e+16,Nöen,76561198357961300,deagle,220.42630004882807,2329.240966796875,-118.96875,-504.1495361328125,1894.74853515625,-121.82476806640624,True,-148.9767,-0.2201,0.2461,844.8680206816343,0.22001867396668484,0.1665726982610588
de_dust2,109293,7.656119839237024e+16,Nöen,76561198396270700,deagle,456.5179748535156,2463.333740234375,-119.010986328125,-497.4434814453125,1891.724853515625,-122.30426025390624,True,-148.9767,-0.1099,0.0779,1112.1106173096182,0.07501470380544567,-0.14500397016123917
de_dust2,145433,7.656119839237024e+16,Nöen,76561199132065900,awp,1262.183349609375,2283.4130859375,13.84132194519043,1566.1055908203125,850.4319458007812,-10.89642333984375,True,-79.0446,2805064,0.1765,1465.0650609211855,0.1625439291852801,0.08752922537983443
de_dust2,150059,7.656119839237024e+16,Nöen,76561199172033500,m4a1,1207.54833984375,2813.080810546875,127.03125,1437.9224853515625,1685.8712158203125,-8.3455810546875,True,-78.1904,311127,2110739.0,1158.4474971911698,14.56254915486803,14.40000522568275
de_dust2,155816,7.656119839237024e+16,Nöen,76561199132065900,ssg08,-620.9774169921875,2498.96435546875,-83.0240478515625,-132.7064208984375,473.4656677246094,-0.52752685546875,True,-76.1771,-2.3205,0.1491,2085.1520749470715,0.13897902728145098,-14.42357012758658
de_dust2,168525,7.656119839237024e+16,Nöen,76561198357961300,awp,-277.4959716796875,1345.3841552734375,-122.61834716796876,-936.2844848632812,1411.4837646484375,-112.36614990234376,True,173.9249,-1.9494,0.1972,662.1756345645398,0.17998549699640679,0.04100646971495581
de_dust2,169927,7.656119839237024e+16,Nöen,76561199172033500,awp,380.6018371582031,1594.771728515625,3.157632827758789,-211.9677734375,1287.619384765625,0.3091888427734375,True,-151.0799,0.8539,0.3189,667.4499376775738,0.2767980558497021,0.09681255885329529
de_dust2,172838,7.656119839237024e+16,Nöen,76561199008951200,awp,568.976318359375,222.7844696044922,0.2893562316894531,-547.0320434570312,370.9946899414063,5.790093898773193,True,172.5774,0.4137,0.0,1125.8202303970813,0.0,-0.2767980558497021
de_dust2,12476,7.656119839627077e+16,Aorka,76561199360521100,m4a1,606.844482421875,2169.435791015625,-101.75830078125,-541.7638549804688,2007.514404296875,-118.9642333984375,False,-171.8904,401828,0.0909,1160.0929671126908,0.08700304362157402,0.0
de_dust2,12799,7.656119839627077e+16,Aorka,76561198112244700,m4a1,850.4623413085938,2379.9638671875,-20.772705078125,515.4638061523438,2209.517333984375,127.03125,True,-153.7183,-12.1440,0.374,403.88370649796417,0.3177261938001576,0.23072315017858358
de_dust2,18723,7.656119839627077e+16,Aorka,76561198180825500,mp9,-112.8096923828125,1491.8531494140625,0.2689189910888672,-330.3153686523437,775.5714111328125,0.0312504768371582,True,-106.9141,687114,0.8593,748.5775205621645,0.62020007280388,0.3024738790037224
de_dust2,31138,7.656119839627077e+16,Aorka,76561198366175000,mp9,32.54889297485352,1366.7366943359375,0.0230531692504882,-173.48065185546875,1515.6917724609375,0.6281709671020508,False,144.4256,1490647,51622.0,254.23641519216696,10.851722588592787,10.231522515788907
de_dust2,32179,7.656119839627077e+16,Aorka,76561198112244700,ak47,478.5941162109375,1514.563232421875,1.1036620140075684,-161.18218994140625,1376.950927734375,-0.14007568359375,True,-167.9442,6.0720,0.374,654.4099748619387,0.3177261938001576,-10.53399639479263
de_dust2,48739,7.656119839627077e+16,Aorka,76561198392370200,m4a1_silencer,1721.1783447265625,2225.093017578125,2.50464391708374,1448.4171142578125,1675.805419921875,-8.599609375,True,-113.8438,5.0819,1.0669,613.3831251566802,0.7260499002356531,0.4083237064354955
de_dust2,56127,7.656119839627077e+16,Aorka,76561198366175000,p90,-1199.3974609375,1363.965576171875,-106.00531005859376,-1064.2392578125,1412.91455078125,-112.03509521484376,False,24.3958,12.0118,1840824.0,143.87529425276088,14.425724398662789,13.699674498427136
de_dust2,60094,7.656119839627077e+16,Aorka,76561198180825500,ak47,-17.13446044921875,1526.438232421875,0.7111544609069824,-880.63330078125,1428.126953125,-112.26251220703124,True,-172.8918,781468,1.0789,876.3894135897292,0.7318389076709314,-13.693885490991857
de_dust2,60351,7.656119839627077e+16,Aorka,76561199360521100,ak47,409.9648742675781,1386.8470458984375,0.2613506317138672,317.1965637207031,1469.5350341796875,0.6800355911254883,False,141.1719,5.0599,0.2075,124.27163049069894,0.18855210654459068,-0.5432868011263408
de_dust2,75929,7.656119839627077e+16,Aorka,76561199360521100,glock,972.6559448242188,780.5676879882812,9.031248092651367,1395.4468994140625,1361.8609619140625,-10.3614501953125,True,52.0319,394830,0.2197,719.0480779066395,0.19860492686705555,0.010052820322464878
de_dust2,76197,7.656119839627077e+16,Aorka,76561198112244700,glock,1469.3516845703125,1123.8172607421875,-8.18487548828125,1168.5321044921875,2566.8154296875,96.55540466308594,True,101.9061,-3.8061,0.0439,1477.7370069210863,0.04296369943211567,-0.15564122743493988
de_dust2,93452,7.656119839627077e+16,Aorka,76561198392370200,m4a1_silencer,1178.6993408203125,926.6510009765624,-0.7261962890625,1532.01416015625,1393.00244140625,1.0312480926513672,True,51.4703,1132374,2156424.0,585.0795810520013,14.583962315888849,14.540998616456733
de_dust2,97834,7.656119839627077e+16,Aorka,76561198366175000,m4a1_silencer,-1636.8577880859375,2818.1611328125,15.174878120422363,-1223.347900390625,2644.325927734375,114.03125762939452,True,-22.3483,-8.6459,1114722.0,459.3274317041882,13.924116501519116,-0.6598458143697332
de_dust2,101280,7.656119839627077e+16,Aorka,76561199360521100,m4a1_silencer,161.6962127685547,193.40753173828125,9.031248092651367,-245.58441162109372,685.8251342773438,1.7972512245178225,True,130.2820,599761,0.2178,639.0656719025269,0.19704595219233664,-13.727070549326779
de_dust2,101922,7.656119839627077e+16,Aorka,76561198392370200,ak47,308.1970520019531,109.74300384521484,-2.0140380859375,-307.30096435546875,590.2198486328125,-1.02490234375,True,142.0742,0.7261,486565.0,780.830829889857,13.095127834305071,12.898081882112734
de_dust2,102012,7.656119839627077e+16,Aorka,76561198180825500,ak47,335.4501342773437,150.22137451171875,-2.841064453125,-155.1297607421875,493.2136840820313,-0.46246337890625,True,141.0840,-0.0659,1688608.0,598.5967052739446,14.339415671062389,1.2442878367573176
de_dust2,108071,7.656119839627077e+16,Aorka,76561198112244700,ak47,-483.5479736328125,798.380615234375,-3.26129150390625,-55.887939453125,1348.0316162109375,0.5704023838043213,True,54.2038,0.1318,0.1188,696.4366515248588,0.11225668234566762,-14.22715898871672
de_dust2,109118,7.656119839627077e+16,Aorka,76561199360521100,ak47,-363.2156372070313,1910.194091796875,-125.025634765625,-1184.69091796875,2640.56201171875,73.4975814819336,False,138.2217,-9.3281,0.2088,1116.9916753238701,0.18962813197639278,0.07737144963072516
de_dust2,114232,7.656119839627077e+16,Aorka,76561198112244700,ak47,-1665.0106201171875,1665.717041015625,2.401185989379883,-1195.109619140625,2365.27783203125,20.692472457885746,True,56.4941,1.1659,0.5638,842.9275308149896,0.44711875670827655,0.2574906247318838
de_dust2,115869,7.656119839627077e+16,Aorka,76561198392370200,ak47,-990.4264526367188,2283.341796875,-45.69830322265625,-1188.39111328125,2142.714111328125,5.779568672180176,True,-144.0280,-4.0262,4.0519,248.22595372199976,1.6197644101514037,1.172645653443127
de_dust2,120186,7.656119839627077e+16,Aorka,76561198180825500,awp,-602.1698608398438,627.5997924804688,8.110979080200195,-406.1014404296875,-161.08612060546875,-0.03125,True,-76.1298,0.9452,0.1238,812.7327918059707,0.11671579969596077,-1.503048610455443
de_dust2,123846,7.656119839627077e+16,Aorka,76561198180825500,ak47,-1913.9608154296875,2352.697509765625,2.8512887954711914,-1654.019775390625,1651.0672607421875,2.3536057472229004,True,-69.1421,0.6599,0.6907,748.2343204703303,0.5251426443607836,0.4084268446648228
de_dust2,123987,7.656119839627077e+16,Aorka,76561198112244700,ak47,-1944.4581298828125,2592.373779296875,30.300886154174805,-1275.138671875,2668.501708984375,130.03125,True,2753685,-6.7319,1650533.0,680.9773447180145,14.316609429881447,13.791466785520663
de_dust2,124379,7.656119839627077e+16,Aorka,76561198366175000,ak47,-1432.67724609375,2553.625244140625,2.8685476779937744,-1470.0968017578125,1859.8857421875,1.410677433013916,True,-93.4521,0.4401,0.0984,694.7494837003602,0.09385457547162424,-14.222754854409823
de_dust2,124612,7.656119839627077e+16,Aorka,76561198392370200,ak47,-1447.3134765625,2564.37646484375,3.1840200424194336,-1534.1973876953125,2087.804443359375,-1.440673828125,False,-98.6442,-0.0659,0.7314,484.4492682096179,0.5489303297995364,0.45507575432791214
de_dust2,137906,7.656119839627077e+16,Aorka,76561198366175000,m4a1_silencer,-2094.671142578125,2638.833740234375,38.03470993041992,-1334.6971435546875,2158.99267578125,2.8074135780334477,True,-33.0462,2.0901,2.0593,899.4714496500056,1.1181861316252135,0.5692558018256771
de_dust2,143981,7.656119839627077e+16,Aorka,76561199360521100,ak47,-342.0316772460937,1549.6922607421875,-126.096435546875,-577.8571166992188,1825.581787109375,-118.65911865234376,True,130.2079,357606,0.3111,363.02063623843793,0.2708664795232191,-0.8473196521019944
de_dust2,150349,7.656119839627077e+16,Aorka,76561198180825500,ak47,-470.3218994140625,1258.0166015625,-114.41864013671876,-371.5443115234375,1507.39111328125,-126.08477783203124,False,68.2639,255488,0.8667,268.4785982777419,0.6241721660564141,0.35330568653319505
de_dust2,152467,7.656119839627077e+16,Aorka,76561199360521100,awp,1497.485107421875,2573.18701171875,66.3752670288086,461.89105224609375,2021.449462890625,132.53125,True,-152.2441,-2.6858,0.3045,1175.2642187972758,0.26581982559464606,-0.35835234046176806
de_dust2,173850,7.656119839627077e+16,Aorka,76561198392370200,ak47,-200.59014892578125,353.14532470703125,-0.84100341796875,606.7042236328125,246.63096618652344,0.0805635452270507,True,-9.2883,2161507,0.0,814.291324908645,0.0,-0.26581982559464606
de_mirage,5473,7.656119839820898e+16,sambot,76561199825655200,deagle,-417.538818359375,-1624.928466796875,-39.96783447265625,563.03173828125,-1545.3380126953125,-263.6160888671875,True,-44.0967,-10.0734,0.4804,1008.8963269971396,0.3923123215298639,0.0
de_mirage,18775,7.656119839820898e+16,sambot,76561199825655200,awp,-496.0323486328125,-1506.8563232421875,-39.96875,169.45846557617188,-2329.494140625,-39.96875,True,28.3066,-4.5497,0.379,1058.1167243668795,0.32135859881116474,-0.07095372271869915
de_mirage,18917,7.656119839820898e+16,sambot,76561199537883100,awp,-496.031982421875,-1510.569091796875,-39.96875,666.5624389648438,-1576.0701904296875,-263.96844482421875,True,-142.7505,1714875,323607.0,1185.7875213725972,12.687288185739757,12.365929586928592
de_mirage,36615,7.656119839820898e+16,sambot,76561199825655200,awp,798.3164672851562,-2281.553955078125,-39.96875,921.30810546875,-1803.8175048828125,-71.96875,True,-31.4587,-0.1607,0.0513,494.35114939514636,0.05002749359964816,-12.637260692140108
de_mirage,17030,7.656119840299578e+16,bez pyli,76561199084249100,ssg08,-765.4010620117188,-1690.0223388671875,-174.57080078125,741.3079833984375,-1539.9630126953125,-262.3013916015625,True,-169.8277,18.3846,0.9751,1516.702543499424,0.6806190299826751,0.0
de_mirage,25220,7.656119840299578e+16,bez pyli,76561198263159600,ssg08,-710.2040405273438,-1889.8372802734373,-179.96875,143.82308959960938,-1428.2928466796875,-175.96875,True,-134.1389,20.9990,845994.0,970.7737136811312,13.64826872840541,12.967649698422736
de_mirage,33382,7.656119840299578e+16,bez pyli,76561199084249100,ssg08,-768.107421875,-2071.879638671875,-179.96875,180.41583251953125,-1631.1396484375,-168.05462646484375,True,-82.8094,-0.1682,0.5566,1045.9875952699442,0.44250395554315075,-13.20576477286226
de_mirage,40563,7.656119840299578e+16,bez pyli,76561199084249100,ak47,-1121.2342529296875,-524.4343872070312,-167.96875,-949.5675659179688,-788.96826171875,-263.96875,True,-6.6378,0.5390,0.77,329.6416572488392,0.5709795465857378,0.12847559104258705
de_mirage,2269,7.65611984088573e+16,só jogo d deagle,76561199052453700,deagle,281.6464233398437,-1530.324951171875,-175.96875,-754.4387817382812,-2058.1982421875,-179.96875,True,142.8779,-9.4623,1100509.0,1162.8150169091587,13.911284266686106,0.0
de_mirage,43309,7.65611984088573e+16,só jogo d deagle,76561198398208900,deagle,-852.044677734375,-1368.9757080078125,-167.96875,141.19158935546875,-2318.7392578125,-39.96875,True,35.1954,0.7151,521081.0,1380.200377771347,13.163662697986371,-0.747621568699735
de_mirage,43590,7.65611984088573e+16,só jogo d deagle,76561199256476900,deagle,-509.4913330078125,-1501.3636474609375,-39.96875,-98.81866455078124,-1675.9056396484375,-167.96875,True,173.3866,-7.5672,2686726.0,464.22079623213784,14.803834282138238,1.640171584151867
de_mirage,44152,7.65611984088573e+16,só jogo d deagle,76561199052453700,deagle,-1103.5809326171875,-1332.2628173828125,-167.3680419921875,-1366.03125,-926.032958984375,-167.96875,True,-43.0884,-5.2360,171391.0,483.63542860181803,12.05170860961079,-2.7521256725274483
de_ancient,23347,7.656119841315066e+16,Andrew Inc.,76561198161389600,ak47,-1447.1204833984375,1258.929931640625,99.8555145263672,-2165.271240234375,152.58987426757812,72.03125762939453,True,161.8231,1109821,0.521,1319.2812518049725,0.4193680132771558,0.0
de_ancient,27779,7.656119841315066e+16,Andrew Inc.,76561198161389600,mp5sd,724.0819091796875,818.501220703125,112.07838439941406,694.9212646484375,933.971435546875,108.97471618652344,False,-92.4194,1278017,2899297.0,119.13583198146313,14.879979196687763,14.460611183410608
de_ancient,45722,7.656119841315066e+16,Andrew Inc.,76561198441157700,p90,-1987.6417236328125,765.0227661132812,52.031246185302734,-1084.7908935546875,993.0847778320312,68.03125,False,-124.1084,18.0217,1046056.0,931.3473587679481,13.860538415430138,-1.0194407812576252
de_ancient,52912,7.656119841315066e+16,Andrew Inc.,76561198441157700,ak47,-683.4728393554688,1040.4541015625,70.03125,-311.4073486328125,1592.6734619140625,21.936298370361328,True,-141.3144,1644355,0.1844,667.601734349183,0.16923631724529917,-13.691302098184838
de_mirage,7670,7.656119843531885e+16,Vitalikas 60Hz,76561198091804300,usp_silencer,-625.59814453125,-784.9750366210938,-263.96875,-193.52801513671875,-599.407470703125,-239.96875,False,166.9057,2473484,0.2056,470.84596019900886,0.18697736833014866,0.0
de_mirage,9565,7.656119843531885e+16,Vitalikas 60Hz,76561198245763800,usp_silencer,236.8501434326172,-829.0574340820312,-165.43359375,502.955810546875,-816.0548095703125,-160.00244140625,True,26.7218,-0.5576,4.0585,266.4785014411068,1.621069996663808,1.4340926283336595
de_mirage,13940,7.656119843531885e+16,Vitalikas 60Hz,76561198184283300,m4a1_silencer,-1257.148681640625,-2482.026611328125,-186.46270751953125,-621.1392211914062,-2166.043701171875,-179.96875,True,33.6501,314476,0.4112,710.2080010644661,0.3444404062703898,-1.2766295903934182
de_mirage,26691,7.656119843531885e+16,Vitalikas 60Hz,76561198184283300,famas,-794.5658569335938,201.64437866210935,-172.7218017578125,-843.234619140625,-399.72503662109375,-164.923583984375,True,-150.9140,7.1147,257192.0,603.3859745248211,12.457582054801051,12.11314164853066
de_mirage,27180,7.656119843531885e+16,Vitalikas 60Hz,76561198274450700,famas,-812.1988525390625,-73.61883544921875,-167.86077880859375,-316.86834716796875,-915.9077758789062,-166.741455078125,True,165.0143,2641495,0.3402,977.1408402103365,0.2928188565569333,-12.164763198244119
de_mirage,42397,7.656119843531885e+16,Vitalikas 60Hz,76561198890041700,m4a1_silencer,-1011.5648803710938,-2369.036376953125,-167.96875,-530.1636352539062,-2191.8359375,-179.96875,True,94.2297,588954,0.7016,513.1190451959068,0.5315689849038904,0.23875012834695708
de_mirage,47868,7.656119843531885e+16,Vitalikas 60Hz,76561198890041700,ak47,-2076.102783203125,578.663330078125,-165.7337646484375,-1906.386962890625,517.202880859375,-167.01556396484375,True,-64.0781,-11.5720,0.2651,180.50620347235403,0.23515117043848682,-0.29641781446540355
de_mirage,47937,7.656119843531885e+16,Vitalikas 60Hz,76561198184283300,ak47,-2143.20166015625,544.5101318359375,-162.45367431640625,-2051.062744140625,737.0874633789062,-47.96875,True,-164.0527,0.2032,0.3533,242.24451771810683,0.3025460541003229,0.0673948836618361
de_mirage,48044,7.656119843531885e+16,Vitalikas 60Hz,76561198274450700,ak47,-2290.734130859375,491.671875,-167.96875,-1951.3961181640625,768.7896118164062,-47.96875,True,89.4816,197264,481027.0,454.25161190495635,13.083680759451854,12.78113470535153
de_mirage,64167,7.656119843531885e+16,Vitalikas 60Hz,76561198245763800,awp,-527.3836059570312,-1461.288330078125,-59.72930908203125,113.1702880859375,-2332.995361328125,-39.96875,True,-60.4324,26.7520,0.6643,1081.9301822204304,0.5094046146105438,-12.57427614484131
de_mirage,68341,7.656119843531885e+16,Vitalikas 60Hz,76561198890041700,deagle,-54.323486328125,-582.4716186523438,-204.41461181640625,208.30599975585935,-374.61724853515625,-166.8994140625,True,20.2849,10.0789,2.0487,337.02385108485305,1.1147152702495073,0.6053106556389636
de_mirage,68384,7.656119843531885e+16,Vitalikas 60Hz,76561198184283300,deagle,-67.55853271484375,-570.5358276367188,-205.69134521484372,231.3391876220703,-202.92108154296875,-167.5999755859375,True,-84.8378,2.1121,0.7704,475.3224181630636,0.5712055097547029,-0.5435097604948045
de_mirage,92079,7.656119843531885e+16,Vitalikas 60Hz,76561198184283300,ak47,81.14820098876953,-2173.0830078125,-39.96875,-204.86083984375,-2172.344482421875,-169.13177490234375,True,156.5998,26.2680,1139558.0,313.82288613103714,13.946151903422706,13.374946393668003
de_mirage,92759,7.656119843531885e+16,Vitalikas 60Hz,76561198245763800,ak47,58.63862228393555,-2136.350341796875,-39.96875,-304.9068603515625,-2132.825439453125,-96.953125,True,-65.3020,-9.1739,0.284,368.0013068935364,0.2499802052677694,-13.696171698154936
de_mirage,92834,7.656119843531885e+16,Vitalikas 60Hz,76561198091804300,ak47,23.619760513305664,-2217.285400390625,-39.96875,14.594464302062988,-1880.627685546875,-39.96875,True,37.3848,-6.1726,1780559.0,336.7786705471657,14.392438479531517,14.142458274263747
de_mirage,92946,7.656119843531885e+16,Vitalikas 60Hz,76561198890041700,ak47,49.9414291381836,-2221.11083984375,-39.96875,-509.420166015625,-1496.5782470703125,-39.96875,True,49.5854,-4.8223,2.0938,915.3321102878523,1.1294001088204275,-13.26303837071109
de_mirage,108394,7.656119843531885e+16,Vitalikas 60Hz,76561198245763800,ak47,-562.7162475585938,-527.2710571289062,-143.96875,-943.7188110351562,280.1831970214844,-168.418701171875,True,109.0390,1.0561,2556001.0,893.1646690468576,14.75395487695187,13.624554768131443
de_mirage,109062,7.656119843531885e+16,Vitalikas 60Hz,76561198274450700,ak47,-1917.5245361328125,-275.9574584960937,-127.96875,-1867.45849609375,-601.11328125,-167.96875,True,-45.0055,-0.2860,0.1099,331.4104968705167,0.10426992117579677,-14.649684955776072
de_mirage,142171,7.656119843531885e+16,Vitalikas 60Hz,76561198274450700,hegrenade,-936.0335083007812,-264.2626953125,-363.96875,-1170.0172119140625,-516.489013671875,-167.96875,True,118.6359,0.1981,0.0311,395.95768616067124,0.030626193541760837,-0.07364372763403593
de_mirage,165422,7.656119843531885e+16,Vitalikas 60Hz,76561198274450700,ak47,-359.9674072265625,-1504.03125,-163.97125244140625,-405.211181640625,-2242.10986328125,-171.83489990234375,False,-108.4708,-25.3657,0.0,739.5058319295349,0.0,-0.030626193541760837
de_mirage,172579,7.656119843531885e+16,Vitalikas 60Hz,76561198184283300,ak47,-130.64349365234375,-2189.823486328125,-167.96875,18.98797035217285,-1961.2298583984373,-167.96875,False,152.5881,182136,945647.0,273.21167938100933,13.759625685766974,13.759625685766974
de_mirage,179882,7.656119843531885e+16,Vitalikas 60Hz,76561198274450700,ak47,-2173.823486328125,828.6951904296875,-123.519775390625,-2367.966064453125,99.25755310058594,-165.9793701171875,True,154.5660,123909,1563606.0,756.0247512996036,14.262505889739215,0.5028802039722411
de_mirage,181722,7.656119843531885e+16,Vitalikas 60Hz,76561198184283300,ak47,-2362.4697265625,135.55307006835938,-167.96875,-2323.481689453125,-341.3338623046875,-167.96875,True,-105.6325,4.1528,2929977.0,478.47801757846406,14.890505472432638,0.6279995826934233
de_mirage,200731,7.656119843531885e+16,,76561198184283300,awp,-1943.856689453125,-348.1500244140625,-167.96875,-1553.6273193359375,444.92132568359375,-168.5111083984375,True,88.1062,0.0704,2.1746,883.8786239073827,1.155181640156004,-13.735323832276634
de_ancient,4182,7.65611984411578e+16,Адольф Кiтлер,76561198055327500,usp_silencer,373.4112548828125,831.0677490234375,109.00563049316406,1109.0428466796875,895.610595703125,110.2614288330078,True,64.0863,18.2205,1.1407,738.4586616301499,0.7611328783510397,0.0
de_ancient,4602,7.65611984411578e+16,Адольф Кiтлер,76561198032470700,usp_silencer,656.4188842773438,708.8461303710938,116.7331314086914,700.6633911132812,-318.95513916015625,139.24386596679688,True,56.4560,1559282,0.5648,1028.9993970870682,0.4477580202984158,-0.3133748580526239
de_ancient,17186,7.65611984411578e+16,Адольф Кiтлер,76561198413150600,xm1014,544.7002563476562,156.72560119628906,156.03125,426.9026184082031,-413.03173828125,189.0190887451172,True,-48.7635,30.6062,48853.0,582.7417154260643,10.796591537434947,10.348833517136532
de_ancient,17892,7.65611984411578e+16,Адольф Кiтлер,76561199173174300,xm1014,195.18011474609372,-799.7897338867188,153.03125,703.5521240234375,-787.4400634765625,77.57720947265625,True,73.4721,-5.6037,0.4578,514.089414798462,0.3769284499659755,-10.419663087468972
de_ancient,21303,7.65611984411578e+16,Адольф Кiтлер,76561199129496500,xm1014,-1348.720947265625,94.04730224609376,106.03125,-1343.7274169921875,-20.7874755859375,106.03125,False,48.6018,796231,0.0,114.9432970830562,0.0,-0.3769284499659755
de_ancient,23660,7.65611984411578e+16,Адольф Кiтлер,76561198413150600,xm1014,-556.5054321289062,1354.855712890625,25.259483337402344,-1454.1724853515625,1445.9686279296875,102.01853942871094,True,-15.1151,-12.8701,0.9631,905.5383229993037,0.6745248564318507,0.6745248564318507
de_ancient,27844,7.65611984411578e+16,Адольф Кiтлер,76561198413150600,ak47,665.6659545898438,159.44549560546875,134.03125,710.9492797851562,700.9808959960938,123.0876922607422,False,-163.5246,-0.1129,0.2526,543.5355838148698,0.22522139110917544,-0.44930346532267523
de_ancient,32830,7.65611984411578e+16,Адольф Кiтлер,76561198055327500,m4a1_silencer,170.76748657226562,-788.606201171875,153.03125,-1204.3673095703125,-867.3325805664062,39.25057220458984,True,-146.2909,0.9675,0.9446,1382.0779981658939,0.6650563003934197,0.43983490928424424
de_ancient,37585,7.65611984411578e+16,Адольф Кiтлер,76561198032470700,ak47,-1255.1031494140625,698.8738403320312,56.03125,-1889.7264404296875,1125.6036376953125,107.859375,False,77.6802,-5.5550,0.859,766.5058355930666,0.620038708739307,-0.045017591654112676
de_ancient,40587,7.65611984411578e+16,Адольф Кiтлер,76561199129496500,awp,-903.5242919921876,-144.84918212890625,97.03124237060548,-235.38507080078125,-859.5496826171875,164.03125,True,-50.3280,13.0627,3654.0,980.6609125048259,8.203851372183879,7.583812663444571
de_ancient,45564,7.65611984411578e+16,Адольф Кiтлер,76561199129496500,awp,-1093.22509765625,1045.605224609375,68.03125,-2143.9677734375,497.8680725097656,74.06525421142578,True,175.3009,-2.7854,1895246.0,1184.952559263431,14.454859731012668,6.2510083588287895
de_ancient,61753,7.65611984411578e+16,Адольф Кiтлер,76561199173174300,glock,-590.8001708984375,-694.3684692382812,32.031253814697266,-506.51275634765625,678.6383666992188,138.03125,True,29.3287,867453,1216015.0,1379.6695760123307,14.011090499316422,-0.4437692316962458
de_ancient,62709,7.65611984411578e+16,Адольф Кiтлер,76561198055327500,glock,648.9833984375,788.1577758789062,114.37361907958984,683.0289306640625,73.49769592285156,133.52047729492188,True,-178.1801,529359,0.5742,715.726714833883,0.45374720672621277,-13.55734329259021
de_inferno,11804,7.656119844803342e+16,Clapped,76561198330759100,mp9,529.9063720703125,2066.063720703125,138.6444091796875,26.358131408691406,1379.12158203125,104.03123474121094,True,-7.8178,2834709,0.8055,852.4367451026567,0.5908375617353754,0.0
de_inferno,19216,7.656119844803342e+16,Clapped,76561198190202200,mp9,439.1247253417969,2628.2587890625,164.03125,909.4050903320312,2740.59228515625,134.40945434570312,True,-164.0149,2073849,2.1789,484.4170587600911,1.1565352250010612,0.5656976632656858
de_inferno,22715,7.656119844803342e+16,Clapped,76561199130088600,m4a1_silencer,2453.8173828125,1131.7645263671875,169.03125,1899.48095703125,70.65291595458984,127.0531234741211,True,-35.8443,-13.8754,0.118,1197.9185639295229,0.11154137473290741,-1.0449938502681537
de_inferno,23733,7.656119844803342e+16,Clapped,76561198180825500,m4a1_silencer,2130.933837890625,541.248046875,160.03125,2309.741943359375,-57.015625,114.15850830078124,True,-158.5344,595041,0.9242,626.0958936917607,0.6545102969450273,0.5429689222121199
de_inferno,27270,7.656119844803342e+16,Clapped,76561198185646600,m4a1_silencer,1513.1409912109375,1180.46875,177.11805725097656,1323.4864501953125,318.4393310546875,128.03125,False,-98.6795,1477528,0.0,884.0096598460534,0.0,-0.6545102969450273
de_inferno,40129,7.656119844803342e+16,Clapped,76561198190202200,m4a1_silencer,1541.0467529296875,-89.968017578125,142.03125,1258.9207763671875,365.965576171875,128.1833953857422,True,67.5645,2554933,0.9864,536.3415624753986,0.6863239552118198,0.6863239552118198
de_inferno,94065,7.656119844803342e+16,Clapped,76561198185646600,mac10,1265.9683837890625,-31.47796630859375,256.03125,1230.0556640625,188.75277709960935,193.1842803955078,True,56.9315,-1.3860,0.0,231.82114952858893,0.0,-0.6863239552118198
de_inferno,103952,7.656119844803342e+16,Clapped,76561198190202200,ak47,141.34744262695312,973.676513671875,81.94550323486328,120.71778869628906,758.3673706054688,80.03125,True,53.1536,2570395,2143550.0,216.30366172290368,14.577974357599265,14.577974357599265
de_inferno,104104,7.656119844803342e+16,Clapped,76561199130088600,ak47,61.23874282836914,710.2073974609375,80.03125,740.295166015625,622.0305786132812,95.97225189208984,True,-177.5294,-0.0858,0.746,684.9429850690387,0.5573274574174104,-14.020646900181855
de_inferno,105663,7.656119844803342e+16,Clapped,76561198180825500,inferno,722.3274536132812,2548.42724609375,136.03146362304688,662.0166015625,3411.556396484375,162.03125,True,-11.3015,2574231,0.1441,865.624236040547,0.13461830172476114,-0.4227091556926493
de_inferno,106276,7.656119844803342e+16,Clapped,76561198330759100,ak47,775.1063232421875,2901.91796875,141.64578247070312,779.69482421875,2123.089599609375,136.03131103515625,True,-114.3739,2571369,608496.0,778.8621220787144,13.318747261241445,13.184128959516684
de_inferno,112988,7.656119844803342e+16,Clapped,76561198185646600,ak47,261.14764404296875,575.9328002929688,87.47571563720703,913.7742309570312,523.5172119140625,96.03125,True,-46.8378,2578674,0.7472,654.7839743155282,0.5580145065684489,-12.760732754672995
de_inferno,119794,7.656119844803342e+16,Clapped,76561199130088600,hegrenade,1883.7213134765625,462.9630737304688,159.97128295898438,2408.739990234375,939.4066772460938,163.94229125976562,True,84.3822,2257322,0.0659,708.9844054578375,0.06381951271295404,-0.4941949938554948
de_inferno,126564,7.656119844803342e+16,Clapped,76561198180825500,ak47,1851.1162109375,447.1404724121094,159.8765106201172,2180.757568359375,532.6326904296875,160.03125,True,-8.2761,0.2420,0.0494,340.5471594489919,0.04821857227047433,-0.015600940442479706
de_inferno,126837,7.656119844803342e+16,Clapped,76561199130088600,ak47,1819.0313720703125,273.6860656738281,161.03121948242188,1899.14599609375,330.0435791015625,161.03125,False,109.9879,-0.3739,0.0,97.9516324630424,0.0,-0.04821857227047433
de_inferno,126875,7.656119844803342e+16,Clapped,76561198190202200,ak47,1819.0313720703125,273.6860656738281,161.03121948242188,2355.65185546875,420.564208984375,141.4583740234375,True,-109.1557,0.8140,0.0,556.7026391750694,0.0,0.0
de_inferno,130719,7.656119844803342e+16,Clapped,76561198190202200,ak47,290.49908447265625,655.9907836914062,18.76353073120117,804.4926147460938,647.2132568359375,96.03125,True,-129.5999,19.7342,0.2531,519.842951843777,0.22562048118910227,0.22562048118910227
de_inferno,130882,7.656119844803342e+16,Clapped,76561199130088600,ak47,302.9818725585937,676.8727416992188,25.806907653808597,949.7532958984376,345.1983337402344,94.99122619628906,True,14.6503,1014189,0.7151,730.1422168839285,0.5394713879558982,0.31385090676679595
de_inferno,136434,7.656119844803342e+16,Clapped,76561199130088600,mac10,257.3364562988281,1852.526123046875,128.9581756591797,390.9026794433594,1916.206298828125,136.03123474121094,True,153.1662,2113051,0.5589,148.138883880646,0.44398044433649814,-0.09549094361940008
de_inferno,13620,7.656119879959456e+16,The little Bob,76561199130088600,mp9,876.5991821289062,503.3755493164063,96.03124237060548,951.9584350585938,317.6265563964844,102.96443939208984,False,118.7488,649889,1.1036,200.5736139022891,0.7436501627330521,0.0
de_inferno,14937,7.656119879959456e+16,The little Bob,76561198190202200,mp9,286.7883605957031,1855.1383056640625,129.547119140625,520.171142578125,1919.7095947265625,136.03125,True,17.4645,-0.1088,0.5116,242.23752444666596,0.4131686924931969,-0.3304814702398552
de_inferno,20443,7.656119879959456e+16,The little Bob,76561198330759100,m4a1,1438.0650634765625,445.6339721679688,124.34835052490234,400.3707275390625,505.6944885253906,93.9162826538086,True,147.6803,-4.0584,0.6633,1039.8763922778514,0.5088035808143522,0.0956348883211553
de_inferno,45935,7.656119879959456e+16,The little Bob,76561198330759100,m4a1,769.7584228515625,2058.232666015625,136.0312957763672,715.732421875,2939.29296875,136.7490692138672,True,-124.0133,0.7151,0.0,882.7154587037749,0.0,-0.5088035808143522
de_inferno,46531,7.656119879959456e+16,The little Bob,76561198185646600,m4a1,666.9986572265625,2911.41845703125,140.9053955078125,13.177119255065918,2749.22705078125,161.03125,True,99.0915,-3.2574,0.2092,673.9389481220138,0.18995898392316593,0.18995898392316593
de_inferno,50660,7.656119879959456e+16,The little Bob,76561198190202200,m4a1,1354.0321044921875,-61.23077392578125,283.9013671875,1395.1512451171875,880.5545043945312,150.113037109375,False,66.3835,-0.5181,0.0,952.1289888726739,0.0,-0.18995898392316593
de_inferno,53149,7.656119879959456e+16,The little Bob,76561198185646600,awp,2187.3603515625,1009.0316162109376,171.1676483154297,1918.8388671875,1046.430419921875,164.4191131591797,False,-174.6994,-7.8003,2213006.0,271.19734662551133,14.609862782155162,14.609862782155162
de_inferno,71905,7.656119879959456e+16,The little Bob,76561198448033400,mp9,221.75384521484372,1640.629150390625,112.60819244384766,337.87188720703125,1820.2584228515625,126.37097930908205,False,-19.5993,1398940,1150151.0,214.33499365069395,13.955404665518275,-0.6544581166368868
de_inferno,78306,7.656119879959456e+16,The little Bob,76561198180825500,m4a1,1396.3399658203125,-88.68255615234375,132.03125,1379.0233154296875,149.651611328125,132.03125,False,-59.7182,6.1674,0.807,238.96242752650312,0.5916680116100915,-13.363736653908184
de_inferno,83885,7.656119879959456e+16,The little Bob,76561198185646600,glock,237.92758178710935,-74.98968505859375,65.53125,1032.6044921875,-132.55072021484375,256.03125,True,138.7721,-1.3640,0.0491,819.2160366422092,0.04793265375530279,-0.5437353578547888
de_inferno,85285,7.656119879959456e+16,The little Bob,76561199130088600,glock,1449.7044677734375,678.0001831054688,125.4828643798828,1129.4588623046875,490.7394714355469,108.6280517578125,True,-117.5293,13.2990,1.0766,371.35953827213996,0.7307319408872165,0.6827992871319137
de_inferno,85295,7.656119879959456e+16,The little Bob,76561198190202200,glock,1449.89697265625,677.6279907226562,125.4495849609375,1034.67333984375,451.7562255859375,101.32770538330078,True,-94.7159,19.1069,2552683.0,473.2975645472358,14.752655912612884,14.021923971725668
de_inferno,85512,7.656119879959456e+16,The little Bob,76561198180825500,glock,1375.370361328125,1175.0181884765625,181.03125,2369.59765625,1003.0562744140624,162.306884765625,True,54.9691,595347,2809113.0,1009.1627300436426,14.848379689100543,0.0957237764876595
de_inferno,88409,7.656119879959456e+16,The little Bob,76561198185646600,ak47,797.443115234375,250.2235107421875,91.96576690673828,702.1231079101562,671.17919921875,102.6058349609375,False,-92.4706,-0.3152,1387194.0,431.7439131073695,14.14279428061899,-0.7055854084815536
de_inferno,94818,7.656119879959456e+16,The little Bob,76561198180825500,galilar,2111.775146484375,-223.01025390625,250.7572326660156,2218.115478515625,1037.49169921875,163.7331085205078,True,-122.5137,820671,0.0,1267.9694942039216,0.0,-14.14279428061899
de_inferno,102906,7.656119879959456e+16,The little Bob,76561198185646600,ak47,714.2228393554688,-72.7236328125,77.55310821533203,718.6866455078125,680.6187133789062,100.17032623291016,True,96.6512,2771583,2803269.0,753.6950010988483,14.846297150873616,14.846297150873616
de_inferno,124295,7.656119879959456e+16,The little Bob,76561198330759100,ak47,1217.79931640625,-321.9114990234375,260.03125,1493.5308837890625,-313.6004638671875,256.03125,True,29.2072,580585,0.0,275.8857925967753,0.0,-14.846297150873616
de_inferno,129661,7.656119879959456e+16,The little Bob,76561198185646600,ak47,643.7738647460938,-50.671142578125,73.91315460205078,952.8267822265624,256.09307861328125,134.1307373046875,True,-37.4576,18.0619,166338.0,439.59543954971633,12.021783153621513,12.021783153621513
de_mirage,7946,7.656119881350256e+16,K Λ N E L O,76561199052453700,deagle,106.99655151367188,-1475.6956787109375,-175.96875,-119.10211181640624,-2124.623046875,-167.96875,True,2271901,1262980,0.6627,687.2345558191794,0.5084427870641967,0.0
de_mirage,11347,7.656119881350256e+16,K Λ N E L O,76561199052453700,deagle,-242.72125244140625,-1815.9959716796875,-167.96875,151.96875,-1914.03173828125,-39.96875,True,-51.0789,-2.8492,0.0,426.35104029467703,0.0,-0.5084427870641967
de_mirage,28618,7.656119881350256e+16,K Λ N E L O,76561199256476900,awp,669.4761962890625,-1522.020751953125,-263.958740234375,-682.1408081054688,-1700.1002197265625,-175.57861328125,True,31.9149,777847,0.2879,1366.1595332358397,0.25301298491648755,0.25301298491648755
de_mirage,29273,7.656119881350256e+16,K Λ N E L O,76561198879764200,awp,684.2667236328125,-1629.144287109375,-261.773193359375,-670.5399169921875,-798.43310546875,-263.96875,True,-172.1884,-3.7247,0.4209,1589.209527171708,0.35129047366189253,0.09827748874540498
de_mirage,35319,7.656119881350256e+16,K Λ N E L O,76561199052453700,awp,743.9710083007812,-1509.6968994140625,-263.9443359375,-756.35107421875,-1763.78955078125,-143.328125,True,2928485,2830510,0.1705,1526.459202571582,0.15743100794882842,-0.19385946571306412
de_mirage,43163,7.656119881350256e+16,K Λ N E L O,76561199493356500,deagle,110.81566619873048,-1662.1712646484375,-167.96875,302.2203369140625,-1526.09521484375,-175.96875,True,82.9437,-5.7675,0.0727,234.98178504320813,0.07017883462124651,-0.08725217332758191
de_mirage,43248,7.656119881350256e+16,K Λ N E L O,76561198879764200,deagle,78.81938934326172,-1576.853759765625,-173.48321533203125,403.2779541015625,-1618.874755859375,-213.60400390625,True,-48.5465,-0.8319,0.6355,329.6191772842481,0.49194856799630154,0.421769733375055
de_dust2,2531,7.65611988287624e+16,єgσcєntríc乡,76561198207845500,usp_silencer,-421.43170166015625,1002.8048706054688,-53.29693603515625,-419.3050537109375,-297.3724975585937,0.6343927383422852,True,-75.0112,0.1318,0.9594,1301.2971603522399,0.6726383039284048,0.0
de_dust2,2627,7.65611988287624e+16,єgσcєntríc乡,76561198145404500,usp_silencer,-496.8411865234375,1073.5618896484375,-63.091064453125,-127.41827392578124,442.9445495605469,-0.92291259765625,True,108.4467,1159068,2274732.0,733.4960102664407,14.637373240842292,13.964734936913887
de_dust2,2699,7.65611988287624e+16,єgσcєntríc乡,76561198087731000,usp_silencer,-498.2762451171875,1044.2572021484375,-59.05023193359375,-75.3218994140625,360.7021789550781,-0.7803955078125,True,-104.2486,573464,0.2885,805.9362394874175,0.2534787511102827,-14.38389448973201
de_dust2,12593,7.65611988287624e+16,єgσcєntríc乡,76561198145404500,m4a1_silencer,-465.4395751953125,1957.0330810546875,-124.2830810546875,-229.133544921875,353.6235046386719,-1.27362060546875,True,33.3933,1073389,0.8524,1625.3904567968232,0.6164820956244599,0.3630033445141772
de_dust2,17535,7.65611988287624e+16,єgσcєntríc乡,76561198087731000,m4a1_silencer,-413.9908447265625,1195.04541015625,-106.121337890625,-237.5673828125,314.5787048339844,-0.3104248046875,True,145.4294,0.7986,0.0811,904.1807376973189,0.07797904131658866,-0.5385030543078713
de_dust2,22694,7.65611988287624e+16,єgσcєntríc乡,76561198087731000,m4a1_silencer,-521.9445190429688,946.9818115234376,-34.19720458984375,-5.85052490234375,340.2027587890625,-1.020263671875,True,-17.6705,13.4751,0.2804,797.2669183115047,0.24717252911357093,0.1691934877969823
de_dust2,23532,7.65611988287624e+16,єgσcєntríc乡,76561199080512600,usp_silencer,-332.2426147460937,527.2355346679688,-3.5267333984375,248.113525390625,341.6922912597656,-0.71044921875,True,-89.1953,-2.9910,0.0329,609.3008091455379,0.032370380030450716,-0.21480214908312023
de_dust2,32465,7.65611988287624e+16,єgσcєntríc乡,76561199080512600,m4a1_silencer,-571.2928466796875,1514.3944091796875,-110.71875,-149.77972412109375,904.015869140625,1.4212393760681152,True,171.3630,1698531,0.3586,750.2070726449986,0.3064547577750645,0.27408437774461375
de_dust2,32990,7.65611988287624e+16,єgσcєntríc乡,76561198145404500,m4a1_silencer,-253.1455078125,647.1871948242188,1.964687824249268,167.72146606445312,186.0363922119141,8.031251907348633,True,50.7812,0.0082,0.0439,624.3603732221409,0.04296369943211567,-0.26349105834294884
de_dust2,35972,7.65611988287624e+16,єgσcєntríc乡,76561198145404500,m4a1_silencer,-1172.783203125,1519.9674072265625,-75.96875,-1125.796875,1178.646240234375,-50.4295654296875,False,-153.5466,-1.2377,0.1651,345.4853166432626,0.1528069202437584,0.10984322081164272
de_dust2,46289,7.65611988287624e+16,єgσcєntríc乡,76561198207845500,ak47,-2003.0758056640625,1357.3101806640625,29.990636825561523,-1933.0333251953125,2462.03564453125,21.882966995239254,True,101.4601,1.0276,0.3202,1106.9733663900254,0.27778324027253337,0.12497632002877498
de_dust2,49905,7.65611988287624e+16,єgσcєntríc乡,76561198207845500,m4a1_silencer,-1124.3690185546875,1519.968505859375,-75.96875,-1102.3193359375,1138.8740234375,-41.64471435546875,False,-55.0185,-8.4169,1405149.0,383.27187799112335,14.155654616617209,13.877871376344675
de_dust2,54733,7.65611988287624e+16,єgσcєntríc乡,76561198145404500,m4a1_silencer,-1491.084716796875,1259.9429931640625,38.52801132202149,-1642.4744873046875,1024.3619384765625,31.13409423828125,True,100.6499,1026514,0.1196,280.12848115092515,0.11297147865916139,-14.042683137958047
de_dust2,63734,7.65611988287624e+16,єgσcєntríc乡,76561198079073200,deagle,280.6786193847656,2190.093505859375,98.6878433227539,1501.5126953125,2833.828369140625,118.2140121459961,True,-34.5400,-20.1064,1135996.0,1380.2940579524961,13.943021237414676,13.830049758755514
de_dust2,64675,7.65611988287624e+16,єgσcєntríc乡,76561198087731000,deagle,324.13885498046875,2308.9814453125,97.23912811279295,358.1175231933594,1685.53564453125,52.71567535400391,True,174.7272,28.9675,2539259.0,625.9565114693352,14.747383257964712,0.8043620205500357
de_dust2,71330,7.65611988287624e+16,єgσcєntríc乡,76561198087731000,m4a1_silencer,-139.96295166015625,1290.9483642578125,0.1108717918395996,359.3022766113281,1589.3963623046875,3.325705051422119,True,-77.9559,-10.6269,2.1196,581.6762938714727,1.137704788474206,-13.609678469490506
de_dust2,103131,7.65611988287624e+16,єgσcєntríc乡,76561198079073200,ak47,-381.53619384765625,2034.5828857421875,-127.5814208984375,-771.4017333984375,2177.96435546875,-112.88421630859376,True,90.1651,341170,0.1625,415.6553772212344,0.15057285847937432,-0.9871319299948317
de_mirage,6080,7.656119884378062e+16,Vassago,76561199069072200,deagle,373.2843017578125,-321.79345703125,-166.9595947265625,-1061.8232421875,-558.9318237304688,-197.625,True,179.5623,2001866,0.7443,1454.8912793504896,0.556353329041952,0.0
de_mirage,8548,7.656119884378062e+16,Vassago,76561199112107300,m4a1_silencer,265.8296203613281,-312.7325439453125,-166.78082275390625,202.8374481201172,651.9598388671875,-248.51324462890625,True,175.0023,2585554,0.0,970.1956483131011,0.0,-0.556353329041952
de_mirage,11415,7.656119884378062e+16,Vassago,76561199025126500,m4a1_silencer,-642.2000122070312,-438.68310546875,-167.9180908203125,-729.2462158203125,-1659.4720458984375,-171.51580810546875,True,104.1346,-2.4750,0.0,1223.8936319013135,0.0,0.0
de_mirage,11821,7.656119884378062e+16,Vassago,76561199112107300,m4a1_silencer,-902.5986328125,165.41134643554688,-172.8360595703125,-2554.893798828125,324.0240478515625,-167.96875,True,1530338,-0.5545,0.0614,1659.8978870374951,0.05958879141165754,0.05958879141165754
de_mirage,28634,7.656119884378062e+16,Vassago,76561198970902000,ak47,2.49453353881836,-1572.3359375,-169.81805419921875,-634.3417358398438,-2238.1376953125,-179.96875,True,-61.1654,-0.9029,0.1907,921.387785532013,0.17454136947499233,0.11495257806333478
de_mirage,40044,7.656119884378062e+16,Vassago,76561198262660000,ak47,-395.349853515625,-1962.39599609375,-177.88397216796875,-788.3739624023438,-1035.388671875,-167.96875,True,178.2394,-14.7673,0.9937,1006.9304052177818,0.6899922088666441,0.5154508393916518
de_inferno,28500,7.656119884456931e+16,Бунтарь шма,76561198103716700,m4a1_silencer,688.02880859375,3570.359375,141.03125,448.8077697753906,3231.8974609375,160.50772094726562,True,-37.3813,2755146,1829502.0,414.92469871621984,14.419554903232347,0.0
de_inferno,28629,7.656119884456931e+16,Бунтарь шма,76561198097081700,m4a1_silencer,689.789306640625,3568.30810546875,141.03125,93.66412353515624,2514.603515625,161.03125,True,-93.1936,2245329,0.1267,1210.8090669425605,0.11929300618798318,-14.300261897044365
de_inferno,40375,7.656119884456931e+16,Бунтарь шма,76561198091216600,m4a1,701.7213134765625,666.61767578125,101.17144775390624,949.1726684570312,-104.4564208984375,256.53179931640625,True,50.5536,-1.4893,1.0803,824.5752085102303,0.7325121140822,0.6132191078942167
de_inferno,42917,7.656119884456931e+16,Бунтарь шма,76561198097081700,m4a1,-581.8300170898438,154.28346252441406,192.5024871826172,-486.0667114257813,117.73193359375,192.03125,True,105.4155,-0.1147,1.1463,102.50291236525969,0.7637454294054821,0.031233315323282107
de_inferno,46176,7.656119884456931e+16,Бунтарь шма,76561198091216600,m4a1,128.41893005371094,909.422607421875,80.05200958251953,-189.2476806640625,913.9298095703124,33.79996871948242,True,107.5067,18.4653,0.6978,321.0477249882334,0.5293332953217303,-0.23441213408375172
de_inferno,59595,7.656119884456931e+16,Бунтарь шма,76561198103716700,awp,-4.39984130859375,780.5948486328125,80.40155029296875,421.2370300292969,2115.5927734375,140.1398162841797,True,-133.0228,6.0497,172396.0,1402.4816811276955,12.057555235668213,11.528221940346482
de_inferno,59750,7.656119884456931e+16,Бунтарь шма,76561198097081700,awp,-1.0657958984375,780.2071533203125,80.42092895507812,307.8059387207031,1909.291015625,137.03125,True,64.9790,2079874,776842.0,1171.9372188868806,13.562993549731015,1.5054383140628023
de_inferno,62054,7.656119884456931e+16,Бунтарь шма,76561199130088600,awp,1302.903564453125,451.3021545410156,124.3914566040039,-92.431884765625,818.539306640625,64.024169921875,True,-91.7417,4.1381,1015773.0,1444.1150754112655,13.831161441432027,0.26816789170101174
de_inferno,62397,7.656119884456931e+16,Бунтарь шма,76561198190202200,awp,1452.9718017578125,462.2859191894531,120.25138854980467,161.22000122070312,657.7094116210938,81.05821990966797,True,-1.8392,0.2482,1072020.0,1307.0383162146004,13.88505620997325,0.053894768541223215
de_inferno,67126,7.656119884456931e+16,Бунтарь шма,76561198097081700,awp,1451.0440673828125,608.6717529296875,119.3471221923828,179.5269775390625,441.3241271972656,82.03125,True,74.2604,-2.5794,0.5579,1283.0251018278934,0.4433387605362459,-13.441717449437004
de_inferno,93789,7.656119884456931e+16,Бунтарь шма,76561198091216600,ak47,1672.0628662109375,-364.1688232421875,256.03125,1847.5194091796875,-282.2152099609375,261.03125,True,-22.4382,888149,0.5323,193.7173022742096,0.4267698746019935,-0.016568885934252375
de_dust2,24989,7.65611988467329e+16,mocny gaz,76561198274201900,m4a1_silencer,1169.1695556640625,779.9652709960938,9.031248092651367,667.0261840820312,881.9237060546875,-0.3526611328125,False,86.1651,0.3849,0.1602,512.4758978290776,0.14859240404982693,0.0
de_dust2,27937,7.65611988467329e+16,mocny gaz,76561198167700500,ak47,1115.7469482421875,2638.55322265625,96.53125,295.8656616210937,1866.96923828125,97.67696380615234,True,172.6151,3.0494,0.1538,1125.8545562174477,0.14306084284065199,-0.0055315612091749455
de_dust2,39625,7.65611988467329e+16,mocny gaz,76561198274201900,p250,1433.6768798828125,801.8028564453125,-13.7938232421875,681.9962768554688,827.4010009765625,0.0312128067016601,True,-76.5871,-2.4355,0.5703,752.2433951805406,0.45126668390877106,0.3082058410681191
de_dust2,41067,7.65611988467329e+16,mocny gaz,76561199486891200,ak47,1418.5267333984375,2013.0999755859373,-9.0985107421875,122.23249053955078,2201.6181640625,-124.64093017578124,True,62.6025,0.3025,0.0388,1315.016320105628,0.038066200806456334,-0.4132004831023147
de_dust2,57304,7.65611988467329e+16,mocny gaz,76561198167700500,m4a1_silencer,1347.827392578125,1219.5418701171875,-7.8446044921875,561.26025390625,638.5487670898438,1.306046962738037,True,-88.8588,4.0619,479200.0,977.9184954922633,13.079875412592552,13.041809211786095
de_dust2,58366,7.65611988467329e+16,mocny gaz,76561199039770200,m4a1_silencer,1523.867431640625,1954.417724609375,-10.125,1231.17041015625,1041.2012939453125,0.0187549591064453,True,94.9212,14.4717,0.552,959.0300784570344,0.43954442176102704,-12.640330990831524
de_dust2,58941,7.65611988467329e+16,mocny gaz,76561198203876300,m4a1_silencer,1379.419677734375,2622.4765625,82.49578857421875,457.3789978027344,2581.45556640625,95.2698211669922,True,-8.1975,2534845,1.0725,923.0411223114639,0.728755608027313,0.28921118626628595
de_dust2,62591,7.65611988467329e+16,mocny gaz,76561199486891200,m4a1_silencer,-1349.3206787109375,2190.978515625,2.067836284637451,-1692.908203125,2527.12646484375,8.840394973754883,False,174.3458,15.4842,0.3068,480.7220592485359,0.2675814007447781,-0.4611742072825349
de_dust2,67885,7.65611988467329e+16,mocny gaz,76561198203876300,m4a1_silencer,1418.7286376953125,1444.289794921875,-8.1146240234375,1269.0760498046875,2269.01513671875,12.29502296447754,False,-89.8208,602346,1.0161,838.4416140403009,0.7011649521535286,0.4335835514087505
de_dust2,79129,7.65611988467329e+16,mocny gaz,76561199486891200,p250,999.3890991210938,799.0142822265625,7.427944183349609,1416.92236328125,1325.1202392578125,-11.668701171875,True,90.7522,6.0500,0.3421,671.9272182073186,0.29423555142162316,-0.4069294007319054
de_dust2,88327,7.65611988467329e+16,mocny gaz,76561198167700500,ak47,543.0552978515625,693.4310913085938,1.3759517669677734,1320.0631103515625,1223.6881103515625,1.0312519073486328,False,-142.2599,-0.1421,0.7141,940.698552007158,0.5388881615308743,0.2446526101092511
de_dust2,88391,7.65611988467329e+16,mocny gaz,76561199486891200,ak47,540.1233520507812,693.815673828125,1.3914055824279783,1443.571044921875,1181.77392578125,-10.4862060546875,True,-34.7508,960315,0.1083,1026.8700341627725,0.1028273097994703,-0.43606085173140396
de_dust2,92584,7.65611988467329e+16,mocny gaz,76561199486891200,ak47,1328.624267578125,999.2020874023438,-7.79339599609375,1243.7532958984375,2269.910888671875,12.338826179504396,True,-5.2099,1030836,0.1404,1273.6990405223014,0.13137907805637986,0.028551768256909554
de_dust2,93059,7.65611988467329e+16,mocny gaz,76561198167700500,ak47,1374.8695068359375,2089.146728515625,-6.71624755859375,144.28370666503906,2305.089111328125,-118.96875,True,-127.8877,63645,1473480.0,1254.4214397806459,14.2031381866078,14.07175910855142
de_dust2,97555,7.65611988467329e+16,mocny gaz,76561198203876300,ak47,371.6243896484375,1500.766845703125,1.6545085906982422,539.02587890625,2303.82861328125,127.03125,True,-164.3424,0.8714,1303704.0,829.8498589732066,14.080720768881683,-0.12241741772611725
de_dust2,97992,7.65611988467329e+16,mocny gaz,76561199486891200,ak47,367.4288635253906,2165.7333984375,96.27747344970705,1517.8096923828125,2075.490478515625,-10.27685546875,True,-24.2867,49.5003,1444567.0,1158.8242580348315,14.183320872892924,0.1026001040112412
de_dust2,103252,7.65611988467329e+16,mocny gaz,76561198203876300,ak47,-2070.048583984375,1149.903076171875,36.365028381347656,-2022.5911865234373,1374.3419189453125,32.74403762817383,False,-107.4181,5.1183,524521.0,229.42996816736863,13.170242650648081,-1.0130782222448431
de_dust2,107912,7.65611988467329e+16,mocny gaz,76561198203876300,ak47,-151.9769287109375,362.3403625488281,-0.89642333984375,-589.0855102539062,2295.978271484375,-116.18792724609376,True,90.0628,352493,0.1015,1985.7773303681622,0.09667288726026076,-13.07356976338782
de_dust2,108611,7.65611988467329e+16,mocny gaz,76561198274201900,ak47,-400.7615966796875,1548.8292236328125,-126.2745361328125,-599.6492919921875,2114.689453125,-118.21063232421876,True,32.4756,5.0324,0.1531,599.8492654094887,0.1424539677949335,0.04578108053467274
de_dust2,114461,7.65611988467329e+16,mocny gaz,76561199486891200,ak47,301.1517944335937,1738.6466064453125,80.43460845947266,844.5698852539062,2676.975341796875,95.86038970947266,True,-170.0412,-1.6431,2160105.0,1084.4362552701882,14.585667852530328,14.443213884735394
de_dust2,117595,7.65611988467329e+16,mocny gaz,76561199039770200,ak47,592.6880493164062,697.5794067382812,1.108109951019287,1434.353271484375,1277.04150390625,-11.367431640625,True,89.3570,0.2541,0.5529,1021.9257837041599,0.44012415059300636,-14.145543701937322
de_dust2,125647,7.65611988467329e+16,,76561198167700500,ak47,1274.8271484375,3023.130615234375,128.28616333007812,1257.5806884765625,1192.192626953125,0.0330114364624023,True,102.2635,862034,0.3519,1835.5054421829486,0.30151101038822264,-0.1386131402047837
de_ancient,11945,7.656119886278557e+16,Kloyn c softom №1,76561198317804200,revolver,560.119873046875,148.00152587890625,156.03125,437.6171569824219,-304.111083984375,187.0904998779297,False,-134.6052,2.1011,197233.0,469.4437180786801,12.192146120082226,0.0
de_ancient,11945,7.656119886278557e+16,Kloyn c softom №1,76561198088502600,revolver,560.119873046875,148.00152587890625,156.03125,413.3415222167969,-445.2459716796875,182.03125,True,-147.5759,2751890,0.6383,611.6882193012476,0.49365911884408065,-11.698487001238146
de_ancient,12288,7.656119886278557e+16,Kloyn c softom №1,76561198122719700,revolver,857.0007934570312,344.0782165527344,126.44477081298828,1208.168212890625,-386.19915771484375,69.24293518066406,True,-151.9632,-1.2981,0.4005,812.3396148400651,0.33682931571802616,-0.1568298031260545
de_ancient,24069,7.656119886278557e+16,Kloyn c softom №1,76561198122719700,awp,549.1219482421875,184.43235778808597,156.03125,438.4153137207031,-292.302001953125,181.1859436035156,False,-125.9140,2172920,2896740.0,490.06567651205955,14.879096869924302,14.542267554206276
de_ancient,2836,7.656119886838728e+16,masturbate,76561198088502600,usp_silencer,521.1670532226562,145.90159606933594,152.65475463867188,425.3235778808594,-228.729736328125,162.03125,False,158.3683,-7.8192,0.2293,386.8107103542397,0.20644490169115828,0.0
de_ancient,5302,7.656119886838728e+16,masturbate,76561198164913400,famas,-315.58306884765625,-357.2830810546875,62.42272186279297,-1143.9908447265625,-891.3517456054688,35.01153564453125,False,-140.4293,1908119,602287.0,986.0223905782177,13.308491015207235,13.102046113516076
de_ancient,23650,7.656119886838728e+16,masturbate,76561199687871600,ak47,-490.1583862304688,-125.863037109375,56.230918884277344,-625.5885620117188,-666.4713745117188,32.031333923339844,True,-99.8389,6.0167,0.3709,557.8389793599478,0.3154674584597176,-12.993023556747517
de_ancient,23986,7.656119886838728e+16,masturbate,76561198164913400,ak47,-933.9683837890624,-661.07861328125,47.24768829345703,-1108.0589599609375,-837.8450317382812,34.46501541137695,False,46.1951,6.1091,0.206,248.42965228006096,0.1873090983049937,-0.12815836015472387
de_ancient,27591,7.656119886838728e+16,masturbate,76561198164913400,ak47,751.6387939453125,-80.279296875,134.03125,1307.0428466796875,402.2933044433594,126.27937316894533,True,-136.1340,1288668,916396.0,735.8057277103383,13.728204955876503,13.54089585757151
de_ancient,32670,7.656119886838728e+16,masturbate,76561199687871600,ak47,-540.6512451171875,-363.9977416992188,57.56077194213867,-692.1104125976562,-574.5872192382812,42.82445526123047,False,-6.7525,-3.7178,2295552.0,259.8171789804746,14.646484331056584,0.9182793751800808
de_ancient,36246,7.656119886838728e+16,masturbate,76561199687871600,m4a1,-397.2485961914063,-493.8972778320313,38.54964065551758,-895.890625,-787.0470581054688,36.200382232666016,True,67.4063,1914603,852478.0,578.4342534669366,13.655903854405317,-0.9905804766512674
de_ancient,44171,7.656119886838728e+16,masturbate,76561199687871600,ak47,-1187.0421142578125,-955.7041625976562,36.07597351074219,-401.61517333984375,-372.7794189453125,60.16427612304688,True,-151.2151,1859542,0.6763,978.4053263370203,0.5165889836550952,-13.139314870750221
de_ancient,44289,7.656119886838728e+16,masturbate,76561198317804200,ak47,-1187.0421142578125,-955.7041625976562,36.07597351074219,-346.30828857421875,-314.74267578125,62.48237228393555,True,141.4802,13.5221,0.0687,1057.526496654641,0.06644295654871397,-0.45014602710638124
de_mirage,2317,7.656119887976427e+16,blacks smell,76561198408857200,deagle,-127.69451904296876,-1967.7022705078125,-167.96875,174.61253356933594,-1476.4805908203125,-175.96875,True,161.5605,-0.3873,0.2572,576.8468537264874,0.22888702594127547,0.0
de_mirage,2377,7.656119887976427e+16,blacks smell,76561199825655200,deagle,-102.57501220703124,-1908.258056640625,-167.96875,194.88796997070312,-1567.601318359375,-174.408447265625,True,2911715,13.5300,0.4197,452.29714657884375,0.35044558168739126,0.12155855574611579
de_mirage,5431,7.656119887976427e+16,blacks smell,76561198408857200,deagle,138.5321807861328,-1616.6956787109375,-169.4990234375,735.383056640625,-1481.26123046875,-263.928466796875,True,-52.4487,-3.4961,0.4704,619.2659990279634,0.3855344726192856,0.03508889093189432
de_mirage,8191,7.656119887976427e+16,blacks smell,76561199839969400,awp,-803.6549682617188,-1161.499755859375,-120.17535400390624,113.88008880615234,-2375.968017578125,-39.96875,True,-169.6128,-9.9001,4840.0,1524.2167952743937,8.484876589939695,8.09934211732041
de_mirage,11487,7.656119887976427e+16,blacks smell,76561198813502500,awp,-731.7822265625,-788.8063354492188,-263.96875,-527.02734375,-1689.1939697265625,-174.48797607421875,True,-18.6709,-7.7141,1.0888,927.7010633266888,0.7365897384027821,-7.748286851536913
de_mirage,12562,7.656119887976427e+16,blacks smell,76561199825655200,deagle,-940.3978881835938,-581.9938354492188,-264.526123046875,-990.4693603515624,-163.67669677734375,-367.96875,True,-34.7899,-1.5995,0.3164,433.8165025706788,0.27490073808704785,-0.46168900031573423
de_mirage,15862,7.656119887976427e+16,blacks smell,76561198813502500,awp,-693.96435546875,-869.0660400390625,-249.4320068359375,259.6086730957031,-411.777099609375,-165.388427734375,True,39.0492,-0.6660,0.4862,1060.8854881810244,0.3962225267412319,0.12132178865418403
de_mirage,18319,7.656119887976427e+16,blacks smell,76561198813502500,awp,-874.4971923828125,-656.4443969726562,-261.94677734375,709.1895141601562,-1664.864013671875,-253.20050048828125,True,78.8743,-1.2737,0.2551,1877.5117057380885,0.22721525068426346,-0.16900727605696841
de_mirage,21750,7.656119887976427e+16,blacks smell,76561199839969400,awp,-882.1213989257812,-788.9307861328125,-221.96875,-699.5255126953125,548.4812622070312,-82.3228759765625,True,174.5446,-12.4503,0.2755,1357.0236603849753,0.24333825859972905,0.016123007915465587
de_mirage,21855,7.656119887976427e+16,blacks smell,76561198813502500,awp,-882.1213989257812,-788.9307861328125,-221.96875,-732.5756225585938,594.9658813476562,-81.0528564453125,True,-29.7582,0.8792,1.1769,1399.0679806746805,0.7779018464247536,0.5345635878250246
de_mirage,25756,7.656119887976427e+16,blacks smell,76561198408857200,awp,-719.2195434570312,-902.6585693359376,-232.6357421875,179.8504638671875,-220.96490478515625,-151.96875,True,-47.0984,-0.2266,0.0141,1131.1676683795476,0.014001519635813609,-0.7639003267889399
de_mirage,28925,7.656119887976427e+16,blacks smell,76561198408857200,awp,-694.0722045898438,-896.029296875,-235.950439453125,231.86279296875,-184.65283203125,-167.5655517578125,True,-37.4651,-6.1146,0.1401,1169.653191036781,0.13111597785753706,0.11711445822172345
de_mirage,29138,7.656119887976427e+16,blacks smell,76561199839969400,awp,-625.705078125,-823.2626953125,-263.96875,-337.25439453125,-847.7365112304688,-167.96875,True,121.2846,8.1872,0.1421,304.9897777488424,0.1328686730744243,0.001752695216887229
de_mirage,31956,7.656119887976427e+16,blacks smell,76561199825655200,deagle,-633.3795776367188,-811.3750610351562,-263.96875,180.84864807128903,-726.7144775390625,-161.9791259765625,True,-11.6864,-14.3420,2125348.0,824.9466051484494,14.569446582149633,14.436577909075208
de_mirage,35489,7.656119887976427e+16,blacks smell,76561198813502500,awp,-870.2978515625,-657.2390747070312,-261.94677734375,735.0595092773438,-1655.9718017578125,-255.460693359375,True,2285690,2563912,0.5622,1890.6827828513199,0.4460950841940599,-14.123351497955573
de_mirage,35693,7.656119887976427e+16,blacks smell,76561199839969400,awp,-870.2978515625,-657.2390747070312,-261.94677734375,569.2413940429688,-1561.9715576171875,-263.96875,True,88.4575,619178,0.1708,1700.240628159603,0.15768727583559372,-0.2884078083584662
de_mirage,39274,7.656119887976427e+16,blacks smell,76561199825655200,awp,-858.7257080078125,-788.9656982421875,-221.96875,-693.569580078125,592.8902587890625,-80.8619384765625,True,33.6405,1383296,197599.0,1398.8257807296054,12.194000064295905,12.036312788460311
de_mirage,39672,7.656119887976427e+16,blacks smell,76561199839969400,awp,-513.4412841796875,-1528.3084716796875,-39.96875,178.85610961914062,-2324.50390625,-39.96875,True,74.1114,6.1005,0.1251,1055.0842864393624,0.11787192059488914,-12.076128143701016
de_mirage,43229,7.656119887976427e+16,blacks smell,76561199839969400,deagle,404.5864868164063,-1610.2398681640625,-214.25830078125,-507.7955322265625,-1519.9547119140625,-39.96875,True,48.1538,-5.4636,0.7159,933.2573094401891,0.5399377243094383,0.42206580371454916
de_mirage,46715,7.656119887976427e+16,blacks smell,76561199825655200,deagle,229.15921020507807,-2346.173583984375,-39.96875,76.64825439453125,-2236.4228515625,-39.96875,True,-128.8483,0.5332,825816.0,187.89575543206018,13.624128478320564,13.084190754011125
de_mirage,46747,7.656119887976427e+16,blacks smell,76561198813502500,deagle,138.64398193359375,-2353.00927734375,-39.96875,-239.16094970703125,-1852.167236328125,-167.96875,True,-21.9201,15.2968,0.7934,640.2837780396083,0.5841132595358101,-13.040015218784754
de_mirage,47048,7.656119887976427e+16,,76561199839969400,deagle,-563.8265380859375,-1680.853759765625,-173.65399169921875,-680.644287109375,-301.26171875,-157.96875,True,141.2292,-1.5855,18264.0,1384.6178580849387,9.812741939229383,9.228628679693573
de_ancient,4989,7.656119888556901e+16,rakuzbl4,76561198892511800,usp_silencer,-1751.7811279296875,-28.51885986328125,83.08687591552734,-1910.0760498046875,164.0571746826172,72.03125,False,-143.0348,6.0500,0.5801,249.52963398606488,0.45748813617531625,0.0
de_ancient,13080,7.656119888556901e+16,rakuzbl4,76561199238348800,famas,1006.0409545898438,50.33237838745117,130.90110778808594,715.4185180664062,509.9854431152344,128.01219177246094,True,157.1563,-1.7853,1509215.0,543.8296482909041,14.22710086865935,13.769612732484035
de_ancient,14900,7.656119888556901e+16,rakuzbl4,76561198892511800,ak47,672.3348388671875,185.01177978515625,134.03125,700.7354125976562,253.1235198974609,130.53125,True,-173.0491,-0.3828,0.461,73.87862836670645,0.3791211327685624,-13.847979735890789
de_ancient,21070,7.656119888556901e+16,rakuzbl4,76561199238348800,mp9,-371.955810546875,1384.200439453125,24.698524475097656,-1243.9013671875,1368.891845703125,111.328125,True,-108.5099,-1.5020,0.0,876.3721210051333,0.0,-0.3791211327685624
de_ancient,46668,7.656119888556901e+16,rakuzbl4,76561199238348800,usp_silencer,1206.450927734375,488.7657470703125,123.99128723144533,904.9004516601562,-63.16650390625,130.03125,True,2185034,-10.5191,403260.0,628.9661202631574,12.907339273978705,12.907339273978705
de_ancient,51589,7.656119888556901e+16,rakuzbl4,76561198892511800,mp9,77.5177001953125,-501.4881591796875,172.03125,281.6247863769531,-897.9898681640625,152.76194763183594,True,-21.7560,1052386,1393461.0,446.3682491742053,14.147301856066946,1.239962582088241
de_ancient,52975,7.656119888556901e+16,rakuzbl4,76561199238348800,mp9,-644.8401489257812,1403.6011962890625,30.273651123046875,-1434.9564208984375,1282.6275634765625,98.4514389038086,True,31.2070,0.6073,0.0264,802.2259992162436,0.02605753431928962,-14.121244321747657
de_ancient,53929,7.656119888556901e+16,rakuzbl4,76561198154343500,m4a1_silencer,-1665.681396484375,718.1403198242188,52.03125,-2084.77392578125,485.5384216308594,75.03125,False,1759799,-4.3825,1.051,479.86580536188023,0.7183274790902435,0.6922699447709539
de_ancient,61973,7.656119888556901e+16,rakuzbl4,76561198956036500,ak47,546.6412963867188,192.7914123535156,156.03125,447.2411804199219,-411.833251953125,189.03125,True,107.7906,606364,2302490.0,613.6288517843099,14.649502138309172,13.931174659218929
de_ancient,67259,7.656119888556901e+16,rakuzbl4,76561198892511800,m4a1,1151.43017578125,-20.33587646484375,148.03125,1198.5814208984375,-573.34423828125,29.03125,True,-118.2472,0.7529,0.3813,567.6288295664398,0.32302508472377706,-14.326477053585394
de_ancient,72930,7.656119888556901e+16,rakuzbl4,76561198892511800,glock,-622.6266479492188,-757.1049194335938,32.03125762939453,-492.119384765625,-459.1053466796875,38.990997314453125,False,-61.5135,269276,0.1183,325.39872323299954,0.1118096750520056,-0.21121540967177144
de_ancient,75575,7.656119888556901e+16,rakuzbl4,76561197996053800,glock,-555.564453125,1061.9803466796875,63.04476547241211,-261.7562255859375,987.4180297851562,70.03125,True,130.8084,2845362,0.0,303.2022833627416,0.0,-0.1118096750520056
de_ancient,79950,7.656119888556901e+16,rakuzbl4,76561198154343500,galilar,1242.1602783203125,-304.849609375,105.21812438964844,1222.646728515625,-656.6944580078125,12.645713806152344,True,-89.7734,0.1459,0.9029,364.3421844045322,0.6433790383258241,0.6433790383258241
de_ancient,84823,7.656119888556901e+16,rakuzbl4,76561197996053800,galilar,675.9276733398438,130.2591552734375,134.03125,709.8944702148438,2.118839740753174,130.03125,False,-150.7516,924856,0.314,132.6261051028922,0.27307592006241876,-0.37030311826340534
de_ancient,104578,7.656119888556901e+16,rakuzbl4,76561199238348800,galilar,1106.218017578125,-729.5953979492188,9.916483879089355,1369.0906982421875,-848.7679443359375,1.0609920024871826,False,-33.3020,98526,0.5075,288.76038819093833,0.4104526496192034,0.13737672955678465
de_ancient,115710,7.656119888556901e+16,rakuzbl4,76561197996053800,inferno,725.1041870117188,-736.4749755859375,77.3307876586914,173.1172637939453,-728.8330078125,153.03125,True,-179.7291,-1.0286,0.789,557.2059969827696,0.5816568045265821,0.17120415490737867
de_mirage,20958,7.65611988900418e+16,AKIMO TENAKI,76561198435318800,ak47,437.4673156738281,-231.3460693359375,-159.96875,-1167.15185546875,-697.1249389648438,-167.96875,True,0.1497,-4.6421,1968660.0,1670.8730172550743,14.492864174185035,0.0
de_mirage,74416,7.65611988900418e+16,AKIMO TENAKI,76561198435318800,ak47,-498.8134765625,-1903.4727783203125,-179.96875,-822.4949340820312,-163.38702392578125,-167.67889404296875,True,-67.7537,-3.3374,1.0841,1769.9771634538672,0.7343371073848078,-13.758527066800227
de_mirage,104449,7.65611988900418e+16,AKIMO TENAKI,76561198190202200,m4a1,-597.23046875,-1024.56201171875,-167.96875,-653.9824829101562,-2219.7802734375,-179.96875,True,160.0231,0.1885,0.4151,1196.6250391234612,0.3472001999761887,-0.38713690740861917
de_mirage,119653,7.65611988900418e+16,AKIMO TENAKI,76561198180825500,mp9,-496.5631103515625,-1807.2540283203125,-179.96875,102.91552734375,-1502.1378173828125,-175.96875,True,1.1604,1168503,0.23,672.6711969676454,0.20701416938432615,-0.14018603059186252
de_mirage,120607,7.65611988900418e+16,AKIMO TENAKI,76561198435318800,awp,-509.3363037109375,-1531.1171875,-39.96875,375.399169921875,-1520.03564453125,-199.66357421875,True,100.6605,-2.1825,453268.0,899.1007150375884,13.024241047208992,12.817226877824666
de_mirage,121139,7.65611988900418e+16,AKIMO TENAKI,76561199181204500,awp,-553.7498168945312,-1667.7275390625,-172.34136962890625,453.3360290527344,-1551.205322265625,-238.630126953125,True,-125.4821,7.1281,0.2212,1015.9692551756508,0.19983398187858573,-12.824407065330407
de_mirage,127560,7.65611988900418e+16,AKIMO TENAKI,76561198180825500,awp,-1655.03369140625,217.4302520751953,-170.45428466796875,-757.4817504882812,147.27452087402344,-174.26409912109375,True,165.4112,0.4048,2183787.0,900.2976329815331,14.596571541538305,14.39673755965972
de_mirage,132082,7.65611988900418e+16,AKIMO TENAKI,76561198190202200,m4a1,-684.5538940429688,-414.6378173828125,-168.19921875,392.3019714355469,-472.5489501953125,-166.21484375,True,115.2892,149810,0.0481,1078.4137388142135,0.046979001193994605,-14.54959254034431
de_mirage,148100,7.65611988900418e+16,AKIMO TENAKI,76561198180825500,m4a1_silencer,-532.864990234375,-1310.5941162109375,-159.96875,-744.6516723632812,-2105.69384765625,-179.96875,True,0.5170,2722063,3.0931,823.0657213561858,1.4093026291688102,1.3623236279748157
de_mirage,148255,7.65611988900418e+16,AKIMO TENAKI,76561198330759100,m4a1_silencer,-617.2748413085938,-1324.393798828125,-167.96875,-550.2640991210938,-1766.102783203125,-179.96875,True,-13.3388,4.1041,0.6264,446.9242289763597,0.4863689833319998,-0.9229336458368105
de_mirage,154823,7.65611988900418e+16,AKIMO TENAKI,76561198435318800,awp,-861.5891723632812,178.76873779296875,-173.099853515625,-618.7725830078125,-821.4434204101562,-208.3125,True,85.0417,-4.6400,0.4831,1029.866101955011,0.39413449176577975,-0.09223449156622004
de_mirage,163928,7.65611988900418e+16,AKIMO TENAKI,76561198180825500,awp,-685.8969116210938,-1518.218505859375,-167.96875,4.881462097167969,-2123.92333984375,-39.96875,True,-13.2234,2240308,0.8325,927.5974921855307,0.6056811547786695,0.2115466630128897
de_mirage,178555,7.65611988900418e+16,AKIMO TENAKI,76561198180825500,awp,-2191.82763671875,711.7786865234375,-101.79144287109376,-1145.19091796875,708.8848876953125,-79.96875,True,17.9918,2564370,0.572,1046.8681985004466,0.4523486940070148,-0.1533324607716547
de_mirage,194891,7.65611988900418e+16,AKIMO TENAKI,76561198180825500,ak47,235.0375823974609,-1436.0357666015625,-175.96875,-185.40838623046875,-1833.17626953125,-116.75,False,-77.2486,2.0435,313745.0,581.3796108862829,12.656339020342877,12.203990326335862
de_ancient,3206,7.656119889251187e+16,Matuc1k,76561198180825500,glock,-1145.7618408203125,-890.701904296875,35.07509994506836,-1288.630615234375,-1389.525146484375,-21.99542236328125,True,-143.5741,-5.5635,0.4382,522.0087721155396,0.3633923316862566,0.0
de_ancient,11314,7.656119889251187e+16,Matuc1k,76561199121624200,ak47,-712.962158203125,-678.2952270507812,32.19636917114258,-520.537353515625,-130.55657958984375,102.875,False,-45.8954,-1.4454,0.1703,584.8422011424976,0.15726012619858348,-0.20613220548767314
de_ancient,12954,7.656119889251187e+16,Matuc1k,76561198180825500,ak47,-566.6192016601562,619.7102661132812,162.03125,-238.93865966796875,926.8624877929688,81.03125,False,-89.1898,-4.4749,0.0,456.3748731942433,0.0,-0.15726012619858348
de_ancient,24441,7.656119889251187e+16,Matuc1k,76561199123003100,mp7,-500.89794921875,-311.330810546875,55.94933319091797,-1013.9171142578124,-223.64898681640625,146.71875,False,-76.0031,3.0096,12.1051,528.3141612127566,2.573001467421571,2.573001467421571
de_ancient,33584,7.656119889251187e+16,Matuc1k,76561199121624200,m4a1,-1406.2728271484375,3.930424451828003,103.03124237060548,-704.8949584960938,-209.34222412109372,59.7321662902832,True,48.8881,1251231,0.2003,734.364315073944,0.18257152554916198,-2.390429941872409
de_ancient,35271,7.656119889251187e+16,Matuc1k,76561198885569000,m4a1,-1454.4521484375,-310.2833251953125,106.03125,-819.2008056640625,-175.7236328125,75.39288330078125,True,123.4290,1224751,1120201.0,650.0686800820421,13.92901958415174,13.746448058602578
de_ancient,43574,7.656119889251187e+16,Matuc1k,76561199121624200,awp,1195.297119140625,-758.967041015625,6.63443660736084,1181.8687744140625,256.58642578125,130.53125,True,137.8369,100475,1.075,1023.171336939272,0.7299611536826616,-13.19905843046908
de_ancient,95662,7.656119889251187e+16,Matuc1k,76561199121624200,mp9,-366.7003173828125,-745.9777221679688,115.03125,232.5252990722656,-792.5350952148438,153.03125,True,-10.9304,0.6358,0.2179,602.2316235477793,0.1971280641109278,-0.5328330895717338
de_ancient,110006,7.656119889251187e+16,Matuc1k,76561198180825500,p90,682.4393920898438,-727.4961547851562,84.9668197631836,1114.469482421875,-905.2335205078124,9.031248092651367,False,2718898,2.1176,0.9226,473.29354651343266,0.6536784366495787,0.45655037253865094
de_train,2619,7.656119892854421e+16,Hitman,76561199032867400,usp_silencer,895.9631958007812,255.38282775878903,-211.96875,-416.9373168945313,82.91374969482422,-215.96875,True,37.2241,1173220,0.5654,1324.1862932094746,0.4481413823886007,0.0
de_train,3710,7.656119892854421e+16,Hitman,76561199031120800,usp_silencer,603.2670288085938,1676.8843994140625,-215.96875,-123.2955322265625,1423.73876953125,-215.97088623046875,False,170.0920,265929,1.1225,769.3996783410391,0.7525946392033653,0.30445325681476465
de_train,25472,7.656119892854421e+16,Hitman,76561198036927400,ak47,-382.875,306.1346740722656,-215.96875,-416.216796875,-410.390869140625,-214.96875,True,24.1885,0.2764,0.6503,717.3015610573992,0.5009570895673849,-0.2516375496359804
de_train,39582,7.656119892854421e+16,Hitman,76561199032867400,m4a1_silencer,927.57861328125,107.38472747802734,-211.96875,1048.5595703125,741.8307495117188,-211.96875,False,-110.9018,-15.1711,0.0553,645.8778110746431,0.05382508669490746,-0.44713200287247745
de_train,52288,7.656119892854421e+16,Hitman,76561199032867400,ak47,312.630615234375,-254.44464111328125,-215.96875,400.0234680175781,-716.8609008789062,-215.96875,True,-92.6817,0.0443,0.558,470.6020697077485,0.4434029474485566,0.3895778607536491
de_train,55242,7.656119892854421e+16,Hitman,76561199032867400,ak47,693.99267578125,-798.9190673828125,-213.96875,-682.4804077148438,-896.9501953125,-273.85382080078125,False,178.8162,2676651,1007372.0,1381.2582934908394,13.822856510266856,13.3794535628183
de_train,63340,7.656119892854421e+16,Hitman,76561199072017000,awp,927.176025390625,-1024.3382568359375,-332.23101806640625,-631.5042724609375,-1751.967529296875,-151.96875,True,-34.0700,1366069,0.264,1729.5731017627193,0.2342812957246657,-13.58857521454219
de_train,79275,7.656119892854421e+16,Hitman,76561199072017000,mac10,-829.4299926757812,-917.4905395507812,-165.21160888671875,-1196.2064208984375,-532.6287841796875,-88.09375,True,-89.9313,-4.4570,2390149.0,537.2063692905742,14.68686668344455,14.452585387719884
de_train,90241,7.656119892854421e+16,Hitman,76561199045978700,mac10,-413.51995849609375,-338.91961669921875,-214.96875,-346.5748291015625,684.3827514648438,-171.96875,True,89.3398,0.5565,242920.0,1026.3909523372802,12.400491566584629,-2.2863751168599205
de_train,95563,7.656119892854421e+16,Hitman,76561199072017000,ak47,-907.6008911132812,-305.1016845703125,-213.46875,-312.090087890625,-430.9644775390625,-166.35089111328125,False,87.0059,0.5939,0.0659,610.4872251201137,0.06381951271295404,-12.336672053871675
de_train,103938,7.656119892854421e+16,Hitman,76561199031120800,awp,-847.4300537109375,602.4721069335938,-215.96875,328.6694030761719,342.0594482421875,-215.96875,True,179.4019,-6.7171,0.0,1204.5848600499928,0.0,-0.06381951271295404
de_train,112733,7.656119892854421e+16,Hitman,76561199134767700,ak47,-769.9236450195312,791.8818359375,-215.96875,-742.5706787109375,869.4448852539062,-213.96875,True,-83.6877,22.4523,0.4509,82.26913993192304,0.3721840535395024,0.3721840535395024
de_train,114333,7.656119892854421e+16,Hitman,76561198928544200,world,260.665283203125,1525.5621337890625,-215.96875,260.665283203125,1525.5621337890625,-215.96875,False,-42.6386,1.1886,0.1014,0.0,0.09658209784624408,-0.2756019556932583
de_ancient,2825,7.656119895603656e+16,𝓡𝓟𝓚𝓞,76561199121624200,glock,-1219.4647216796875,-325.201904296875,104.43400573730467,-1395.8662109375,423.8166198730469,93.03125,True,937093,-3.2911,0.0272,769.5948660174823,0.026836653953559674,0.0
de_ancient,8181,7.656119895603656e+16,𝓡𝓟𝓚𝓞,76561198885569000,ak47,-1159.6337890625,-913.5746459960938,34.266319274902344,-584.42626953125,-530.5941772460938,36.28266143798828,True,68.8936,3.1579,517916.0,691.043989630893,13.157570276742925,13.130733622789366
de_ancient,8323,7.656119895603656e+16,𝓡𝓟𝓚𝓞,76561199123003100,ak47,-1181.737060546875,-881.4483642578125,36.948997497558594,-648.3685302734375,-585.23583984375,36.16985702514648,True,-152.0429,0.2695,0.0264,610.10200439408,0.02605753431928962,-13.131512742423636
de_ancient,8940,7.656119895603656e+16,𝓡𝓟𝓚𝓞,76561199121624200,ak47,-1130.8970947265625,-1226.101318359375,-15.7200927734375,-1098.8028564453125,-805.8427124023438,36.13378143310547,True,111.2771,4.1580,0.6588,424.6600526091769,0.5060944493900892,0.48003691507079954
de_ancient,14961,7.656119895603656e+16,𝓡𝓟𝓚𝓞,76561198885569000,ak47,653.2392578125,678.125,117.08771514892578,791.171875,177.09213256835938,130.03125,True,2360745,2564370,0.1815,519.8335081787305,0.16678481764482547,-0.33930963174526374
de_ancient,56672,7.656119895603656e+16,𝓡𝓟𝓚𝓞,76561199123003100,ak47,-1151.68212890625,-912.7937622070312,33.971458435058594,-575.1822509765625,-469.492919921875,38.23361206054688,True,-17.1047,726621,0.5307,727.2454276083149,0.4257251471155244,0.2589403294706989
de_ancient,94899,7.656119895603656e+16,𝓡𝓟𝓚𝓞,76561198094102900,mp9,-688.0810546875,-732.1506958007812,32.031253814697266,-1202.3685302734375,-859.1273803710938,39.68741607666016,True,15.9151,1366069,430927.0,529.7860915403559,12.973696301766648,12.547971154651123
de_ancient,96113,7.656119895603656e+16,𝓡𝓟𝓚𝓞,76561198885569000,ak47,872.1557006835938,-1344.6417236328125,9.352020263671877,1259.110107421875,-704.95654296875,9.212709426879885,False,178.0661,2758404,0.509,747.6167886443553,0.4114471797857118,-12.562249121980935
de_ancient,96533,7.656119895603656e+16,𝓡𝓟𝓚𝓞,76561199123003100,ak47,1084.1912841796875,-822.6260986328125,4.108583450317383,797.133544921875,-639.2958984375,76.90308380126953,False,-135.1624,2213402,0.3759,348.2974982006107,0.3191080624516338,-0.09233911733407801
de_ancient,99086,7.656119895603656e+16,𝓡𝓟𝓚𝓞,76561198885569000,ak47,-300.795654296875,-766.2749633789062,115.03125,345.53631591796875,-805.4295654296875,142.4173126220703,True,-100.2413,639542,0.3813,648.0957452487222,0.32302508472377706,0.003917022272143245
de_ancient,99327,7.656119895603656e+16,𝓡𝓟𝓚𝓞,76561199121624200,ak47,-180.639404296875,-827.0955200195312,154.02232360839844,602.7485961914062,-826.3493041992188,107.33267974853516,True,-64.0417,2122030,0.3463,784.7784649127667,0.29736008900305205,-0.025664995720725003
de_ancient,104697,7.656119895603656e+16,𝓡𝓟𝓚𝓞,76561198180825500,ak47,-328.35205078125,-545.9893798828125,38.69744110107422,-1160.41015625,-908.690673828125,34.77753448486328,True,97.2884,0.0594,0.6181,907.6829210543345,0.48125262142362535,0.1838925324205733
de_ancient,104864,7.656119895603656e+16,𝓡𝓟𝓚𝓞,76561198094102900,ak47,-459.3401489257813,-629.960205078125,32.33155059814453,-1204.4425048828125,-853.8086547851562,40.156375885009766,True,-125.1913,1751034,1.0295,778.0404084491562,0.7077894572968154,0.22653683587319007
de_ancient,105836,7.656119895603656e+16,𝓡𝓟𝓚𝓞,76561198885569000,ak47,356.7789611816406,-10.98297119140625,154.03125,606.9926147460938,170.39703369140625,145.13491821289062,True,52.5171,2181596,0.5057,309.1677915317629,0.40925790634686066,-0.29853155094995476
de_ancient,106064,7.656119895603656e+16,𝓡𝓟𝓚𝓞,76561199121624200,ak47,575.4065551757812,155.93115234375,156.03125,1395.9647216796875,523.0554809570312,131.90574645996094,True,152.8318,2155906,2315274.0,899.2652652010224,14.655039028944199,14.245781122597338
de_ancient,111368,7.656119895603656e+16,𝓡𝓟𝓚𝓞,76561198885569000,ak47,861.091552734375,-102.1578369140625,134.03125,1199.68212890625,268.79168701171875,130.53125,True,59.3368,976661,0.1136,502.254295723955,0.10759801059801814,-14.54744101834618
de_ancient,116613,7.656119895603656e+16,𝓡𝓟𝓚𝓞,76561199123003100,m4a1_silencer,500.36663818359375,933.0402221679688,111.02316284179688,164.81260681152344,916.8818359375,91.0569305419922,True,-88.0465,1412942,0.643,336.5356620744243,0.49652383905513103,0.3889258284571129
de_ancient,116972,7.656119895603656e+16,𝓡𝓟𝓚𝓞,76561199121624200,m4a1_silencer,1199.020263671875,789.738525390625,117.42218780517578,1128.617919921875,88.54788970947266,134.03125,True,-3.4531,-1.0471,0.0,704.9118090367215,0.0,-0.49652383905513103
de_ancient,117431,7.656119895603656e+16,𝓡𝓟𝓚𝓞,76561198180825500,m4a1_silencer,1007.2548217773438,157.30284118652344,130.03125,1209.71923828125,-160.831787109375,122.24998474121094,True,-1.0506,565914,0.2465,377.1763907779281,0.22033962398147552,0.22033962398147552
de_ancient,117753,7.656119895603656e+16,𝓡𝓟𝓚𝓞,76561198094102900,ak47,734.6953125,178.40760803222656,130.03125,571.2365112304688,868.0296630859375,113.67516326904295,True,179.1575,328841,0.5008,708.918105356413,0.40599829926982317,0.18565867528834765
de_ancient,121853,7.656119895603656e+16,𝓡𝓟𝓚𝓞,76561199123003100,ak47,-1282.03173828125,371.96875,90.0193099975586,-1614.6358642578125,625.5701293945312,73.03125,True,-23.2350,38231,0.8279,418.6021481429863,0.6031677669404213,0.19716946767059812
de_ancient,122442,7.656119895603656e+16,𝓡𝓟𝓚𝓞,76561198885569000,ak47,-2143.96875,380.0321960449219,82.63353729248047,-1885.3155517578125,80.29826354980469,76.03125,True,-157.4011,776539,299166.0,395.9614848029948,12.608757224881968,12.005589457941547
de_ancient,122525,7.656119895603656e+16,,76561199121624200,ak47,-2118.0810546875,427.6487426757813,75.03125,-1846.3145751953125,27.174413681030277,76.03125,True,-163.5610,4.0347,0.8006,483.9811024816709,0.5881199426922393,-12.020637282189728
de_dust2,3409,7.656119895884098e+16,✪s0ules,76561198158472300,p250,980.5597534179688,2360.119384765625,18.258434295654297,1577.0703125,1616.48095703125,0.0312490463256835,True,13.7161,-2.8795,0.2545,953.4962970991152,0.22673708682433993,0.0
de_dust2,30801,7.656119895884098e+16,✪s0ules,76561199130088600,m4a1_silencer,359.6334228515625,2546.966064453125,-116.25091552734376,542.380859375,2197.409912109375,-118.64483642578124,False,80.7584,1472325,0.0895,394.45134054091227,0.08571887540253752,-0.14101821142180243
de_dust2,36178,7.656119895884098e+16,✪s0ules,76561198074384700,mp9,-414.83251953125,323.42828369140625,-3.0550537109375,-429.2692260742188,-593.9683227539062,1.7970538139343262,True,90.1171,-7.6880,0.3347,917.5230214880803,0.28870654749796876,0.20298767209543123
de_dust2,51047,7.656119895884098e+16,✪s0ules,76561198158472300,m4a1_silencer,-451.3358154296875,86.13078308105469,-0.93914794921875,-433.7353515625,-247.931396484375,0.635462760925293,True,-103.8953,2936064,0.1027,334.5292147828558,0.09776171778249576,-0.190944829715473
de_dust2,80376,7.656119895884098e+16,✪s0ules,76561198074384700,ssg08,980.75341796875,2351.263916015625,18.33363342285156,1545.8121337890625,1699.597900390625,1.03125,True,0.8391,55671,1.0067,862.7046543963785,0.696491581810335,0.5987298640278392
de_dust2,85321,7.656119895884098e+16,✪s0ules,76561198074384700,glock,1337.55322265625,1530.8394775390625,-5.15374755859375,1780.1270751953125,1891.0357666015625,2.67935848236084,True,-171.7060,-2.2749,0.433,570.6788406414879,0.35977014884603475,-0.33672143296430024
de_dust2,88600,7.656119895884098e+16,✪s0ules,76561198158472300,ak47,557.6566772460938,675.450439453125,1.3067021369934082,1396.3961181640625,1314.9322509765625,-11.094482421875,True,-49.6843,1.1292,0.1746,1054.7865311991554,0.16092766410628204,-0.19884248473975272
de_dust2,88620,7.656119895884098e+16,✪s0ules,76561198074384700,ak47,560.0704345703125,672.1920776367188,1.295393466949463,1494.1514892578125,1414.2210693359375,-8.8779296875,True,129.0313,0.5105,0.0602,1192.986981384238,0.058457569571568654,-0.10247009453471338
de_dust2,95018,7.656119895884098e+16,✪s0ules,76561198158472300,ak47,1305.393798828125,2526.204345703125,77.35590362548828,996.0166625976562,2671.778076171875,95.7378387451172,True,-114.3945,2020979,0.2905,342.4088476711671,0.2550297401765315,0.19657217060496285
de_dust2,95116,7.656119895884098e+16,✪s0ules,76561198190202200,ak47,1317.7022705078125,2543.70458984375,77.58592987060547,495.3965759277344,2713.65673828125,96.04426574707033,True,149.8703,2.0812,1087420.0,839.8875509618387,13.899319395628135,13.644289655451603
de_dust2,95876,7.656119895884098e+16,✪s0ules,76561199130088600,ak47,1130.815185546875,2889.89111328125,127.72659301757812,617.314453125,2376.259765625,67.03125,True,37.0325,1944553,0.8009,728.8237703018467,0.58828653994377,-13.311032855684365
de_dust2,120995,7.656119895884098e+16,✪s0ules,76561198190202200,ak47,-918.6710205078124,2123.367919921875,-66.62774658203125,-1266.5938720703125,2662.654296875,130.03125,False,1749149,-7.0179,0.0,671.2338399866777,0.0,-0.58828653994377
de_dust2,133266,7.656119895884098e+16,✪s0ules,76561198074384700,awp,-90.6768798828125,395.0653991699219,-1.34307861328125,-675.4486694335938,2545.380859375,-80.5225830078125,True,-172.4545,2873031,0.3632,2229.817036926475,0.30983487709291424,0.30983487709291424
de_dust2,147485,7.656119895884098e+16,✪s0ules,76561198063645300,ak47,1182.0009765625,1145.7161865234375,0.0091423988342285,1467.9798583984375,1278.0302734375,-11.2581787109375,True,-76.7766,-1.8395,0.0964,315.30602749872367,0.09203208544649367,-0.21780279164642058
de_dust2,157500,7.656119895884098e+16,✪s0ules,76561198158472300,ak47,-276.02789306640625,1772.96875,-101.06756591796876,-487.4307861328125,1647.550048828125,-123.51885986328124,False,-15.1598,0.4226,655248.0,246.83009216930034,13.392770595049425,13.300738509602931
de_dust2,164111,7.656119895884098e+16,✪s0ules,76561198063645300,tec9,-1430.7523193359375,1876.7886962890625,4.26274299621582,-1527.7418212890625,1804.737060546875,0.0596704483032226,False,-58.1829,281663,0.7297,120.8969293285943,0.5479479830677406,-12.844822611981686
de_mirage,12022,7.656119897090205e+16,zephyr-,76561198829315100,mp7,-1183.2032470703125,-508.6085815429688,-167.96875,-702.6104125976562,-785.4588623046875,-263.96875,True,-167.5264,0.5418,0.383,562.8779179398535,0.32425505268262117,0.0
de_mirage,17749,7.656119897090205e+16,zephyr-,76561198066018600,deagle,-1161.7784423828125,-683.8672485351562,-167.96875,-594.5944213867188,-741.4602661132812,-261.96875,True,152.7927,0.2112,0.2603,577.7981216195251,0.231349787861309,-0.09290526482131217
de_mirage,32545,7.656119897090205e+16,zephyr-,76561198991411500,m4a1_silencer,-574.700439453125,-2345.31982421875,-170.19354248046875,102.98741149902344,-2056.729736328125,-39.96875,True,-106.8953,969780,0.6485,747.9997050356645,0.49986578352964867,0.26851599566833967
de_mirage,6412,7.656119899141158e+16,pudge,76561198262660000,p250,414.1351013183594,-895.7926025390625,-164.28118896484375,-874.3920288085938,-242.593017578125,-167.50311279296875,True,38.0522,-1.0032,0.0,1444.6391395983626,0.0,0.0
de_mirage,13371,7.656119899141158e+16,pudge,76561198970902000,ak47,-879.5565795898438,272.74810791015625,-169.5185546875,-894.2840576171875,-20.85595703125,-53.96875,True,144.2292,931856,0.276,315.86706527031714,0.24373018492259815,0.24373018492259815
de_mirage,22306,7.656119899141158e+16,pudge,76561199112107300,ak47,502.9673156738281,-408.3994140625,-160.0020751953125,-693.080322265625,-801.9524536132812,-263.96875,True,-79.0295,1461488,0.0968,1263.4171981693726,0.09239684926596758,-0.15133333565663057
de_mirage,43174,7.656119899141158e+16,pudge,76561199112107300,galilar,469.5615539550781,-395.466796875,-159.96875,-923.13330078125,-468.3035888671875,-48.09375,False,-65.8727,5.1811,0.9123,1399.0783295804974,0.6483067060867914,0.5559098568208238
de_mirage,45378,7.656119899141158e+16,pudge,76561199069072200,galilar,-496.346923828125,-1447.46826171875,-70.785400390625,-1234.8526611328125,-1476.61328125,-156.01055908203125,False,174.2923,1909975,0.7848,743.9781474407648,0.5793063641361856,-0.06900034195060578
de_mirage,28744,7.656119900833322e+16,Матье бал,76561199169167900,ak47,-629.8580322265625,-584.0955200195312,-274.4896240234375,-624.2791137695312,-1036.1270751953125,-207.203125,True,-0.0227,583811,0.0,457.0460853750053,0.0,0.0
de_mirage,31844,7.656119900833322e+16,Матье бал,76561198150806200,ak47,-1065.59326171875,-475.56982421875,-263.96875,-477.1781005859375,-733.631591796875,-263.137939453125,True,-18.8556,-13.9252,1456955.0,642.5176791207108,14.19185988568222,14.19185988568222
de_mirage,36385,7.656119900833322e+16,Матье бал,76561199015497600,ak47,-209.6793212890625,-2385.009033203125,-164.96630859375,-521.0027465820312,-1451.36376953125,-67.6689453125,True,117.5839,533408,0.2868,988.9805510800277,0.25215851638273423,-13.939701369299486
de_mirage,40524,7.656119900833322e+16,Матье бал,76561199065901300,ak47,-269.10302734375,-1601.5623779296875,-167.96875,-761.8989868164062,-2090.0078125,-179.96875,True,-176.3821,0.7107,0.4687,693.9530245089774,0.3843776557776797,0.13221913939494545
de_mirage,54113,7.656119900833322e+16,Матье бал,76561198150806200,ak47,-2039.62109375,152.80972290039062,-159.96875,-1902.944580078125,-469.997802734375,-167.96875,True,33.8465,6.0741,0.5305,637.6783541698726,0.4255944794033301,0.041216823625650434
de_mirage,54220,7.656119900833322e+16,Матье бал,76561199065901300,ak47,-2034.40869140625,251.98068237304688,-159.96875,-824.673095703125,89.15824890136719,-165.96875,True,108.4454,-3.5249,0.9545,1220.6585748491814,0.6701344062508725,0.2445399268475424
de_mirage,55012,7.656119900833322e+16,Матье бал,76561199169167900,ak47,-1917.5762939453125,-30.64349365234375,-165.71875,-1819.793701171875,-27.62725830078125,-165.71875,False,-48.5764,0.1816,0.2937,97.82910162723527,0.2575063299417192,-0.4126280763091533
de_mirage,64018,7.656119900833322e+16,Матье бал,76561199027584500,galilar,312.3819580078125,-2307.3134765625,-39.96875,79.03215026855469,-2266.892822265625,-39.96875,False,-69.0189,2943642,0.3967,236.82474969001038,0.3341123113295886,0.07660598138786939
de_mirage,82983,7.656119900833322e+16,Матье бал,76561199065901300,mp9,24.86212730407715,-1544.7431640625,-172.0548095703125,743.8663330078125,-1582.386962890625,-257.13037109375,True,75.4826,-1.0846,2075675.0,724.9978997061991,14.545797441723664,14.211685130394075
de_mirage,87936,7.656119900833322e+16,Матье бал,76561198150806200,mp9,-755.9691162109375,-2379.2099609375,-175.2374267578125,-497.6565551757813,-2116.879150390625,-179.96875,False,-25.7242,1401224,0.6276,368.19182333444587,0.48710653714539787,-14.058690904578267
de_mirage,96315,7.656119900833322e+16,Матье бал,76561199065901300,m4a1_silencer,1148.096923828125,-935.851806640625,-262.0892333984375,1129.683837890625,27.96752548217773,-119.625,True,88.8904,-4.5219,0.074,974.4653942060702,0.07138999608667293,-0.4157165410587249
de_mirage,104582,7.656119900833322e+16,Матье бал,76561198150806200,awp,431.9209289550781,393.73834228515625,-251.96875,114.12342834472656,-348.2301025390625,-173.235107421875,True,-141.9787,-1.0561,0.3445,810.9940881305338,0.29602219672678226,0.22463220064010933
de_mirage,123107,7.656119900833322e+16,Матье бал,76561199027584500,ak47,-626.2816772460938,-356.9332275390625,-159.96875,-962.0740966796876,256.2757263183594,-170.28033447265625,True,-169.6704,2292080,1025662.0,699.2053337999625,13.840849790719052,13.544827593992268
de_mirage,130532,7.656119900833322e+16,Матье бал,76561199065901300,famas,307.466796875,-1630.2269287109375,-175.96875,734.3894653320312,-1500.0626220703125,-263.940185546875,True,169.7422,0.3845,0.1768,454.9117332383117,0.1627988903050907,-13.678050900413961
de_mirage,131829,7.656119900833322e+16,Матье бал,76561199015497600,famas,38.97736358642578,-2077.58740234375,-167.96875,-116.3604736328125,-1440.7669677734375,-72.17535400390625,True,-176.9763,2106356,807918.0,662.454892256625,13.602217084953361,13.43941819464827
de_mirage,132138,7.656119900833322e+16,,76561198150806200,famas,48.66093444824219,-2055.538330078125,-39.96875,19.359886169433597,-2282.1064453125,-39.96875,True,-93.1867,-6.1050,0.0935,228.45494582322814,0.08938356113468547,-13.512833523818676
de_dust2,31933,7.656119900895128e+16,mathes,76561198180825500,usp_silencer,1721.58642578125,1858.0008544921875,1.304363250732422,1136.0216064453125,1058.734375,-2.26715087890625,True,-126.0386,629315,0.0,990.8207802609626,0.0,0.0
de_dust2,34025,7.656119900895128e+16,mathes,76561199360521100,ak47,552.5476684570312,2211.68896484375,-114.41131591796876,-1271.045166015625,2134.2314453125,7.828608512878418,True,-177.3324,-3.8061,0.6625,1829.3258573575156,0.5083224935478721,0.5083224935478721
de_dust2,38273,7.656119900895128e+16,mathes,76561198392370200,ak47,1303.177490234375,1213.432861328125,1.0312519073486328,570.778076171875,696.197509765625,1.226055145263672,False,-144.2491,-0.1603,1.0527,896.6277647794417,0.7191559997409961,0.21083350619312402
de_dust2,40519,7.656119900895128e+16,mathes,76561199360521100,ak47,685.9384765625,1045.7987060546875,0.6361207962036133,660.4371948242188,744.8380126953125,0.7188858985900879,False,-96.0504,1115331,2.0827,302.0391715783122,1.1258058363522392,0.4066498366112431
de_dust2,76635,7.656119900895128e+16,mathes,76561198392370200,glock,1359.1302490234375,2001.17724609375,-6.5926513671875,336.5262451171875,2321.456298828125,96.7201919555664,True,162.8727,-4.6877,0.2731,1076.555230362546,0.24145487108546265,-0.8843509652667765
de_dust2,81652,7.656119900895128e+16,mathes,76561198392370200,ak47,622.30419921875,166.82315063476562,-1.2423095703125,-133.63397216796875,334.71240234375,-0.0667724609375,True,167.8594,1805792,0.3425,774.35825151308,0.2945335474008827,0.05307867631542007
de_dust2,82574,7.656119900895128e+16,mathes,76561198112244700,ak47,-372.654541015625,-497.4053955078125,7.050002098083496,-421.968017578125,-151.8814697265625,-0.34051513671875,False,95.1715,2.0833,0.0855,349.10345458469027,0.08204071033620948,-0.21249283706467326
de_dust2,85727,7.656119900895128e+16,mathes,76561198392370200,ak47,-1955.08447265625,2499.79345703125,25.241670608520508,-1326.540771484375,2672.524169921875,130.03125,True,15.0001,-8.1333,0.3865,660.2150705698757,0.32678258607369565,0.24474187573748618
de_dust2,93611,7.656119900895128e+16,mathes,76561198180825500,ak47,1025.1722412109375,1202.2177734375,1.0837631225585938,690.6329956054688,889.6453857421875,-0.38885498046875,True,-136.9415,225538,0.7432,457.8429567044821,0.5557225046482731,0.22893991857457746
de_dust2,94054,7.656119900895128e+16,mathes,76561198366175000,ak47,990.8770141601562,1110.24609375,0.7181248664855957,1361.4229736328125,1188.749755859375,-8.48333740234375,True,13.1523,2104954,525982.0,378.8823035640211,13.17302417180593,12.617301667157657
de_dust2,98974,7.656119900895128e+16,mathes,76561198112244700,ak47,-1795.0633544921875,2443.947509765625,66.03125,-2012.026611328125,1389.0634765625,31.298364639282227,True,-101.2994,2238208,0.0854,1077.5248264653717,0.08194858264716741,-13.091075589158763
de_dust2,104176,7.656119900895128e+16,mathes,76561198366175000,ak47,-1829.1744384765625,2538.194580078125,32.27504348754883,-1233.171630859375,2686.2861328125,117.06007385253906,True,13.6951,-7.4923,0.9491,619.95076905577,0.667367727572458,0.5854191449252906
de_dust2,105189,7.656119900895128e+16,mathes,76561198112244700,ak47,-1807.865966796875,2251.727783203125,0.0907058715820312,-1518.441162109375,2572.537109375,2.841527938842773,True,49.1827,0.0402,1773985.0,432.0797476731532,14.388739550050511,13.721371822478053
de_dust2,113456,7.656119900895128e+16,mathes,76561199360521100,ak47,-2061.907470703125,2078.090576171875,1.2495269775390625,-1716.421630859375,1865.0860595703125,0.2668609619140625,False,-33.1186,1261793,2261981.0,405.872338621031,14.631751978066859,0.24301242801634793
de_dust2,114078,7.656119900895128e+16,mathes,76561198180825500,hegrenade,-1923.119140625,2380.398193359375,6.8984856605529785,-1264.5167236328125,2669.589599609375,130.03125,True,28.6317,-9.8561,0.0,729.760570852302,0.0,-14.631751978066859
de_dust2,118889,7.656119900895128e+16,mathes,76561199360521100,ak47,-164.3719482421875,916.70556640625,1.0315709114074707,-614.5828247070312,2181.22265625,-120.4263916015625,True,109.1286,359887,0.2004,1347.7556679353834,0.18265483458407497,0.18265483458407497
de_dust2,128003,7.656119900895128e+16,mathes,76561198180825500,ak47,-2033.4189453125,1263.9677734375,32.88429260253906,-1723.64111328125,1329.812744140625,39.66828918457031,True,2524802,2683835,1.0873,316.77103402063415,0.7358713647697236,0.5532165301856486
de_dust2,136896,7.656119900895128e+16,mathes,76561199360521100,hegrenade,-1695.82421875,2510.001220703125,9.935561180114746,-983.697021484375,2469.778564453125,-19.3690185546875,True,-37.0284,3.1249,0.1267,713.8639685224584,0.11929300618798318,-0.6165783585817404
de_dust2,144122,7.656119900895128e+16,mathes,76561198112244700,ak47,-540.7653198242188,1388.5771484375,-112.57763671875,-259.7042236328125,1395.177978515625,32.052886962890625,False,2387227,-18.9909,5.1598,316.15961021367167,1.8180443094858791,1.698751303297896
de_dust2,145570,7.656119900895128e+16,mathes,76561198392370200,ak47,1362.936767578125,1178.087890625,-8.54949951171875,1224.057373046875,2270.128173828125,11.770604133605955,True,96.7075,1946014,0.3052,1101.0233298962764,0.2663562857370285,-1.5516880237488506
de_dust2,146083,7.656119900895128e+16,mathes,76561198366175000,ak47,1379.680908203125,2389.3994140625,27.012807846069336,1227.852783203125,2730.503662109375,97.61945343017578,True,113.3847,-7.4522,0.8836,379.9857707563262,0.6331848393872626,0.36682855365023403
de_dust2,149056,7.656119900895128e+16,mathes,76561198112244700,ak47,642.9603271484375,847.6009521484375,0.080667495727539,1245.0362548828125,935.2484130859376,-0.501220703125,True,303365,2549120,0.2024,608.4224180286875,0.18431955945662767,-0.44886527993063485
de_dust2,155214,7.656119900895128e+16,mathes,76561198112244700,ak47,-239.95654296875,441.3727722167969,-2.23468017578125,-458.4713134765625,1468.7818603515625,-125.95745849609376,True,101.4392,8.0132,0.1206,1057.6509183976013,0.11386425614904709,-0.07045530330758058
de_dust2,172466,7.656119900895128e+16,mathes,76561198366175000,mp9,-419.8221435546875,777.4917602539062,-2.61083984375,-47.23248291015625,404.1605529785156,-1.42431640625,True,-47.4204,220029,0.4873,527.4472991520341,0.39696239561641516,0.28309813946736806
de_ancient,2505,7.656119900907989e+16,Tartare parisian,76561198317804200,deagle,-366.2974853515625,-738.8185424804688,115.03125,509.7002868652344,-858.4533081054688,121.97901916503906,True,-17.1668,-11.6345,1210781.0,884.1565729955925,14.006776989815036,0.0
de_ancient,5099,7.656119900907989e+16,Tartare parisian,76561198088502600,deagle,-490.2786865234375,-48.50146484375,90.8240203857422,-799.0162963867188,-853.58544921875,38.311744689941406,False,-90.3780,0.0484,0.0481,863.849913318262,0.046979001193994605,-13.959797988621041
de_ancient,5200,7.656119900907989e+16,Tartare parisian,76561198317804200,deagle,-496.8074951171875,-353.101318359375,58.18110656738281,-972.8285522460938,-839.602294921875,34.164031982421875,False,-179.0816,-20.1386,1242953.0,681.0697959078843,14.033001362567516,13.986022361373522
de_ancient,5360,7.656119900907989e+16,Tartare parisian,76561198122719700,deagle,-512.0264282226562,-483.770263671875,38.10047912597656,-1157.3883056640625,-829.8175659179688,35.72853088378906,True,-128.8676,1373069,6.1287,732.2884092930597,1.964128889611656,-12.06887247295586
de_ancient,7780,7.656119900907989e+16,Tartare parisian,76561198088502600,deagle,-430.0274658203125,-144.80792236328125,56.03096008300781,-848.719482421875,-847.6426391601562,36.90351486206055,True,91.1082,0.2180,0.0,818.3187050663738,0.0,-1.964128889611656
de_ancient,7854,7.656119900907989e+16,Tartare parisian,76561198317804200,deagle,-420.6466064453125,-373.5895385742188,59.76778411865234,-950.7481689453124,-783.4451904296875,33.32456970214844,False,-7.2029,-0.1871,1889402.0,670.5882235108887,14.451771464121563,14.451771464121563
de_ancient,7975,7.656119900907989e+16,Tartare parisian,76561199687871600,deagle,-687.2828369140625,-602.388671875,36.344913482666016,-1104.5672607421875,-839.4219970703125,68.921875,False,173.1023,1017234,1.0786,481.0117940803727,0.7316945901721842,-13.72007687394938
de_ancient,9120,7.656119900907989e+16,Tartare parisian,76561198122719700,deagle,-1948.904296875,521.2268676757812,61.9366455078125,-1452.9903564453125,600.08642578125,73.03125,True,-74.6260,1314145,3.1482,502.2674152938129,1.422674505212641,0.6909799150404569
de_ancient,11827,7.656119900907989e+16,Tartare parisian,76561198164913400,deagle,-516.442138671875,569.4578247070312,160.7347412109375,-561.8569946289062,-14.61468505859375,108.65625,True,-103.3264,-2.5214,299135.0,588.1457090316325,12.608653598458476,11.185979093245836
de_ancient,11977,7.656119900907989e+16,Tartare parisian,76561199687871600,deagle,-577.2264404296875,62.21550369262695,120.47390747070312,-395.3388671875,-117.50823974609376,58.504669189453125,True,27.6869,-0.4089,0.3199,263.1043514439044,0.27755597615277183,-12.331097622305704
de_ancient,14612,7.656119900907989e+16,Tartare parisian,76561198164913400,deagle,-444.52874755859375,-219.6302490234375,56.030555725097656,-779.3143310546875,-802.23583984375,36.21601867675781,True,-132.3622,-0.4178,6.0394,672.2375155035201,1.9515229392651734,1.6739669631124015
de_ancient,14829,7.656119900907989e+16,Tartare parisian,76561198122719700,deagle,-418.1947021484375,-423.9697265625,44.45431137084961,-1167.898193359375,-871.0330810546875,36.156471252441406,True,-144.4500,960621,0.5408,872.9202837684013,0.43230176206172405,-1.5192211772034494
de_ancient,14920,7.656119900907989e+16,Tartare parisian,76561199687871600,deagle,-477.4805908203125,-402.0294189453125,54.361812591552734,-1156.732666015625,-906.8922119140624,34.75096130371094,True,-5.6768,686718,1794439.0,846.5544323134686,14.400203553513467,13.967901791451743
de_ancient,15406,7.656119900907989e+16,Tartare parisian,76561198317804200,deagle,226.10032653808597,-625.525146484375,168.81317138671875,398.7512817382813,-504.1336059570313,182.03125,True,-94.4879,2172920,0.4682,211.46861716426972,0.38403716069454397,-14.016166392818924
de_ancient,17981,7.656119900907989e+16,Tartare parisian,76561198122719700,deagle,887.8506469726562,-89.91400146484375,134.03125,1291.6671142578125,-376.1199951171875,77.08888244628906,True,-104.8494,-2.2477,103366.0,498.2208780007227,11.546041041181436,11.162003880486893
de_ancient,20605,7.656119900907989e+16,Tartare parisian,76561199687871600,deagle,-419.2412109375,-266.787353515625,56.03112411499024,-720.3468017578125,-661.8547973632812,32.173431396484375,True,-150.2913,0.4951,0.6508,497.3047873421501,0.5012600188962897,-11.044781022285147
de_ancient,20805,7.656119900907989e+16,Tartare parisian,76561198122719700,deagle,-917.7098388671876,-718.5137939453125,35.31879806518555,-1319.94482421875,-1109.149658203125,-7.4053955078125,True,-142.3272,0.6928,0.2116,562.3297240958215,0.1919418001709452,-0.3093182187253445
de_ancient,23567,7.656119900907989e+16,Tartare parisian,76561198088502600,deagle,-541.0798950195312,-137.5570068359375,56.100341796875,-806.8795776367188,-855.9453735351562,38.37345886230469,True,34.3220,-6.1599,545400.0,766.1889839111136,13.209276582908629,13.017334782737684
de_ancient,24031,7.656119900907989e+16,Tartare parisian,76561198317804200,deagle,-357.0987548828125,-772.4257202148438,115.03125,129.7473907470703,-824.6915283203125,153.03125,True,-35.9239,1300081,506959.0,491.1159580095018,13.136187383997399,-0.07308919891123011
de_ancient,26402,7.656119900907989e+16,Tartare parisian,76561199687871600,deagle,-466.1378173828125,-211.23138427734372,56.03070068359375,-594.07861328125,-613.042236328125,32.82282257080078,True,62.0333,0.8624,897037.0,422.3261934659023,13.706853503577296,0.5706661195798972
de_ancient,27103,7.656119900907989e+16,Tartare parisian,76561198122719700,awp,686.4512329101562,-482.034423828125,128.3199920654297,898.1092529296875,54.82529830932617,130.90110778808594,True,-59.7584,2883258,0.4625,577.0824385219701,0.3801473001238745,-13.326706203453421
de_ancient,29889,7.656119900907989e+16,Tartare parisian,76561198164913400,deagle,-475.8390502929688,-122.533203125,56.242279052734375,-748.940185546875,-855.0675659179688,34.93857192993164,True,-58.1194,662218,0.0192,782.0771513646511,0.019018005835761846,-0.36112929428811263
de_ancient,29940,7.656119900907989e+16,Tartare parisian,76561198317804200,deagle,-517.7438354492188,-108.0191650390625,59.49890899658203,-721.4152221679688,-633.4404296875,34.09797286987305,True,-111.1068,2008561,1.1051,564.0875345802415,0.7443629719442156,0.7253449661084538
de_ancient,29968,7.656119900907989e+16,Tartare parisian,76561199687871600,deagle,-555.337158203125,-95.6805419921875,65.99291229248047,-637.5806274414062,-647.50537109375,32.03134536743164,True,-112.0993,152673,223165.0,558.952608253438,12.315671168136834,11.571308196192618
de_ancient,37005,7.656119900907989e+16,Tartare parisian,76561198164913400,deagle,-55.07940673828125,-790.163330078125,153.03125,-640.1676635742188,-624.9174194335938,32.7650032043457,True,-88.5845,951459,0.0409,619.756766312696,0.04008572353928564,-12.27558544459755
de_ancient,41821,7.656119900907989e+16,Tartare parisian,76561199687871600,deagle,-73.843505859375,-702.1195678710938,156.6391143798828,-599.85693359375,-680.8836059570312,32.03129959106445,True,-101.4024,2490710,436832.0,540.9881696874031,12.987306250009667,12.947220526470382
de_ancient,44422,7.656119900907989e+16,Tartare parisian,76561198164913400,deagle,-1105.032470703125,-871.9837036132812,35.48018264770508,-578.1773071289062,-678.7904052734375,32.0312614440918,True,121.2293,30.8922,0.8074,561.1701247979203,0.5918893484857184,-12.395416901523948
de_ancient,44717,7.656119900907989e+16,,76561198122719700,deagle,-372.0333251953125,-760.710693359375,69.03125,9.05723476409912,-746.2943725585938,153.03125,True,-80.2311,0.1212,0.6922,390.5046032963106,0.5260294575082635,-0.06585989097745493
de_mirage,3150,7.656119901245472e+16,D1zZY,76561198029567800,glock,-685.0105590820312,-385.8555908203125,-168.11920166015625,-703.3860473632812,-2127.203125,-179.96875,True,14.1109,1818696,0.5696,1741.4847990031697,0.45082080982896156,0.0
de_mirage,7433,7.656119901245472e+16,D1zZY,76561198379781400,mac10,-848.736328125,-158.1876220703125,-168.01641845703125,-1019.3341064453124,-56.0322265625,-167.96875,False,178.9639,-14.6667,0.0656,198.84498754423214,0.06353802080398764,-0.38728278902497393
de_mirage,10951,7.656119901245472e+16,D1zZY,76561198029567800,mac10,236.11013793945312,-2332.6767578125,-39.96875,54.48141860961914,-2298.3671875,-39.96875,False,-124.2138,0.5867,0.0,184.840845865907,0.0,-0.06353802080398764
de_mirage,33612,7.656119901245472e+16,D1zZY,76561198091848500,ak47,53.18046951293945,-1419.1236572265625,-174.88665771484375,-77.022705078125,-1885.6904296875,-167.96875,True,97.9435,-0.3389,0.0489,484.44326529053797,0.04774199598542116,0.04774199598542116
de_mirage,40602,7.656119901245472e+16,D1zZY,76561198091848500,ak47,-1955.850830078125,618.9109497070312,-167.96875,-1260.302490234375,490.1786193847656,-164.33740234375,False,-39.6847,-5.3730,0.3602,707.3702655719975,0.3076317477594013,0.2598897517739801
de_mirage,54570,7.656119901245472e+16,D1zZY,76561198029567800,ak47,108.12432861328124,-424.510986328125,-174.30194091796875,448.1169128417969,504.0173645019531,-262.71044921875,True,95.7534,0.0797,0.1026,992.7617639522476,0.09767102717344615,-0.2099607205859551
de_mirage,68185,7.656119901245472e+16,D1zZY,76561198029567800,usp_silencer,-722.7134399414062,-1475.04345703125,-167.96875,80.18190002441406,-2252.03125,-39.96875,True,102.8846,135627,1.1834,1124.6043559231305,0.7808832948640321,0.683212267690586
de_mirage,79554,7.656119901245472e+16,D1zZY,76561198029567800,m4a1,-919.8519287109376,-1368.04931640625,-167.96875,-439.53509521484375,-1785.0814208984375,-173.930908203125,True,179.2883,1293872,1.1153,636.1254467849374,0.7491966464109675,-0.03168664845306457
de_mirage,80722,7.656119901245472e+16,D1zZY,76561198344148300,m4a1,-641.0777587890625,-784.7704467773438,-263.96875,-1061.5390625,-751.3057861328125,-263.96875,True,-160.9480,-0.1095,0.3683,421.7909333192866,0.3135690934036274,-0.43562755300734013
de_mirage,95669,7.656119901245472e+16,D1zZY,76561198091848500,m4a1,-1417.828125,-2421.6181640625,-222.62579345703125,-886.77880859375,-2320.328369140625,-167.9736328125,True,37.8476,123909,0.5023,543.3781902818483,0.4069972670862409,0.09342817368261352
de_mirage,112286,7.656119901245472e+16,D1zZY,76561198091848500,awp,-1377.76025390625,-2420.918701171875,-214.65887451171875,-540.0064697265625,-2232.98193359375,-178.63714599609375,True,100.9901,2.0668,1.0698,859.3306676945458,0.7274519842519357,0.3204547171656948
de_mirage,116893,7.656119901245472e+16,D1zZY,76561198344148300,elite,-302.718994140625,-2163.947265625,-174.22747802734375,86.93136596679688,-2174.41552734375,-39.96875,True,83.6983,2787653,52263.0,412.26495568599574,10.864063076520587,10.136611092268652
de_mirage,119556,7.656119901245472e+16,,76561198091848500,ak47,21.26258659362793,-2268.644287109375,-39.96875,-41.20367431640625,-1506.1024169921875,-125.75,True,-1.3712,-6.2965,0.3178,769.8899663493872,0.2759636794975825,-10.588099397023004
de_dust2,2598,7.656119901548816e+16,Degese,76561198190202200,hegrenade,1326.8101806640625,1658.719970703125,-0.46807861328125,602.2109375,981.0216064453124,0.5054540634155273,True,-81.9783,813762,2652393.0,992.1290661388365,14.790973186372044,0.0
de_dust2,7726,7.656119901548816e+16,Degese,76561198190202200,mp9,-223.694091796875,407.69537353515625,-2.23333740234375,-390.6041870117188,1312.737548828125,-123.315673828125,True,95.1704,2934207,1538769.0,928.2355580012991,14.24649395395929,-0.5444792324127548
de_dust2,13775,7.656119901548816e+16,Degese,76561198190202200,mp9,1204.0765380859375,2608.744873046875,97.58029174804688,1786.8145751953125,1876.041259765625,2.6558327674865723,True,70.4385,-8.0829,0.3423,940.9829210576773,0.29438456051145334,-13.952109393447836
de_dust2,18976,7.656119901548816e+16,Degese,76561198063645300,m4a1_silencer,1123.659423828125,2782.208740234375,122.74047088623048,1442.1092529296875,1144.4217529296875,-9.41986083984375,True,-91.5556,2.1296,2247095.0,1673.6854133084046,14.625149273886347,14.330764713374894
de_dust2,19271,7.656119901548816e+16,Degese,76561198158472300,m4a1_silencer,1139.0030517578125,2505.43994140625,95.5888900756836,1480.952880859375,1202.6800537109375,-10.17034912109375,True,90.1349,2282434,0.2026,1351.0359089550404,0.18448587962333124,-14.440663394263016
de_dust2,37750,7.656119901548816e+16,Degese,76561198063645300,mp9,582.0400390625,723.2942504882812,1.151698112487793,1337.4801025390625,1137.6956787109375,-5.55841064453125,True,-162.1987,22.4983,0.1452,861.6630772976066,0.13557929424182294,-0.0489065853815083
de_dust2,54199,7.656119901548816e+16,Degese,76561198063645300,awp,1037.1883544921875,2590.397216796875,96.53125,360.9944152832031,1943.026123046875,96.04651641845705,True,-2.2512,2355997,0.3301,936.1238226926392,0.2852541273771135,0.14967483313529054
de_dust2,57373,7.656119901548816e+16,Degese,76561198074384700,mp9,-1470.2720947265625,1071.96337890625,37.40662384033203,-1769.114013671875,1122.8709716796875,32.53639602661133,False,-98.5656,649220,1305014.0,303.1860726350411,14.081725092925746,13.796470965548632
de_dust2,91573,7.656119901548816e+16,Degese,76561198063645300,mac10,-1408.291259765625,2773.440185546875,17.50676918029785,-1394.85205078125,2698.923095703125,125.03125,True,38.8892,1.0646,0.7146,131.5101630766752,0.5391798172625185,-13.542545275663228
de_dust2,103346,7.656119901548816e+16,Degese,76561199130088600,awp,-488.4275512695313,-489.6090087890625,1.618302345275879,-316.0224609375,631.4059448242188,-0.13494873046875,True,-89.5993,536940,0.5908,1134.196241964466,0.4642370343513985,-0.07494278291112
de_dust2,106739,7.656119901548816e+16,Degese,76561198074384700,awp,-1929.21435546875,1353.2528076171875,31.13128089904785,-2093.96533203125,3117.53857421875,35.70608901977539,True,-5.4132,4.0986,0.1517,1771.9672907196966,0.14123911169272468,-0.32299792265867383
de_dust2,119140,7.656119901548816e+16,Degese,76561199130088600,ak47,-1157.2991943359375,1064.22265625,-7.3529052734375,-1772.590576171875,1239.1016845703125,33.50806427001953,True,95.1224,-0.0985,0.7347,640.9647244114651,0.5508344877852261,0.40959537609250146
de_dust2,120622,7.656119901548816e+16,Degese,76561198158472300,ak47,-275.03125,922.9285278320312,-26.699951171875,-150.96539306640625,1239.67333984375,0.1174097061157226,True,-84.2236,-2.2388,0.2258,341.2312758782032,0.20359369206949432,-0.34724079571573185
de_dust2,136321,7.656119901548816e+16,Degese,76561198190202200,ak47,-1616.32861328125,1641.2779541015625,2.2828054428100586,-1092.529541015625,2617.23583984375,138.81610107421875,True,110.0099,1877773,0.4977,1116.019983541811,0.40393059801621284,0.20033690594671852
de_dust2,151189,7.656119901548816e+16,Degese,76561198074384700,awp,1565.1636962890625,497.5090026855469,-93.67669677734376,1223.069580078125,2982.7822265625,128.3631591796875,True,-30.3233,1370789,1468276.0,2518.5140617632665,14.199600162454576,13.795669564438363
de_dust2,162226,7.656119901548816e+16,Degese,76561199130088600,tec9,-2015.341064453125,1990.6292724609373,-0.5262451171875,-1740.581787109375,1995.534423828125,-3.2681884765625,True,-127.4417,0.9321,0.1375,274.8167375721151,0.12883287184296843,-14.070767290611608
de_mirage,16130,7.656119901549765e+16,Lurkan,76561198253819600,usp_silencer,-155.6314697265625,-2127.211181640625,-167.96875,-243.4482421875,-1965.5174560546875,-167.96875,False,40.7840,2347415,0.4833,184.0017565658451,0.39426933534742964,0.0
de_mirage,42255,7.656119901549765e+16,Lurkan,76561198330759100,deagle,-538.7385864257812,-1474.2933349609375,-49.3253173828125,-191.33740234375,-2380.673583984375,-165.83343505859375,True,-177.0358,0.6818,0.022,977.6435342218244,0.02176149178151269,-0.37250784356591693
de_mirage,48482,7.656119901549765e+16,Lurkan,76561199008333200,awp,-1613.7100830078125,-2185.239990234375,-255.2470703125,-1030.6839599609375,-2306.83984375,-167.96875,True,-84.8443,2446793,0.4639,601.9331272879593,0.381104107195229,0.3593426154137163
de_mirage,58657,7.656119901549765e+16,Lurkan,76561198330759100,m4a1_silencer,-1272.9666748046875,-1309.691162109375,-170.2427978515625,-507.6021728515625,-1573.5447998046875,-39.96875,True,-80.8700,0.0333,0.2548,819.9834696618192,0.22697619733438604,-0.154127909860843
de_mirage,65860,7.656119901549765e+16,Lurkan,76561198023280500,m4a1_silencer,-564.3138427734375,-368.833984375,-167.91839599609375,-75.487548828125,-582.0169067382812,-208.67291259765625,True,82.4785,2190148,1.0069,534.8448697174582,0.6965912429625004,0.4696150456281144
de_mirage,69359,7.656119901549765e+16,Lurkan,76561199008333200,ssg08,-1194.0281982421875,-597.3484497070312,-167.96875,320.1883239746094,-348.2431640625,-166.11492919921875,True,-12.0901,-9.1420,378453.0,1534.5711310141137,12.843849812109386,12.147258569146887
de_mirage,84740,7.656119901549765e+16,Lurkan,76561198180825500,deagle,464.23675537109375,-517.3470458984375,-159.96875,-486.6021728515625,-546.7902221679688,-273.9288330078125,True,171.1145,2158251,689274.0,958.096273122694,13.443395599537649,0.5995457874282621
de_mirage,88023,7.656119901549765e+16,Lurkan,76561199008333200,m4a1,-824.98095703125,-1366.15576171875,-167.96875,-658.5708618164062,-2319.068603515625,-176.2545166015625,True,-111.4927,0.3739,0.1349,967.3695559500438,0.12654454132495618,-13.316851058212693
de_mirage,104954,7.656119901549765e+16,Lurkan,76561198253819600,awp,-465.789794921875,-605.6730346679688,-275.37841796875,367.0859680175781,-833.5098266601562,-164.2130126953125,True,-50.8282,12.0802,0.9873,870.6028874331138,0.6867769335521018,0.5602323922271456
de_mirage,105053,7.656119901549765e+16,Lurkan,76561198023280500,awp,-457.34967041015625,-644.8239135742188,-274.1539306640625,117.5477066040039,-621.3650512695312,-172.1268310546875,True,-60.7019,2770610,0.8992,584.3516418844847,0.6414327448732665,-0.04534418867883527
de_mirage,118012,7.656119901549765e+16,Lurkan,76561198180825500,ak47,-155.82373046875,-459.204833984375,-167.2591552734375,-862.025634765625,-713.5432739257812,-264.5819702148437,True,-98.0794,-4.1456,0.7003,756.8889627762319,0.5308047060813031,-0.11062803879196337
de_mirage,131412,7.656119901549765e+16,Lurkan,76561198023280500,ak47,269.428955078125,-1527.52197265625,-175.96875,-343.5345458984375,-1767.429443359375,-167.96875,True,1180039,2.0658,1418604.0,658.2885750403201,14.165184552345632,13.634379846264329
de_mirage,3473,7.656119902512651e+16,BINI,76561198293373800,usp_silencer,-1059.5224609375,-1306.31396484375,-164.409912109375,-777.9192504882812,-1615.5657958984375,-167.96875,False,172.7040,-8.7407,0.0,418.26992298408896,0.0,0.0
de_mirage,3809,7.656119902512651e+16,BINI,76561198066018600,usp_silencer,-1088.185546875,-1375.6424560546875,-166.54638671875,-789.1575927734375,-1502.4647216796875,-167.96875,True,175.8729,-6.7906,0.1916,324.8132194196044,0.17529694185699016,0.17529694185699016
de_mirage,19967,7.656119902512651e+16,BINI,76561198293373800,ak47,-514.1221313476562,-1310.8433837890625,-159.96875,-834.6748046875,-2360.4736328125,-170.8209228515625,True,-88.1773,7.0258,1.0174,1097.5406351046527,0.701809553638598,0.5265126117816078
de_mirage,32216,7.656119902512651e+16,BINI,76561198843780600,ak47,-1250.6881103515625,492.7501525878906,-163.5220947265625,-2224.59814453125,584.3846435546875,-152.79681396484375,False,106.6216,5.0874,0.8868,978.2702419362666,0.6348822724279696,-0.06692728121062841
de_mirage,40482,7.656119902512651e+16,BINI,76561198066018600,m4a1_silencer,-624.043212890625,-1345.1461181640625,-167.96875,-444.16748046875,-1970.0921630859373,-179.96875,True,16.7088,-0.2458,0.9905,650.4281960199756,0.6883858634582349,0.05350359103026536
de_mirage,41013,7.656119902512651e+16,BINI,76561198991411500,m4a1_silencer,-712.0289306640625,-1417.2235107421875,-167.96875,-678.9866943359375,-1176.906494140625,-167.96875,False,-133.0606,2552072,1047883.0,242.57794180394748,13.862283450713964,13.173897587255729
de_mirage,44166,7.656119902512651e+16,BINI,76561198293373800,m4a1_silencer,-1936.4580078125,-202.7335205078125,-165.96875,-1572.1060791015625,-223.1142578125,-160.48248291015625,False,51.1499,2491015,0.7574,364.9627399270285,0.5638354440796056,-13.298448006634358
de_mirage,46341,7.656119902512651e+16,BINI,76561198066018600,m4a1_silencer,-1348.9737548828125,-964.5433959960938,-167.96875,-1120.46484375,-1112.330810546875,-167.96875,False,136.0753,-0.3299,0.0275,272.1349708631878,0.02712866738825262,-0.536706776691353
de_mirage,10424,7.656119902758459e+16,Valle,76561198180825500,usp_silencer,-2244.4150390625,821.2088623046875,-119.9493408203125,-1871.9676513671875,703.3917236328125,-32.125,True,-11.3297,1.0780,904373.0,400.388623223004,13.714998270631268,0.0
de_mirage,10523,7.656119902758459e+16,Valle,76561198253819600,usp_silencer,-2278.749755859375,782.4283447265625,-125.701171875,-1864.4896240234373,774.3701171875,-47.96875,True,18.5408,0.0319,0.0961,421.5669831359576,0.09175842523954066,-13.623239845391728
de_mirage,10727,7.656119902758459e+16,Valle,76561199008333200,usp_silencer,-2314.62255859375,803.8392944335938,-121.754150390625,-1518.56689453125,732.3152465820312,-47.96875,True,-141.8033,-2.5042,2864658.0,802.6609464885315,14.867959878359606,14.776201453120066
de_mirage,29889,7.656119902758459e+16,Valle,76561198253819600,knife_stiletto,-1870.3779296875,758.6627807617188,-47.96875,-1931.5758056640625,772.1173706054688,-47.96875,False,144.1780,-8.8007,0.2245,62.659444714314745,0.20253259741008536,-14.66542728094952
de_mirage,31928,7.656119902758459e+16,Valle,76561199008333200,ak47,-882.6478881835938,-379.1071166992188,-163.0218505859375,-1067.9658203125,-472.3460693359375,-263.96875,True,-0.4487,-11.2878,0.4504,230.708722762359,0.3718393804585043,0.16930678304841892
de_mirage,36665,7.656119902758459e+16,Valle,76561199008333200,awp,-1011.9389038085938,-1309.6572265625,-158.722900390625,-147.12371826171875,-2284.203857421875,-167.96875,True,42.0587,2009625,0.2619,1302.970424302422,0.2326185216767279,-0.1392208587817764
de_mirage,36875,7.656119902758459e+16,Valle,76561198180825500,awp,-1048.6387939453125,-1411.5858154296875,-166.1461181640625,-639.9107666015625,-1283.7484130859375,-150.1875,False,-159.9750,620945,377357.0,428.55067292913844,12.840949617965299,12.608331096288572
de_mirage,42041,7.656119902758459e+16,Valle,76561198180825500,awp,-1339.2587890625,-2455.478271484375,-204.65460205078125,-677.9910278320312,-2222.76513671875,-179.96875,True,58.2529,608527,0.1543,701.4555199203106,0.14349409963872947,-12.697455518326569
de_mirage,42439,7.656119902758459e+16,Valle,76561198023280500,awp,-827.3217163085938,-2540.765869140625,-35.96875,-626.6954956054688,-1185.209228515625,-167.96875,True,-144.2656,2387989,2518714.0,1376.6657860120424,14.739259408798945,14.595765309160216
de_mirage,46983,7.656119902758459e+16,Valle,76561198253819600,awp,-577.0245361328125,-2344.6259765625,-170.3585205078125,8.543970108032227,-2145.177978515625,-39.96875,True,2865450,0.3289,0.6456,632.19575424003,0.4981050593566103,-14.241154349442334
de_mirage,57979,7.656119902758459e+16,Valle,76561198180825500,deagle,-903.9682006835938,-437.2076416015625,-93.96875,-1002.3939819335938,-417.717041015625,-327.1065673828125,True,19.2958,0.7330,0.514,253.8124500884364,0.41475515501525706,-0.08334990434135325
de_mirage,71019,7.656119902758459e+16,Valle,76561198023280500,m4a1_silencer,-1081.5430908203125,-2329.438720703125,-167.96875,-523.5729370117188,-2298.716552734375,-172.063720703125,True,99.0823,0.0000,0.112,558.8303078135126,0.10616019582839065,-0.3085949591868664
de_mirage,71093,7.656119902758459e+16,Valle,76561198253819600,m4a1_silencer,-1070.043701171875,-2388.721923828125,-167.96875,-279.4262084960937,-2181.023681640625,-171.67431640625,True,-174.6960,0.1761,1.1864,817.452329347166,0.7822563556317211,0.6760961598033305
de_mirage,71422,7.656119902758459e+16,Valle,76561198330759100,ssg08,-606.5064697265625,-2464.53759765625,-167.96875,-261.5955810546875,-1528.0821533203125,-167.96875,False,141.7566,6.1050,0.3546,997.9540672550219,0.30350620779866627,-0.47875014783305486
de_mirage,74623,7.656119902758459e+16,Valle,76561198180825500,ak47,-653.4549560546875,-1968.074462890625,-179.96875,-962.4514770507812,-2502.86669921875,-106.53125,True,-76.9757,2.1667,0.6179,621.992485831442,0.481129012029154,0.1776228042304877
de_mirage,78185,7.656119902758459e+16,Valle,76561198023280500,p250,62.38851547241211,-2113.22021484375,-39.96875,-321.72021484375,-2176.416015625,-173.963623046875,True,158.8043,-0.2609,0.8859,411.68902334690165,0.6344051605361825,0.15327614850702848
de_mirage,100558,7.656119902758459e+16,Valle,76561199008333200,deagle,-85.07861328125,-2047.719970703125,-167.96875,6.429555892944336,-2071.440185546875,-167.96875,False,-169.9029,20.5094,0.7782,94.53250032579604,0.5756016167049015,-0.05880354383128095
de_mirage,109930,7.656119902758459e+16,Valle,76561198253819600,ak47,-1878.0111083984373,554.7286376953125,-165.71875,-2026.2889404296875,518.0848999023438,-166.684814453125,True,-92.5172,11.1240,0.4836,152.7416520529194,0.39447156663329863,-0.18113005007160288
de_mirage,111262,7.656119902758459e+16,Valle,76561198330759100,ak47,-1236.5745849609375,-992.9485473632812,-167.96875,-1130.4935302734375,-837.4619750976562,-167.96875,False,168.6813,-0.1143,1469007.0,188.22663020552056,14.200097901022737,13.805626334389439
de_mirage,112544,7.656119902758459e+16,Valle,76561198180825500,ak47,-663.92333984375,-730.7627563476562,-266.6158447265625,415.4837951660156,-497.4375,-166.3292236328125,True,33.5818,0.7931,0.8493,1108.8813483552203,0.6148071891086939,-13.585290711914043
de_mirage,118498,7.656119902758459e+16,Valle,76561198253819600,deagle,221.38528442382807,-253.98370361328125,-167.7022705078125,-416.0333251953125,-455.885498046875,-166.382568359375,True,-18.9301,302057,1092808.0,668.631856927311,13.904262003489492,13.289454814380798
de_mirage,122509,7.656119902758459e+16,Valle,76561198253819600,awp,-1810.5880126953125,700.1554565429688,-47.96875,-1047.010498046875,105.48387908935548,-169.13427734375,True,1455584,-8.0839,1516489.0,975.3799213251945,14.231909011957809,0.3276470084683165
de_mirage,126732,7.656119902758459e+16,Valle,76561199008333200,deagle,-944.032470703125,-382.7938232421875,-263.96875,-1113.532470703125,-646.0384521484375,-134.96875,True,-66.7801,2277409,0.2054,338.6280919356651,0.18681146206680668,-14.045097549891002
de_mirage,131031,7.656119902758459e+16,Valle,76561198253819600,deagle,64.06317138671875,-2212.239501953125,-39.96875,-1129.5731201171875,-1318.51318359375,-168.11572265625,True,-92.5279,475183,340805.0,1496.6415653470149,12.739068679416123,12.552257217349316
de_train,9663,7.656119903112086e+16,KENO ツ,76561198928544200,galilar,13.529398918151855,-1460.233642578125,-350.96875,925.1290283203124,-1051.802490234375,-342.96875,True,178.7129,-5.9093,0.7872,998.9463902187143,0.5806501493327992,0.0
de_train,10723,7.656119903112086e+16,KENO ツ,76561199134767700,galilar,-87.32977294921875,-1530.7158203125,-349.31365966796875,1025.598388671875,-982.9905395507812,-317.96875,True,-177.7797,1458141,0.2481,1240.804005263081,0.22162239494227096,-0.35902775439052825
de_train,13937,7.656119903112086e+16,KENO ツ,76561198928544200,galilar,-792.5459594726562,-1714.228271484375,-153.96875,291.84326171875,-1574.40380859375,-176.96875,True,-57.5982,1915485,0.5886,1093.6086427322875,0.46285312521689465,0.2412307302746237
de_train,19758,7.656119903112086e+16,KENO ツ,76561199222029200,ak47,471.23876953125,-1126.12744140625,-347.458740234375,219.03167724609372,-1775.96875,-166.96875,True,1812579,0.9239,1.1393,720.0547064831779,0.7604786727202305,0.29762554750333586
de_train,21269,7.656119903112086e+16,KENO ツ,76561199204782200,ak47,1306.6634521484375,-810.9773559570312,-320.96875,1437.5145263671875,-1084.2984619140625,-326.7197265625,True,-38.2637,1525315,2133869.0,303.08332899913506,14.57344779052525,13.81296911780502
de_train,24097,7.656119903112086e+16,KENO ツ,76561199134767700,ak47,-589.6417846679688,-875.4537353515625,-318.96875,908.1322021484376,-829.2442016601562,-271.96875,True,162.3004,2.0812,1645054.0,1499.223544568284,14.31328437627314,-0.2601634142521103
de_train,58340,7.656119903112086e+16,KENO ツ,76561199204782200,ak47,513.018798828125,627.42626953125,-215.96875,-692.2590942382812,482.12109375,-215.96875,True,-152.6667,659355,1.0836,1214.005104447018,0.7340971668888994,-13.57918720938424
de_train,85477,7.656119903112086e+16,KENO ツ,76561199134767700,mp5sd,33.446556091308594,-1256.5960693359375,-275.96875,-411.82275390625,-1039.0882568359375,-350.96875,True,67.2047,2090285,0.8859,501.19797178783267,0.6344051605361825,-0.09969200635271691
de_train,108624,7.656119903112086e+16,KENO ツ,76561198928544200,aug,150.39691162109375,-274.512451171875,-215.96875,-475.162841796875,142.76690673828125,-215.96875,True,-6.9832,-0.2156,0.5662,751.9621450806299,0.4486523033347003,-0.18575285720148216
de_train,10907,7.656119903286746e+16,chitanos,76561199090283400,deagle,1256.595458984375,-812.9309692382812,-320.96875,981.8545532226562,-947.5238647460938,-317.96875,True,-94.8659,0.5236,1.017,305.95230481228043,0.7016112589720747,0.0
de_train,14552,7.656119903286746e+16,chitanos,76561199204782200,ak47,1025.500244140625,1139.1907958984375,-215.96875,1227.52587890625,365.4698791503906,-211.96875,True,-106.9880,13.2759,2864538.0,799.6714413531921,14.867917987679613,14.16630672870754
de_train,18379,7.656119903286746e+16,chitanos,76561198928544200,ak47,-980.9835205078124,-319.940673828125,18.03125,-983.22802734375,-1737.3699951171875,-153.96875,True,-56.7145,1571000,0.4871,1427.828742763259,0.3968279147125008,-14.471090072967112
de_train,21073,7.656119903286746e+16,chitanos,76561199090283400,ak47,-1229.573974609375,-564.3529052734375,-88.27349853515625,-991.8787841796876,-520.3343505859375,1.703125,False,-160.4114,0.8377,0.0439,257.93880959050927,0.04296369943211567,-0.35386421528038514
de_train,34388,7.656119903286746e+16,chitanos,76561199090283400,ak47,1057.4984130859375,1176.4635009765625,-215.96875,1029.5809326171875,460.1951599121094,-211.96875,True,-43.4502,14.3392,0.8053,716.8233548978066,0.5907267829604754,0.5477630835283598
de_train,36228,7.656119903286746e+16,chitanos,76561198928544200,ak47,994.1603393554688,-873.7738037109375,-318.96875,1061.96337890625,-1635.5823974609375,-318.96875,False,-10.9383,19.1942,0.575,764.8199694592691,0.4542552722775964,-0.13647151068287905
de_train,39082,7.656119903286746e+16,chitanos,76561199090283400,deagle,1085.4742431640625,1550.3709716796875,-215.96875,1025.971435546875,434.626220703125,-211.96875,True,133.5704,-0.1284,0.6423,1117.3374304327585,0.4960976983613782,0.0418424260837818
de_train,50121,7.656119903286746e+16,chitanos,76561199090283400,ak47,1079.6708984375,663.6250610351562,-211.96875,1142.8267822265625,592.8405151367188,-211.96875,False,-177.2386,55274,956238.0,94.8636790095428,13.770763160788746,13.274665462427368
de_train,63992,7.656119903286746e+16,chitanos,76561199204782200,deagle,336.2164001464844,556.9374389648438,-215.96875,-233.96875,-287.9686279296875,-207.982421875,True,-92.6566,-1.2984,1.0031,1019.3336788116418,0.6946959805497959,-13.076067180238951
de_train,64605,7.656119903286746e+16,chitanos,76561199090283400,deagle,909.2327880859376,238.5538330078125,-211.96875,1104.70703125,728.3223266601562,-211.96875,False,-178.4001,0.5785,0.5631,527.3360950238936,0.44667102891928845,-0.24802495163050742
de_train,66121,7.656119903286746e+16,chitanos,76561199222029200,deagle,706.0888061523438,-1003.9378051757812,-172.7626953125,-149.402587890625,-1432.38525390625,-305.90625,True,-92.7916,-0.3244,0.2367,966.0020433519036,0.21244654176587432,-0.23422448715341412
de_train,68989,7.656119903286746e+16,chitanos,76561199134767700,awp,621.1058349609375,1715.884521484375,-210.96875,1000.338134765625,1459.4713134765625,-214.96875,True,-6.7782,11.0880,2401958.0,457.80003326344365,14.691795212367312,14.479348670601437
de_train,75018,7.656119903286746e+16,chitanos,76561199204782200,usp_silencer,1021.9076538085938,554.73876953125,-211.96875,1046.1708984375,1667.1619873046875,-215.96875,True,-47.5337,226818,2472541.0,1112.6949808826007,14.720757329190139,0.0289621168228269
de_train,79809,7.656119903286746e+16,chitanos,76561199222029200,m4a1_silencer,1097.5869140625,-1745.967041015625,-318.60455322265625,665.469482421875,-1165.55419921875,-315.09375,False,-154.8664,-5.6717,0.4494,723.6137556664347,0.371149677693044,-14.349607651497095
de_train,80502,7.656119903286746e+16,chitanos,76561198928544200,m4a1_silencer,792.602783203125,-958.9866333007812,-235.944091796875,-640.00341796875,-863.2692260742188,-305.2577514648437,True,-124.1716,-0.4638,0.2973,1437.4723416813463,0.2602851815948297,-0.1108644960982143
de_train,101063,7.656119903286746e+16,chitanos,76561199134767700,deagle,366.2528381347656,-206.083740234375,-215.96875,230.68930053710935,-317.2416381835937,-217.0400390625,True,127.9276,-1.4838,0.2968,175.31314458059188,0.25989969143932934,-0.0003854901555003787
de_dust2,2688,7.65611990397702e+16,SEYIT #RUSTFIRE,76561199045569900,glock,1160.191162109375,537.5043334960938,7.471628189086914,1431.6719970703125,2462.9033203125,40.31914138793945,False,179.6900,428917,0.275,1944.7215896647213,0.24294617861038947,0.0
de_dust2,3422,7.65611990397702e+16,SEYIT #RUSTFIRE,76561199558996700,glock,1564.9512939453125,1946.2923583984373,-9.10235595703125,168.5795135498047,2378.5009765625,-120.05029296875,True,17.4226,0.5644,1.1014,1465.935838782641,0.7426037892725378,0.4996576106621483
de_dust2,4374,7.65611990397702e+16,SEYIT #RUSTFIRE,76561198294497800,glock,1537.3486328125,1993.358642578125,-9.86798095703125,-673.7828979492188,2271.200439453125,-116.95703125,True,109.5323,0.8562,1364183.0,2231.0909383330927,14.126067005648418,13.38346321637588
de_dust2,11513,7.65611990397702e+16,SEYIT #RUSTFIRE,76561198846732900,ak47,1709.045654296875,2031.929443359375,60.57795715332031,1161.87451171875,2038.034423828125,2.13587498664856,True,35.4144,1.1000,0.4899,550.3171876515858,0.39870900361115647,-13.727358002037262
de_dust2,13898,7.65611990397702e+16,SEYIT #RUSTFIRE,76561198846732900,ak47,833.847900390625,859.0233154296875,0.1699223518371582,1331.74755859375,1192.786865234375,-3.265380859375,True,-90.0000,0.0000,0.0,599.4280424914801,0.0,-0.39870900361115647
de_dust2,31178,7.65611990397702e+16,SEYIT #RUSTFIRE,76561198294497800,galilar,-603.7019653320312,1858.0462646484373,-118.6483154296875,-42.12554931640625,2173.495361328125,-128.415771484375,True,-2.5650,13.0349,0.5569,644.1828985767672,0.4426966647134918,0.4426966647134918
de_dust2,31247,7.65611990397702e+16,SEYIT #RUSTFIRE,76561199558996700,galilar,-603.2966918945312,1860.995361328125,-118.68060302734376,-186.10296630859372,2085.647216796875,-125.5338134765625,False,-21.4704,2631939,2858145.0,473.8839808722046,14.86568372084177,14.422987056128278
de_dust2,37045,7.65611990397702e+16,SEYIT #RUSTFIRE,76561199558996700,awp,1368.4180908203125,2640.8525390625,87.5200424194336,1423.13427734375,1161.64501953125,-10.01690673828125,False,30.8070,2505290,1779829.0,1483.429204025745,14.392028412089338,-0.47365530875243067
de_dust2,52423,7.65611990397702e+16,SEYIT #RUSTFIRE,76561198846732900,ak47,311.0665283203125,2024.9913330078125,97.2744369506836,934.2937622070312,2516.275146484375,96.2485809326172,True,82.4376,5.1217,0.973,793.5823982566236,0.6795552270404783,-13.71247318504886
de_dust2,53230,7.65611990397702e+16,SEYIT #RUSTFIRE,76561198294497800,ak47,-136.69232177734375,2073.03466796875,-123.99786376953124,-402.8552856445313,2370.47802734375,-102.98052978515624,False,-142.7852,2.1568,362689.0,399.6961392091021,12.801303753895594,12.121748526855116
de_dust2,74820,7.65611990397702e+16,SEYIT #RUSTFIRE,76561198294497800,usp_silencer,-1624.03515625,931.1221923828124,35.224693298339844,-1802.82666015625,992.3286743164062,40.188594818115234,False,101.2823,170782,2547600.0,189.04305228715492,14.75066269000557,1.9493589361099755
de_dust2,112503,7.65611990397702e+16,SEYIT #RUSTFIRE,76561198168074900,m4a1,-109.6634521484375,1581.634521484375,2.2440309524536133,-178.0567626953125,316.9905700683594,2.160104751586914,True,173.8350,2672513,0.04,1266.4919959574488,0.039220713153281295,-14.711441976852289
de_dust2,117566,7.65611990397702e+16,SEYIT #RUSTFIRE,76561198168074900,m4a1,1433.823974609375,1277.84228515625,-11.36309814453125,674.1083374023438,777.2383422851562,0.627408504486084,True,809957,-4.8759,0.4169,909.8988566234551,0.34847138658804405,0.30925067343476276
de_dust2,2268,7.656119904556997e+16,Toya<3,76561199486891200,usp_silencer,1505.235595703125,1360.7509765625,-7.672119140625,662.5426025390625,853.2265625,-0.13641357421875,True,174.2449,0.0000,0.1099,983.7526612191066,0.10426992117579677,0.0
de_dust2,9728,7.656119904556997e+16,Toya<3,76561198203876300,ssg08,-415.086669921875,2423.68115234375,-89.93426513671875,-401.1319580078125,-473.4759521484375,0.6755063533782959,True,-5.2745,3.1256,786766.0,2898.6072781223133,13.575687422573727,13.47141750139793
de_dust2,46520,7.656119904556997e+16,Toya<3,76561198203876300,m4a1_silencer,-292.289306640625,1495.03515625,-124.8675537109375,-440.665771484375,1644.4244384765625,-125.55413818359376,False,166.9754,513714,0.6234,210.55451636555844,0.48452271534493824,-13.091164707228788
de_dust2,46649,7.656119904556997e+16,Toya<3,76561199039770200,m4a1_silencer,-436.4901123046875,1506.4541015625,-125.89141845703124,-228.8399658203125,1141.004638671875,32.052879333496094,True,-103.2423,2.0610,100444.0,449.0192584584446,11.51736559299625,11.03284287765131
de_dust2,50990,7.656119904556997e+16,Toya<3,76561199486891200,ak47,-1005.43896484375,1378.696044921875,-112.177978515625,-692.4664916992188,1463.032958984375,-112.43597412109376,True,64.7723,0.0484,0.0484,324.13662332652615,0.04726519246711422,-11.470100400529136
de_dust2,51081,7.656119904556997e+16,Toya<3,76561198203876300,ak47,-996.8772583007812,1445.6187744140625,-112.6279296875,-457.3646240234375,1361.4384765625,-124.83319091796876,True,28.3557,1564002,0.9158,546.1768701555941,0.6501352899666543,0.60287009749954
de_dust2,88468,7.656119904556997e+16,Toya<3,76561199039770200,ssg08,-419.0100708007813,-440.7208862304688,0.3220577239990234,-426.800537109375,2363.102294921875,-104.6773681640625,True,-28.3156,1102912,1396475.0,2805.799351694518,14.149462478397993,13.499327188431339
de_dust2,93320,7.656119904556997e+16,Toya<3,76561198203876300,ssg08,1496.49169921875,2033.07666015625,-10.25958251953125,-751.2435913085938,2276.177490234375,-110.336669921875,True,178.0070,297429,0.4166,2263.057085733732,0.34825963433738516,-13.801202844060608
de_dust2,115070,7.656119904556997e+16,Toya<3,76561198274201900,ak47,360.3272705078125,2070.532958984375,95.67206573486328,1186.7236328125,2262.760986328125,8.508063316345215,True,61.8558,10.0319,0.5098,852.9244547112629,0.4119771917233874,0.06371755738600227
de_dust2,115428,7.656119904556997e+16,Toya<3,76561198203876300,ak47,370.5397338867188,2050.032958984375,95.45165252685548,1241.6890869140625,2235.357666015625,8.619481086730957,True,77.1646,-0.3255,1.1897,894.866620403949,0.7837645481435592,0.3717873564201718
de_dust2,117836,7.656119904556997e+16,Toya<3,76561199486891200,ak47,-279.1650390625,937.0241088867188,-30.22381591796875,-124.88818359375,1482.010009765625,0.1650629043579101,True,-117.2186,30.8441,0.6169,567.21641746885,0.48051073576363185,-0.3032538123799274
de_dust2,118790,7.656119904556997e+16,Toya<3,76561198167700500,awp,357.15594482421875,1964.060302734375,96.04881286621094,1173.92578125,2880.49267578125,127.6650390625,True,-90.1535,-2.9938,0.2768,1227.9905723669947,0.24435694771340727,-0.23615378805022458
de_dust2,120121,7.656119904556997e+16,Toya<3,76561198274201900,awp,539.71533203125,2072.03173828125,-109.0389404296875,455.7175598144531,2079.420166015625,-125.4521484375,False,-79.8572,606760,606304.0,85.90464480386782,13.315138438768354,13.070781491054946
de_train,3481,7.656119904597877e+16,rimtu111,76561199222029200,glock,-371.8491821289063,-1202.236572265625,-350.96875,189.5491180419922,-1096.3883056640625,-342.21319580078125,False,23.5492,1.0780,0.2615,571.3567770724918,0.23230148909897538,0.0
de_train,24714,7.656119904597877e+16,rimtu111,76561199222029200,ak47,-333.2613525390625,382.9295043945313,-215.96875,481.29827880859375,569.3236694335938,-215.96875,True,0.5098,0.1123,1109974.0,835.6136534199516,13.919848050512359,13.687546561413383
de_train,29148,7.656119904597877e+16,rimtu111,76561198928544200,mac10,-104.0465087890625,-1471.9305419921875,-350.96875,618.3434448242188,-1379.430908203125,-350.96875,False,86.1582,252140,0.2784,728.2880112513931,0.24560929602987316,-13.674238754482486
de_train,29626,7.656119904597877e+16,rimtu111,76561199222029200,mac10,-410.2340698242188,-1127.874755859375,-350.96875,312.3680114746094,-1720.2291259765625,-166.96875,True,25.7911,0.0278,0.9024,952.3095440529451,0.6431162469543803,0.39750695092450716
de_train,34174,7.656119904597877e+16,rimtu111,76561199204782200,galilar,-468.7509765625,220.3319854736328,-215.96875,-213.343505859375,70.30802154541016,-215.96875,True,-84.0286,2268066,0.4338,296.2096653448437,0.36032826243663485,-0.28278798451774545
de_train,34972,7.656119904597877e+16,rimtu111,76561199222029200,ak47,84.92387390136719,-68.353515625,-215.96875,-459.43109130859375,-184.9593505859375,-215.96875,True,-78.5196,584510,0.6512,556.7039149275629,0.5015022963051066,0.14117403386847172
de_train,39297,7.656119904597877e+16,rimtu111,76561199222029200,ak47,-893.7155151367188,-339.516845703125,-213.46875,-616.4613647460938,-375.3739013671875,-213.46875,False,2706204,-0.6218,0.087,279.56321709002236,0.08342160813907239,-0.41808068816603416
de_train,39583,7.656119904597877e+16,rimtu111,76561199204782200,ak47,-475.89788818359375,-170.3013916015625,-215.96875,-219.772705078125,-149.16259765625,-215.96875,False,1105499,-10.2482,4.1297,256.99602726554406,1.6350471779405198,1.5516255698014474
de_train,40034,7.656119904597877e+16,rimtu111,76561198928544200,ak47,-141.85198974609375,56.84456253051758,-215.96875,922.5924072265624,244.10696411132807,-211.96875,True,-65.2231,2316005,1515119.0,1080.7983536683864,14.231005201709618,12.595958023769098
de_train,64192,7.656119904597877e+16,rimtu111,76561199134767700,ak47,-396.9095458984375,-150.1319580078125,-215.96875,550.7366333007812,-247.82647705078125,-215.96875,False,-84.1697,2310981,489824.0,952.6686202462611,13.101803463438968,-1.12920173827065
de_train,64490,7.656119904597877e+16,rimtu111,76561198928544200,ak47,51.52889633178711,-97.18084716796876,-215.96875,487.3176879882813,-671.115234375,-215.96875,True,-12.9745,0.5294,0.503,720.633437853211,0.40746311077083747,-12.69434035266813
de_train,70713,7.656119904597877e+16,rimtu111,76561199222029200,ak47,667.2125854492188,-218.13916015625,-215.96875,368.8908081054688,-196.03375244140625,-176.71875,False,114.0000,0.0000,0.0,301.7036532555968,0.0,-0.40746311077083747
de_train,75595,7.656119904597877e+16,rimtu111,76561199090283400,usp_silencer,1037.148681640625,396.6627197265625,-211.96875,1121.3037109375,1558.7425537109375,-215.96875,True,-13.1270,0.7690,0.7204,1165.129868087292,0.5425568219274441,0.5425568219274441
de_train,79652,7.656119904597877e+16,rimtu111,76561199090283400,mp9,-1049.1199951171875,-550.624267578125,-88.03656005859375,-915.5352783203124,-1769.5091552734375,-153.96875,True,50.9958,2582022,3.1539,1227.9545185731374,1.4240476519816823,0.8814908300542381
de_train,86281,7.656119904597877e+16,rimtu111,76561199204782200,m4a1_silencer,730.0452270507812,-962.449951171875,-229.96875,-565.5767211914062,-1751.9678955078125,-151.96875,True,-35.4361,0.1020,0.6913,1519.2296788818096,0.5254974639978592,-0.898550187983823
de_train,86747,7.656119904597877e+16,rimtu111,76561199090283400,m4a1_silencer,744.7079467773438,-1033.3240966796875,-172.7626953125,-681.133056640625,-1781.967041015625,-153.96875,True,-171.3967,1971733,0.0155,1610.5409145726012,0.015381102038302324,-0.5101163619595569
de_train,89389,7.656119904597877e+16,rimtu111,76561199134767700,m4a1_silencer,610.0386352539062,729.3211059570312,-215.96875,41.12663269042969,465.59088134765625,-215.96875,True,172.9955,796628,2367535.0,627.068176543266,14.677360309840173,14.66197920780187
de_train,100507,7.656119904597877e+16,rimtu111,76561198928544200,mp9,-196.77398681640625,111.11334991455078,-215.96875,-442.9490966796875,-317.5850830078125,-213.967529296875,True,131.7917,-0.9259,1.0055,494.3566890319086,0.6958934062279706,-13.981466903612203
de_train,104374,7.656119904597877e+16,rimtu111,76561199134767700,cz75a,-348.827880859375,587.9259643554688,-215.96875,-586.8046264648438,409.689697265625,-215.96875,True,-149.0282,-2.4420,0.1474,297.32322202460426,0.13749851318563364,-0.5583948930423369
de_train,109709,7.656119904597877e+16,rimtu111,76561199090283400,m4a1_silencer,-432.5325927734375,-373.7872924804688,-214.96875,-715.7620239257812,-310.024169921875,-213.46875,True,-84.3493,0.5898,0.25,290.3220564636839,0.22314355131420976,0.08564503812857613
de_train,109889,7.656119904597877e+16,rimtu111,76561199204782200,ak47,-670.750244140625,-324.5927734375,-213.46875,-1264.0220947265625,-382.7296752929688,-132.96875,True,85.2433,646847,0.2647,601.5244284773606,0.23483493990379364,0.011691388589583879
de_ancient,2223,7.656119904923138e+16,strongbow,76561199129496500,usp_silencer,1118.286376953125,307.6221618652344,120.18080139160156,1194.4886474609375,-590.6770629882812,29.03125,True,91.0952,-6.6773,0.1066,906.1216938810499,0.10129225148187232,0.0
de_ancient,7634,7.656119904923138e+16,strongbow,76561198032470700,m4a1_silencer,1125.9671630859375,176.9996337890625,130.58990478515625,1221.317138671875,-485.5367431640625,41.44833755493164,True,-92.3435,161133,0.7417,675.2720101104983,0.5548616477556022,0.4535693962737299
de_ancient,8678,7.656119904923138e+16,strongbow,76561198055327500,m4a1_silencer,1336.35791015625,-692.1427001953125,10.762003898620604,867.2816772460938,-824.7638549804688,38.175567626953125,False,-76.0165,1924555,0.9447,488.23394643758525,0.6651077235286995,0.11024607577309731
de_ancient,11756,7.656119904923138e+16,strongbow,76561198055327500,m4a1_silencer,-188.0,1186.9295654296875,59.26357269287109,-775.2476196289062,1410.1746826171875,72.34898376464844,True,-85.7236,0.7715,0.581,628.3863278993223,0.45805755822733496,-0.20705016530136455
de_ancient,12400,7.656119904923138e+16,strongbow,76561198032470700,m4a1_silencer,-1045.729736328125,1133.774169921875,68.03125,-1044.0335693359375,644.1514892578125,106.4565887451172,False,114.8143,11.1868,505864.0,491.1310955954682,13.1340251142536,12.675967556026265
de_ancient,32182,7.656119904923138e+16,strongbow,76561198032470700,m4a1_silencer,1341.6419677734375,-850.9935302734375,1.7874736785888672,745.51025390625,-639.3765869140625,107.015625,False,107.9997,2775935,0.5569,641.2703913526002,0.4426966647134918,-12.691328449540109
de_ancient,32559,7.656119904923138e+16,strongbow,76561199173174300,usp_silencer,1278.748779296875,-731.3775634765625,6.595411777496338,624.0325317382812,-653.650390625,107.32516479492188,False,159.5438,2726203,0.7907,666.9642879192663,0.5826066048605768,0.13990994014708502
de_ancient,35599,7.656119904923138e+16,strongbow,76561199173174300,ak47,1383.9693603515625,-550.7042236328125,38.0637092590332,328.4372253417969,-903.9676513671876,151.04556274414062,True,-89.8870,0.6777,0.0,1118.7975851912822,0.0,-0.5826066048605768
de_ancient,37947,7.656119904923138e+16,strongbow,76561199129496500,ak47,-511.4427490234375,-402.73193359375,53.28450775146485,-873.3902587890625,-768.3594970703125,36.711700439453125,False,-58.9156,2248556,0.2417,514.7467075577522,0.21648140844065936,0.21648140844065936
de_ancient,51497,7.656119904923138e+16,strongbow,76561199173174300,ak47,1284.4759521484375,-829.2645263671875,1.85874605178833,627.607421875,-567.66748046875,127.86515045166016,False,-175.7970,2.1451,0.3939,718.1830507859115,0.33210557375370364,0.11562416531304429
de_mirage,10096,7.656119906590134e+16,qw3z1,76561198330759100,usp_silencer,-658.3804931640625,-947.313720703125,-215.96875,-491.33502197265625,-372.24609375,-166.64483642578125,True,-120.6000,2403664,0.6085,600.8658864216993,0.475302067696944,0.0
de_mirage,13259,7.656119906590134e+16,qw3z1,76561198023280500,m4a1_silencer,-682.031005859375,-2189.193603515625,-179.96875,271.6160888671875,-1533.3614501953125,-175.96875,True,-96.0294,-0.9009,2513295.0,1157.3999285507025,14.737105597094299,14.261803529397355
de_mirage,35546,7.656119906590134e+16,qw3z1,76561198253819600,m4a1_silencer,-628.556396484375,-2271.863037109375,-179.1165771484375,47.4555778503418,-1438.199462890625,-174.31414794921875,True,33.9429,-0.4841,0.3789,1073.317384443817,0.32128607986555846,-14.41581951722874
de_mirage,36035,7.656119906590134e+16,qw3z1,76561198023280500,m4a1_silencer,-740.4274291992188,-2084.743896484375,-179.96875,171.94578552246094,-1458.822021484375,-175.96875,True,139.6280,2161507,1459511.0,1106.4443395603269,14.19361269123634,13.87232661137078
de_mirage,52001,7.656119906590134e+16,qw3z1,76561198180825500,deagle,-1010.4327392578124,-2457.93359375,-167.96875,-77.44390869140625,-2051.716552734375,-68.1875,False,-156.2819,33.6048,1936549.0,1022.4660093248688,14.476418597381569,0.2828059061452297
de_mirage,57874,7.656119906590134e+16,qw3z1,76561198253819600,m4a1_silencer,-528.4674682617188,-1452.72021484375,-66.58380126953125,104.97924041748048,-2329.747802734375,-39.96875,True,-161.3016,-1.2119,1.1412,1082.1924429655928,0.7613664195370892,-13.71505217784448
de_mirage,78612,7.656119906590134e+16,qw3z1,76561198330759100,p250,-159.11065673828125,-1818.85546875,-167.96875,-974.2598266601562,-1520.0775146484375,-166.64324951171875,True,-0.0137,2185734,2803297.0,868.1809673293822,14.846307139158784,14.084940719621695
de_mirage,92903,7.656119906590134e+16,qw3z1,76561198180825500,awp,400.4225463867188,-185.271484375,-167.235107421875,-1170.8023681640625,-714.7315673828125,-167.96875,True,125.7979,598300,0.442,1658.0338506300714,0.36603103886275734,-14.480276100296026
de_mirage,94501,7.656119906590134e+16,qw3z1,76561198023280500,awp,350.63726806640625,-911.0311279296876,-164.13958740234375,-1153.2431640625,-601.9692993164062,-167.96875,True,-142.6588,1074546,0.0,1535.3143751467353,0.0,-0.36603103886275734
de_mirage,105514,7.656119906590134e+16,qw3z1,76561198330759100,awp,-1646.9364013671875,484.94818115234375,-168.79376220703125,-889.0424194335938,121.31919860839844,-171.2177734375,True,-3.6986,735690,798058.0,840.6159650087243,13.589937808535993,13.589937808535993
de_mirage,106171,7.656119906590134e+16,qw3z1,76561198180825500,ak47,-1251.7850341796875,516.5109252929688,-162.29986572265625,-1274.3453369140625,319.3464660644531,-166.65966796875,False,170.2232,1699507,0.5249,198.49886427374008,0.4219288341388295,-13.168008974397162
de_mirage,106250,7.656119906590134e+16,qw3z1,76561199008333200,ak47,-1349.12939453125,501.8930969238281,-164.8577880859375,-1186.1632080078125,167.4300079345703,-169.8277587890625,True,-178.3884,1799003,0.4522,372.08632930412523,0.37307964796400933,-0.04884918617482015
de_mirage,109925,7.656119906590134e+16,qw3z1,76561198023280500,ak47,-593.5724487304688,-1156.9178466796875,-167.96875,-764.6570434570312,-1369.8211669921875,-167.96875,False,44.6062,2857659,1.1324,273.1259093400681,0.757248105966469,0.38416845800245963
de_mirage,110657,7.656119906590134e+16,qw3z1,76561199008333200,ak47,-666.8935546875,-1254.4208984375,-167.96875,-602.6384887695312,-756.9298706054688,-261.96875,True,-161.5042,-0.0810,0.2847,510.3548140945605,0.25052522805542693,-0.506722877911042
de_mirage,115744,7.656119906590134e+16,qw3z1,76561198330759100,ak47,403.9570617675781,-483.6375732421875,-166.1978759765625,-1190.596435546875,-576.699462890625,-167.96875,True,-41.8376,20.7460,0.0659,1597.267825725385,0.06381951271295404,-0.18670571534247288
de_mirage,2033,7.656119906907229e+16,s1ngle,76561198991411500,hkp2000,-1146.381103515625,-676.4559936523438,-167.96875,407.4791870117188,-304.45831298828125,-166.30078125,True,163.3111,1793981,0.8861,1597.7693384894185,0.6345112050749881,0.0
de_mirage,2466,7.656119906907229e+16,s1ngle,76561198829315100,hkp2000,-1147.0430908203125,-681.5501098632812,-167.96875,477.6709899902344,-315.501708984375,-160.6773681640625,True,44.7013,-3.4453,0.0829,1665.4550250364439,0.07964262765219669,-0.5548685774227915
de_mirage,22317,7.656119906907229e+16,s1ngle,76561198843780600,m4a1,-765.5955810546875,-393.302734375,-167.91729736328125,354.9691467285156,-457.015625,-164.24029541015625,False,92.5365,7.0275,0.2943,1122.3805780246737,0.2579700084662554,0.1783273808140587
de_mirage,24027,7.656119906907229e+16,s1ngle,76561198829315100,m4a1,122.06105041503906,-391.3126220703125,-171.85369873046875,418.5404357910156,487.5111999511719,-263.3272705078125,True,174.4135,-0.8133,0.0,931.9864539997732,0.0,-0.2579700084662554
de_mirage,25675,7.656119906907229e+16,s1ngle,76561198293373800,m4a1,334.4903259277344,430.7033996582031,-265.66650390625,536.269287109375,622.3126220703125,-135.96875,True,-94.2538,-14.2033,0.4841,307.0021997596132,0.39480852791963555,0.39480852791963555
de_mirage,32679,7.656119906907229e+16,s1ngle,76561198066018600,awp,-2565.606689453125,338.9014892578125,-167.96875,-1738.26416015625,820.0241088867188,-47.96875,True,-159.5864,15.1141,0.0,964.5592962083418,0.0,-0.39480852791963555
de_mirage,36369,7.656119906907229e+16,s1ngle,76561198293373800,awp,-2343.6474609375,430.6922302246094,-167.96875,-1744.316162109375,838.5250854492188,-47.96875,True,-94.8886,-2.3926,0.3446,734.7963279410591,0.2960965710527993,0.2960965710527993
de_mirage,40900,7.656119906907229e+16,s1ngle,76561198293373800,awp,-1304.2149658203125,-1161.5439453125,-167.96875,67.48059844970703,-2203.58251953125,-39.96875,True,90.2091,2882404,241824.0,1727.3613146061516,12.395969603050748,12.099873031997948
de_train,5062,7.656119907201709e+16,szczurson,76561199090283400,glock,707.9660034179688,-190.34832763671875,-215.96875,118.95220947265624,-207.05712890625,-215.96875,False,48.9691,10.1641,0.8287,589.2507390726937,0.6036053318984502,0.0
de_train,5776,7.656119907201709e+16,szczurson,76561198928544200,usp_silencer,-820.9761352539062,630.2252807617188,-215.96875,-699.5020751953125,765.9264526367188,-215.96875,False,48.7790,1259905,0.2831,182.12840337346378,0.2492790249188356,-0.35432630697961465
de_train,6506,7.656119907201709e+16,szczurson,76561199204782200,usp_silencer,-400.9568481445313,1630.0626220703125,-216.1495361328125,519.4152221679688,1672.232666015625,-215.96875,True,-6.3752,-3.2726,386794.0,921.3376650833791,12.865650115900685,12.616371090981849
de_train,33911,7.656119907201709e+16,szczurson,76561199134767700,ak47,-230.5595703125,689.9674072265625,-171.96875,700.6507568359375,-118.79547119140624,-215.96875,True,-75.3920,6.0284,360132.0,1234.1742449487504,12.794228686648943,-0.07142142925174255
de_train,38551,7.656119907201709e+16,szczurson,76561199134767700,awp,-871.4068603515625,596.31982421875,-215.96875,814.0391845703125,216.2371368408203,-211.96875,True,146.2260,3.0515,0.0642,1727.7752225296033,0.06222334318013186,-12.73200534346881
de_train,56808,7.656119907201709e+16,szczurson,76561198928544200,ssg08,170.26365661621094,-248.8587646484375,-215.96875,702.0889282226562,-193.7100830078125,-215.96875,False,-39.3620,-10.6921,0.0,534.6770021292933,0.0,-0.06222334318013186
de_train,71986,7.656119907201709e+16,szczurson,76561199090283400,awp,233.10443115234372,-442.95452880859375,-216.72186279296875,540.971923828125,-666.3441162109375,-215.96875,True,150.3867,1608529,0.0,380.375956108086,0.0,0.0
de_train,75973,7.656119907201709e+16,szczurson,76561199134767700,usp_silencer,-338.6690673828125,1668.107421875,-214.248046875,946.7719116210938,1538.3121337890625,-215.96875,False,-176.3979,1659054,0.5291,1291.978439499312,0.4246793270319687,0.4246793270319687
de_train,79043,7.656119907201709e+16,szczurson,76561199134767700,m4a1_silencer,-1186.82763671875,-526.3062133789062,-88.09375,-923.2592163085938,-879.4130249023438,-153.96875,True,2593344,0.2887,0.3963,445.5246886613056,0.333825880966012,-0.09085344606595669
de_train,79056,7.656119907201709e+16,szczurson,76561199204782200,m4a1_silencer,-1183.55810546875,-525.3121337890625,-88.09375,-895.6759033203125,-908.96826171875,-152.96875,True,54.4482,1023258,0.8623,484.0216445953988,0.6218122829553232,0.2879864019893112
de_train,83285,7.656119907201709e+16,szczurson,76561199222029200,m4a1_silencer,-900.0209350585938,-300.0322265625,-213.46875,-1269.5516357421875,-331.0467529296875,-132.96875,True,52.5064,902210,0.7219,379.46684913637546,0.5434283323100031,-0.07838395064532011
de_train,83373,7.656119907201709e+16,szczurson,76561198928544200,m4a1_silencer,-834.606689453125,-350.8868408203125,-213.46875,-1323.498046875,-339.8201904296875,-132.96875,True,-5.9237,1161504,0.2951,495.59810341916346,0.25858791224740446,-0.28484042006259863
de_train,104194,7.656119907201709e+16,szczurson,76561198928544200,deagle,-365.7255859375,320.3366394042969,-215.96875,-856.7843017578125,615.0241088867188,-215.96875,True,155.2454,16.0277,0.0,572.6948289037083,0.0,-0.25858791224740446
de_train,108696,7.656119907201709e+16,szczurson,76561199134767700,m4a1_silencer,-931.2684936523438,-1767.08203125,-153.96875,-1159.7357177734375,-529.8529052734375,-88.96875,True,-154.6381,956572,0.0659,1259.8246634600891,0.06381951271295404,0.06381951271295404
de_train,113383,7.656119907201709e+16,szczurson,76561199090283400,m4a1_silencer,-577.9389038085938,440.7875671386719,-215.96875,-863.5478515625,653.2039794921875,-215.96875,True,-11.8041,-1.4550,0.2248,355.93988716387537,0.20277756536133695,0.1389580526483829
de_dust2,3154,7.65611990805126e+16,Saitama,76561197990926400,glock,-1403.663330078125,1217.146240234375,34.87311553955078,-1086.7230224609375,1114.5198974609375,-39.39208984375,True,-80.8656,11049,508786.0,341.3189791883135,13.139784740367169,0.0
de_dust2,12542,7.65611990805126e+16,Saitama,76561197990926400,galilar,715.9120483398438,495.1431579589844,0.5660848617553711,596.9423828125,710.0567016601562,1.0790133476257324,False,29.2576,820671,0.3739,245.64583382893994,0.31765341094776545,-12.822131329419404
de_dust2,14177,7.65611990805126e+16,Saitama,76561199261576700,galilar,1274.6309814453125,1593.0390625,0.748793363571167,1310.31689453125,2792.31103515625,120.95633697509766,True,48.0648,-1.4886,0.21,1205.8095215798835,0.19062035960864973,-0.12703305133911572
de_dust2,14699,7.65611990805126e+16,Saitama,76561198828762300,galilar,1473.0804443359375,2008.9876708984373,-10.24298095703125,478.0549011230469,2159.39990234375,-127.64190673828124,True,165.1945,14.6839,2054216.0,1013.154568064053,14.535405311407375,14.344784951798726
de_dust2,15085,7.65611990805126e+16,Saitama,76561198334928100,galilar,1525.2938232421875,2566.55615234375,65.66091918945312,336.4728698730469,1966.5465087890625,97.15562438964844,True,148.9702,1292503,1245844.0,1332.0280582569508,14.035324572517617,-0.5000807388897588
de_dust2,57910,7.65611990805126e+16,Saitama,76561199261576700,usp_silencer,1418.62890625,1308.64111328125,-11.4444580078125,646.6697998046875,744.1767578125,0.7934784889221191,True,-22.3256,0.0522,0.0299,956.3946035545656,0.02946171014961901,-14.005862862367998
de_dust2,58104,7.65611990805126e+16,Saitama,76561197990926400,usp_silencer,1315.364501953125,1459.4378662109375,1.03125,1201.0201416015625,908.6121826171876,-0.60107421875,True,-69.0000,16.5924,0.6011,562.5710896705277,0.47069089302587175,0.44122918287625273
de_dust2,90760,7.65611990805126e+16,Saitama,76561197990926400,ak47,1547.441650390625,1415.7601318359375,1.0312480926513672,574.706787109375,669.1326904296875,1.218794822692871,False,-149.9648,-0.1576,271071.0,1226.2404681290743,12.510139747231278,12.039448854205407
de_dust2,98285,7.65611990805126e+16,Saitama,76561198380883900,m4a1_silencer,1107.5382080078125,2514.248291015625,96.03125,346.3685913085937,2433.21337890625,96.4896469116211,True,92.1564,-4.4000,0.7096,765.4711310652664,0.5362594250228008,-11.973880322208478
de_dust2,104258,7.65611990805126e+16,Saitama,76561198380883900,ak47,-1209.8465576171875,2109.73095703125,10.90314483642578,-729.8829345703125,2440.674560546875,-89.7281494140625,True,155.4342,-2.7455,0.3966,591.6209982232867,0.33404071142979785,-0.20221871359300292
de_dust2,109174,7.65611990805126e+16,Saitama,76561199261576700,m4a1_silencer,1365.132080078125,1227.59326171875,-8.885498046875,661.5399169921875,776.0557250976562,0.6958134174346924,True,-88.2669,-1.8217,18.9752,836.0740879032014,2.994491504117858,2.66045079268806
de_dust2,109231,7.65611990805126e+16,Saitama,76561198828762300,m4a1_silencer,1357.5693359375,1239.184814453125,-8.5185546875,551.739501953125,659.9910278320312,1.345815658569336,True,-98.8663,426240,702057.0,992.4336096697305,13.461771300677636,10.467279796559778
de_mirage,39696,7.656119908424915e+16,Fanki,76561199121783700,ak47,-1053.1746826171875,418.9601440429688,-367.96875,-973.7276611328124,-674.1861572265625,-263.96875,True,33.8976,-0.7392,0.1721,1100.9526171466216,0.15879701174699756,0.0
de_mirage,56231,7.656119908424915e+16,Fanki,76561198402995700,ssg08,737.9567260742188,-1559.2718505859375,-259.690673828125,-722.1824951171875,-1669.5543212890625,-172.5240478515625,True,174.1838,4.0656,698711.0,1466.8901762879082,13.456993919146171,13.298196907399173
de_train,3809,7.656119909028341e+16,oezsen19,76561199045978700,usp_silencer,-422.7185668945313,-1032.6029052734375,-350.96875,-225.1673583984375,-1156.5894775390625,-350.96875,True,-23.6045,13.2265,0.7208,233.23625378668336,0.5427892989713832,0.0
de_train,4400,7.656119909028341e+16,oezsen19,76561198036927400,usp_silencer,618.8666381835938,-609.1122436523438,-215.9078369140625,176.66310119628906,-484.4033203125,-215.91943359375,True,104.6492,864197,0.4904,459.452156180759,0.39904454030524167,-0.1437447586661415
de_train,14357,7.656119909028341e+16,oezsen19,76561199031120800,m4a1,-474.96868896484375,-1455.582763671875,-350.96875,-399.841552734375,-1340.4405517578125,-350.96875,False,103.2186,4.1889,0.9725,137.48387382763946,0.6793017737378922,0.2802572334326506
de_train,24171,7.656119909028341e+16,oezsen19,76561199031120800,m4a1,296.7553100585937,-1750.023193359375,-166.96875,-521.2556762695312,-880.312255859375,-318.96875,True,-178.0973,0.6465,0.7569,1203.5958991956732,0.5635508923888716,-0.11575088134902067
de_train,28495,7.656119909028341e+16,oezsen19,76561199032867400,m4a1,557.6187744140625,560.0421142578125,-215.96875,-872.98486328125,370.2252502441406,-215.96875,True,-146.0248,1083037,2564947.0,1443.1414379924947,14.757448763477026,14.193897871088154
de_train,30142,7.656119909028341e+16,oezsen19,76561199072017000,m4a1,542.6819458007812,244.8601226806641,-215.96875,-57.61358642578125,-76.088623046875,-215.96875,True,60.0956,1.1100,2.0746,680.7075902289121,1.123174811496362,-13.634273951980663
de_train,38875,7.656119909028341e+16,oezsen19,76561199072017000,awp,836.8648681640625,557.8411865234375,-211.96875,-835.8340454101562,501.8568115234375,-215.96875,True,-90.5054,1273389,0.139,1673.6403155148098,0.1301506844650451,-0.9930241270313169
de_train,50034,7.656119909028341e+16,oezsen19,76561199072017000,m4a1,1226.4117431640625,687.213623046875,-211.96875,997.0338745117188,819.1097412109375,-215.96881103515625,True,133.2782,1485624,0.0,264.62576046659774,0.0,-0.1301506844650451
de_train,55341,7.656119909028341e+16,oezsen19,76561199045978700,m4a1,-305.40478515625,-987.0317993164062,-350.96875,-685.5154418945312,-841.7877197265625,-271.6099853515625,True,920930,9.1739,1.1064,414.5814365699873,0.7449803291999626,0.7449803291999626
de_train,58993,7.656119909028341e+16,oezsen19,76561199031120800,m4a1,143.28257751464844,404.2915954589844,-215.96875,299.0803527832031,610.6746215820312,-215.96875,True,-40.8722,1916064,0.0796,258.58634969838863,0.07659060216171255,-0.6683897270382501
de_train,75258,7.656119909028341e+16,oezsen19,76561198036927400,p250,1027.729248046875,1561.837646484375,-215.96875,1031.1263427734375,385.1855773925781,-211.96875,True,-80.6808,1394922,717735.0,1176.663771835688,13.483857092394262,13.40726649023255
de_train,86079,7.656119909028341e+16,oezsen19,76561198036927400,ak47,-565.1976928710938,-1750.28515625,-151.96875,781.6239013671875,-825.6864013671875,-239.71173095703125,True,-152.0405,1611968,0.353,1636.004307740239,0.302324349188651,-13.18153274320561
de_train,89910,7.656119909028341e+16,oezsen19,76561199032867400,ak47,998.962890625,1627.9664306640625,-215.96875,1119.279541015625,361.7620849609375,-211.96875,True,-35.8573,1555935,3.1593,1271.914125025231,1.4253467908835473,1.1230224416948964
de_train,96573,7.656119909028341e+16,oezsen19,76561199045978700,ak47,188.1485748291016,-534.9420166015625,-215.96051025390625,677.9784545898438,-680.675048828125,-215.96875,False,-53.2343,1807069,0.0,511.049339943087,0.0,-1.4253467908835473
de_train,112487,7.656119909028341e+16,oezsen19,76561199032867400,awp,978.3713989257812,1507.7080078125,-215.96875,1001.2335205078124,1251.8037109375,-215.96875,True,162.3007,0.0635,55944.0,256.92350177109086,10.93212434424182,10.93212434424182
de_dust2,11255,7.656119909258973e+16,FLICK,76561198097081700,usp_silencer,-1619.879638671875,65.30923461914062,4.055481433868408,-1638.849853515625,900.3654174804688,33.75315475463867,True,161.8465,-12.8804,0.1849,835.7994073860169,0.16965838284055723,0.0
de_dust2,11887,7.656119909258973e+16,FLICK,76561198190202200,usp_silencer,-1578.2977294921875,388.4193420410156,0.5382752418518066,-1677.123046875,787.0579833984375,31.0015811920166,True,-45.3169,-1.8931,3.1785,411.83397473802256,1.4299523304593538,1.2602939476187967
de_dust2,26658,7.656119909258973e+16,FLICK,76561199146301600,m4a1,-2003.6678466796875,2113.61669921875,-0.788818359375,-1987.3016357421875,1364.7296142578125,28.030590057373047,True,-161.6144,1474180,0.6352,749.6200885670237,0.49176512102724823,-0.9381872094321055
de_dust2,34324,7.656119909258973e+16,FLICK,76561199353783800,m4a1,-257.97412109375,1228.67041015625,32.07468032836914,12.29769802093506,1480.24169921875,-0.27569580078125,True,-56.5744,-0.4271,0.1332,370.6501268363825,0.12504548897422446,-0.36671963205302377
de_dust2,43959,7.656119909258973e+16,FLICK,76561199353783800,ak47,-796.4083251953125,-890.3717041015625,119.14566802978516,-281.6064453125,-738.945556640625,68.40180969238281,True,42.3643,14.5727,0.8436,539.004446015713,0.6117201818642162,0.4866746928899917
de_dust2,48822,7.656119909258973e+16,FLICK,76561199353783800,ak47,-2145.601318359375,2195.006591796875,1.6861000061035156,-1879.408935546875,1815.0172119140625,79.03125,False,-73.3595,-5.8667,0.0,470.3536815192364,0.0,-0.6117201818642162
de_dust2,72496,7.656119909258973e+16,FLICK,76561199353783800,m4a1,-383.763916015625,1575.2537841796875,-126.5728759765625,-600.8026733398438,1375.319091796875,-111.9437255859375,True,-97.1291,13.7865,2088824.0,295.45509885632794,14.55211226488984,14.55211226488984
de_dust2,73663,7.656119909258973e+16,FLICK,76561198190202200,ak47,1024.7913818359375,730.8405151367188,7.067134380340576,1779.931396484375,2070.200439453125,3.8086891174316406,True,32.1388,0.1562,1816019.0,1537.5734343613067,14.41215785129859,-0.13995441359125138
de_dust2,77647,7.656119909258973e+16,FLICK,76561197960279400,m4a1,-682.43896484375,2538.21533203125,-80.0262451171875,-180.8756103515625,786.9179077148438,1.9156136512756348,True,20.5005,0.6599,511707.0,1823.5468009363415,13.145509428831613,-1.266648422466977
de_dust2,84362,7.656119909258973e+16,FLICK,76561199146301600,m4a1,44.40555191040039,322.74224853515625,-0.2738037109375,-553.267333984375,594.368408203125,7.981020927429199,True,-74.0921,-2.3758,0.0264,656.5529615191514,0.02605753431928962,-13.119451894512324
de_dust2,84548,7.656119909258973e+16,FLICK,76561199353783800,m4a1,-324.4381103515625,310.7198791503906,1.3919806480407717,-96.5205078125,1526.12548828125,0.7949161529541016,True,93.2907,-5.1993,0.035,1236.59111461304,0.0344014267173324,0.008343892398042781
de_dust2,86266,7.656119909258973e+16,FLICK,76561198097081700,ak47,297.1017761230469,2461.943359375,97.79142761230467,937.12939453125,2654.283935546875,96.09738159179688,False,88.6154,2283529,0.1243,668.3061569066418,0.11716061977357688,0.08275919305624448
de_dust2,91266,7.656119909258973e+16,FLICK,76561197960279400,p250,1225.1436767578125,819.384521484375,0.2001681327819824,1421.70654296875,2144.436279296875,-7.98150634765625,True,-168.2999,2954480,0.6002,1339.5768216315028,0.4701286214338865,0.3529680016603096
de_dust2,103256,7.656119909258973e+16,FLICK,76561199353783800,ak47,437.471435546875,1833.98974609375,96.28534698486328,580.5088500976562,2346.537353515625,67.03125,True,-86.3237,284616,0.2244,532.9357879010006,0.20245092808912038,-0.2676776933447661
de_dust2,109320,7.656119909258973e+16,FLICK,76561199353783800,tec9,-1798.40087890625,1185.531494140625,32.248573303222656,-1992.4376220703125,1510.342529296875,31.567174911499023,True,2820648,-11.6640,1591729.0,378.35556102792947,14.280332033013151,14.07788110492403
de_dust2,110058,7.656119909258973e+16,FLICK,76561198097081700,m4a1_silencer,-1386.6318359375,2692.9658203125,125.03125,-263.2744140625,2216.132080078125,-124.75323486328124,True,49.8882,253206,858746.0,1245.6703424204836,13.663229629062812,-0.617102403950339
de_dust2,113491,7.656119909258973e+16,FLICK,76561197960279400,ak47,1398.435546875,2459.028564453125,42.22380065917969,1176.9693603515625,2895.76611328125,127.85045623779295,True,91.9765,9.0891,372915.0,497.11053345831584,12.829108472191997,-0.8341211568708147
de_dust2,121760,7.656119909258973e+16,FLICK,76561199146301600,ak47,1469.681396484375,2082.02490234375,-9.751220703125,-262.207763671875,2121.974365234375,-126.96234130859376,True,-126.1261,1522149,624202.0,1736.310591295682,13.344230914959141,0.5151224427671437
de_dust2,121828,7.656119909258973e+16,FLICK,76561198190202200,ak47,1467.685302734375,2037.9598388671875,-9.6934814453125,-800.2960205078125,2186.2421875,-108.146728515625,True,-178.2532,-1.3613,149810.0,2274.954940070272,11.91712977861097,-1.4271011363481705
de_dust2,123417,7.656119909258973e+16,,76561199353783800,ak47,1607.9163818359375,2282.650146484375,2.9769997596740723,1048.6546630859375,2245.787841796875,14.864819526672363,False,-119.5608,2812063,0.344,560.6013020185476,0.29565024210095775,-11.621479536510012
de_mirage,6951,7.65611991121074e+16,Lest,76561198066018600,mp9,592.8384399414062,443.3052673339844,-255.26171875,336.6966857910156,602.643798828125,-255.143310546875,False,23.1640,-0.0110,2691353.0,301.6577197063768,14.805554970666963,0.0
de_mirage,8441,7.65611991121074e+16,Lest,76561198991411500,mp9,256.0984191894531,641.541015625,-255.541259765625,274.565185546875,224.15887451171875,-259.6595458984375,False,1000491,-13.0020,321812.0,417.81076273915966,12.681725910487037,-2.1238290601799257
de_mirage,8495,7.65611991121074e+16,Lest,76561198829315100,mp9,276.8855285644531,652.6832275390625,-256.0430908203125,366.094482421875,37.75326156616211,-211.9610595703125,False,250863,539890,0.0,622.9288289836119,0.0,-12.681725910487037
de_mirage,11432,7.65611991121074e+16,Lest,76561198293373800,mp9,-2182.269287109375,651.8632202148438,-135.7012939453125,-2306.46728515625,504.3737182617188,-167.96875,False,13.3481,-0.3080,0.3748,195.49804251059294,0.3183082659935418,0.3183082659935418
de_mirage,28594,7.65611991121074e+16,Lest,76561198066018600,m4a1,-995.4725341796876,-468.0887451171875,-301.920654296875,-998.3694458007812,99.68902587890624,-367.96875,False,-141.2365,2638360,307932.0,571.6138034374627,12.63763750582456,12.319329239831019
de_mirage,31834,7.65611991121074e+16,Lest,76561198829315100,m4a1,-61.2203369140625,-626.75244140625,-209.83270263671875,364.6997375488281,-67.3941650390625,-183.11236572265625,True,78.4070,0.1099,0.6283,703.5648993346286,0.48753652578803747,-12.150100980036523
de_mirage,40575,7.65611991121074e+16,Lest,76561198843780600,ak47,-1119.49951171875,-2483.434326171875,-167.96875,-194.8638916015625,-2130.506103515625,-167.96875,False,92.5691,16.5224,4.1795,989.7016521845336,1.6447085265160197,1.1571720007279822
de_ancient,3495,7.656119911715144e+16,bastill,76561199173174300,usp_silencer,-385.4390258789063,-756.188720703125,69.03125,-64.59344482421875,-830.3966064453125,153.03125,True,-22.4767,925162,756844.0,339.85981990909966,13.536913755840025,0.0
de_ancient,3658,7.656119911715144e+16,bastill,76561198413150600,usp_silencer,-282.444091796875,-754.2031860351562,164.03125,412.2938232421875,-858.91015625,137.50723266601562,True,16.6412,0.6314,0.0903,703.0845210214269,0.08645288773019902,-13.450460868109827
de_ancient,7902,7.656119911715144e+16,bastill,76561199129496500,mp9,-643.1787719726562,-146.5283203125,56.6547966003418,-179.5098876953125,-843.8723754882812,153.5382537841797,True,141.5863,796566,0.4965,843.0088788452305,0.4031290483106166,0.3166761605804176
de_ancient,11467,7.656119911715144e+16,bastill,76561199129496500,mp9,-1364.2996826171875,314.1346130371094,87.03125,-1565.4144287109375,947.1793823242188,56.03125,True,-104.5792,2921973,1.1664,664.9464798148217,0.7730668037358188,0.36993775542520224
de_ancient,14652,7.656119911715144e+16,bastill,76561199129496500,ak47,-726.1696166992188,-117.14031982421876,63.85107421875,-665.1649169921875,-516.1876831054688,41.88143539428711,True,18.5408,0.2348,0.4552,404.28088819302394,0.3751433482217754,-0.3979234555140434
de_ancient,20120,7.656119911715144e+16,bastill,76561198055327500,m4a1_silencer,-947.5606079101562,-116.031494140625,97.03125762939452,-440.9978637695313,-389.168212890625,59.34380340576172,False,2888886,1410294,0.821,576.740691374083,0.5993858007454709,0.22424245252369546
de_ancient,26429,7.656119911715144e+16,bastill,76561199129496500,m4a1_silencer,-272.6334228515625,-770.760986328125,164.03125,516.6837768554688,-794.3223876953125,113.1108856201172,True,110.4054,1168503,2579435.0,791.3088302908765,14.763081328349157,14.163695527603686
de_ancient,27679,7.656119911715144e+16,bastill,76561198055327500,m4a1_silencer,1159.34228515625,-199.95941162109372,118.21163940429688,695.26708984375,-238.9344482421875,134.8064422607422,True,-56.3674,-5.7476,0.8487,466.0045363146103,0.6144826893762628,-14.148598638972894
de_ancient,31159,7.656119911715144e+16,bastill,76561199129496500,ak47,-208.6640625,-195.693603515625,68.03115844726562,-988.1963500976562,-824.03662109375,33.74175262451172,True,-148.0569,2336306,197019.0,1001.8289766712163,12.19106052540967,11.576577836033406
de_ancient,31897,7.656119911715144e+16,bastill,76561198413150600,ak47,38.49647903442383,-833.3102416992188,153.03125,683.4227294921875,-815.5385131835938,81.5522232055664,True,85.2852,2375294,0.0433,649.1185978967345,0.04238876649178662,-12.148671758917883
de_ancient,41296,7.656119911715144e+16,bastill,76561198032470700,ak47,-321.5291748046875,-733.6669311523438,115.03125,575.9811401367188,-841.3114013671875,110.5941925048828,True,146.0914,-3.4054,2.1053,903.9534196369144,1.1331103290756772,1.0907215625838906
de_ancient,42332,7.656119911715144e+16,bastill,76561198413150600,ak47,565.2754516601562,-810.7364501953125,108.16387176513672,1025.727294921875,-851.7296142578125,4.867713928222656,True,-97.6427,-10.1833,119861.0,473.6733428079293,11.694096360006787,10.56098603093111
de_ancient,46396,7.656119911715144e+16,bastill,76561198413150600,ak47,-1952.18701171875,-395.6689453125,80.03125,-2158.807373046875,-205.8201904296875,72.42439270019531,True,-2.8245,164086,0.6396,280.6998178194969,0.49445230964804543,-11.199644050358742
de_ancient,57563,7.656119911715144e+16,bastill,76561199129496500,hegrenade,-591.6092529296875,-126.92364501953124,56.40721893310547,-873.9323120117188,-656.922119140625,46.42280960083008,True,160.3345,-3.1624,414583.0,600.5866970636614,12.935030886825738,12.440578577177693
de_ancient,57873,7.656119911715144e+16,bastill,76561199173174300,m4a1_silencer,-165.3212890625,-212.2708740234375,68.03118133544922,-1170.3314208984375,-929.2383422851562,33.845027923583984,True,173.6616,-5.5340,1032542.0,1235.0127160169675,13.847535249439238,0.9125043626135003
de_ancient,62422,7.656119911715144e+16,bastill,76561199129496500,glock,-248.478759765625,1232.0223388671875,46.56138229370117,-589.365966796875,1072.9508056640625,60.03125,True,-46.3455,-3.2293,0.9809,376.41636246208054,0.6835512868864982,-13.16398396255274
de_ancient,8070,7.656119912162426e+16,☢︎Amjad☢,76561198892511800,hkp2000,-333.76202392578125,-242.6373291015625,65.11204528808594,-762.0777587890625,-658.0407104492188,35.746551513671875,True,-23.8438,1256953,0.6066,597.391555172279,0.47412014475757513,0.0
de_ancient,8722,7.656119912162426e+16,☢︎Amjad☢,76561198154343500,usp_silencer,-711.7255249023438,-716.9168090820312,32.31940460205078,-1194.2147216796875,-880.2969970703125,37.783958435058594,True,-72.2986,2487668,0.0324,509.4298501094398,0.031886188862321745,-0.4422339558952534
de_ancient,25274,7.656119912162426e+16,☢︎Amjad☢,76561198892511800,ssg08,-1056.1175537109375,1155.97314453125,68.03125,-1503.9423828125,-182.372802734375,106.03124237060548,True,-70.2390,-1.8412,0.4414,1411.793522984977,0.3656148635082036,0.33372867464588185
de_ancient,42869,7.656119912162426e+16,☢︎Amjad☢,76561198956036500,awp,1187.748779296875,345.0813293457031,121.79056549072266,916.3250122070312,-140.07373046875,130.53125,True,161.4118,2703923,0.0529,555.9880331180682,0.05154826188057661,-0.314066601627627
de_ancient,43344,7.656119912162426e+16,☢︎Amjad☢,76561198154343500,awp,1153.12646484375,240.0334625244141,130.53125,1297.1654052734375,-420.904296875,61.44435501098633,True,-149.3227,589138,1917584.0,679.9698061085123,14.46657713979387,14.415028877913294
de_ancient,66745,7.656119912162426e+16,☢︎Amjad☢,76561197996053800,awp,-527.4175415039062,628.3994750976562,159.4365997314453,-548.8345947265625,23.465620040893555,111.25422668457033,True,36.9429,0.5613,1.1231,607.2274699278737,0.7528772847677117,-13.713699855026158
de_ancient,70038,7.656119912162426e+16,☢︎Amjad☢,76561198154343500,awp,-569.9407348632812,119.2861557006836,150.17393493652344,-487.7791748046875,788.0770263671875,103.53913116455078,True,119.7348,-1.6366,0.0,675.4306445231609,0.0,-0.7528772847677117
de_ancient,90869,7.656119912162426e+16,☢︎Amjad☢,76561199238348800,galilar,647.4553833007812,-298.233642578125,138.04684448242188,1159.1500244140625,358.501953125,125.62179565429688,True,-99.3301,2255953,0.283,832.6388354178356,0.24920108563349938,0.24920108563349938
de_ancient,91722,7.656119912162426e+16,☢︎Amjad☢,76561198892511800,galilar,594.03125,-294.03204345703125,137.2191925048828,1138.795166015625,-255.67181396484372,113.37152862548828,True,82.7576,1666329,2219215.0,546.6332796966142,14.612664538322049,14.36346345268855
de_ancient,91866,7.656119912162426e+16,☢︎Amjad☢,76561197996053800,galilar,836.8314208984375,-247.21221923828125,134.52149963378906,931.4462890625,104.82190704345705,130.03125,True,-57.9505,1.0825,0.0,364.5547444300012,0.0,-14.612664538322049
de_ancient,92433,7.656119912162426e+16,☢︎Amjad☢,76561198154343500,galilar,900.4871826171875,-79.02081298828125,134.03125,1345.6107177734375,653.260986328125,127.7333526611328,True,-60.9903,2574231,908176.0,856.9779802719331,13.719194572506987,13.719194572506987
de_ancient,104221,7.656119912162426e+16,☢︎Amjad☢,76561197996053800,mac10,1189.58740234375,-731.04833984375,9.213138580322266,1198.950439453125,-210.16717529296875,114.79249572753906,True,76.5164,951549,0.0529,531.5560691999567,0.05154826188057661,-13.667646310626411
de_ancient,111379,7.656119912162426e+16,☢︎Amjad☢,76561198956036500,galilar,671.7769775390625,-313.45263671875,138.49948120117188,861.091552734375,-102.1578369140625,134.03125,False,-167.6472,1405941,0.4485,283.7348513946634,0.37052853822726806,0.31898027634669146
de_ancient,121181,7.656119912162426e+16,☢︎Amjad☢,76561198154343500,mac10,-2168.628662109375,-295.3114013671875,74.44380950927734,-2027.744384765625,352.11993408203125,88.03125,True,86.7278,-5.2250,558092.0,662.7219117120834,13.232280894142768,12.8617523559155
de_mirage,5686,7.656119912178379e+16,GGIonci,76561199084249100,mag7,-152.5091552734375,-1819.6739501953125,-167.96875,293.1884460449219,-1494.6973876953125,-175.96875,True,13.7607,2436260,0.5033,551.652171205059,0.4076626916516516,0.0
de_mirage,12442,7.656119912178379e+16,GGIonci,76561199467551800,usp_silencer,-976.0823974609376,-585.0997924804688,-278.17877197265625,-1028.3905029296875,385.167236328125,-367.96875,False,-1.6085,2691230,1340866.0,975.8158049780385,14.108826977628553,13.701164285976901
de_mirage,18477,7.656119912178379e+16,GGIonci,76561199157215700,m4a1_silencer,-801.3922119140625,-992.0475463867188,-167.96875,-501.1834106445313,-603.2372436523438,-275.6927490234375,True,86.5239,-4.5679,0.0802,502.8948556484614,0.07714620917665369,-14.0316807684519
de_mirage,19173,7.656119912178379e+16,GGIonci,76561199160594800,m4a1_silencer,-802.8710327148438,-948.5805053710938,-167.96875,344.4567565917969,-88.6949462890625,-176.0701904296875,True,-25.5944,0.4164,13.7365,1433.8165378353383,2.6903274094476393,2.6131812002709855
de_mirage,26091,7.656119912178379e+16,GGIonci,76561199160594800,m4a1_silencer,-805.6844482421875,-897.5662841796875,-167.96875,423.6838684082031,-72.22393798828125,-162.96875,True,18.1628,0.9184,1162965.0,1480.730038325876,13.966484196335712,11.276156786888073
de_mirage,39618,7.656119912178379e+16,GGIonci,76561198263159600,m4a1_silencer,-926.6256713867188,-665.5010986328125,-263.96875,-1047.1259765625,-247.0172119140625,-367.96875,True,53.6452,-0.1318,0.5026,447.73327661755053,0.40719694095292325,-13.559287255382788
de_mirage,48072,7.656119912178379e+16,GGIonci,76561199160594800,m4a1_silencer,-449.1046142578125,-1538.6904296875,-39.96875,287.78924560546875,-1614.175537109375,-175.96875,True,42.3217,1975385,0.2851,753.1311719393224,0.2508365363309585,-0.15636040462196477
de_ancient,19354,7.656119912300315e+16,✘ ɠσɳƈαʂ,76561197996053800,awp,-1204.197021484375,1362.8704833984375,102.03125,-1573.78857421875,1143.0362548828125,99.03125,True,179.7779,0.9568,2863563.0,430.03953757726316,14.867577560836933,0.0
de_ancient,31671,7.656119912300315e+16,✘ ɠσɳƈαʂ,76561198154343500,famas,-407.919189453125,-482.55316162109375,39.060997009277344,-1205.966064453125,-927.5078125,37.19843673706055,False,75.3878,0.8614,0.9635,913.7105259144181,0.6747285950359273,-14.192848965801005
de_ancient,32552,7.656119912300315e+16,✘ ɠσɳƈαʂ,76561197996053800,famas,-707.4445190429688,-644.0499267578125,32.198219299316406,-662.9431762695312,-873.5491943359375,32.777442932128906,False,-162.6279,1844873,2513966.0,233.77471811030296,14.73737254155453,14.062643946518602
de_ancient,37468,7.656119912300315e+16,✘ ɠσɳƈαʂ,76561198094102900,m4a1,-338.19647216796875,1122.4306640625,64.03125,-799.0757446289062,1129.55615234375,72.0467529296875,False,-13.7848,16.4726,347379.0,461.0040397378152,12.758174560608003,-1.9791979809465268
de_ancient,50616,7.656119912300315e+16,✘ ɠσɳƈαʂ,76561198956036500,mp7,-704.3046264648438,-260.25030517578125,59.22779846191406,-408.8621826171875,-635.18115234375,32.225868225097656,True,-179.6598,2040671,1.1285,478.1092783258658,0.7554175062860701,-12.002757054321933
de_ancient,68755,7.656119912300315e+16,✘ ɠσɳƈαʂ,76561199238348800,p90,-1118.328369140625,-805.2288818359375,36.029296875,-1217.032470703125,-1377.740966796875,-23.2557373046875,True,124.5671,1406245,2543551.0,583.975429593803,14.749072087305683,13.993654581019612
de_ancient,69626,7.656119912300315e+16,✘ ɠσɳƈαʂ,76561198956036500,p90,-2154.48974609375,-315.1143798828125,73.76133728027344,-1943.4971923828125,527.3151245117188,58.77543258666992,True,-91.0578,6.1637,823989.0,868.5792450521508,13.621913672895637,-1.1271584144100455
de_ancient,80060,7.656119912300315e+16,✘ ɠσɳƈαʂ,76561198892511800,mp7,468.0050964355469,185.2903289794922,152.65475463867188,404.5789489746094,-140.3309326171875,154.00881958007812,False,-143.2415,80780,0.3307,331.7437500201254,0.28570511956755973,-13.336208553328078
de_ancient,84920,7.656119912300315e+16,✘ ɠσɳƈαʂ,76561198892511800,mp7,-1421.7940673828125,16.141448974609375,103.03125,-1269.8033447265625,640.8057250976562,69.3376235961914,True,-72.0961,-2.4551,212240.0,643.7716195190176,12.265477700447713,11.979772580880153
de_ancient,91284,7.656119912300315e+16,✘ ɠσɳƈαʂ,76561198956036500,ak47,1311.2750244140625,669.3178100585938,124.54422760009766,837.7014770507812,871.4451904296875,106.44090270996094,True,76.0645,1116914,0.5454,515.2233622711616,0.4352827765173464,-11.830194923930366
de_ancient,96296,7.656119912300315e+16,✘ ɠσɳƈαʂ,76561198892511800,ak47,646.882568359375,-808.1813354492188,93.20092010498048,-58.354736328125,-797.21533203125,153.03125,True,-34.9070,495880,1886114.0,707.8556191266687,14.450029715926359,14.014746939409012
de_ancient,109913,7.656119912300315e+16,✘ ɠσɳƈαʂ,76561199238348800,mp7,1357.6357421875,810.7960815429688,123.31068420410156,641.4298706054688,925.1044921875,111.66632080078124,False,-48.3124,127957,0.1479,725.3639461895831,0.13793418608931401,-14.312095529837045
de_ancient,115672,7.656119912300315e+16,✘ ɠσɳƈαʂ,76561198154343500,ak47,1178.52978515625,-810.5047607421875,3.032024383544922,227.926025390625,-786.677490234375,153.03125,True,-170.9002,520320,886476.0,962.660383824914,13.695010459433377,13.557076273344062
de_ancient,115685,7.656119912300315e+16,✘ ɠσɳƈαʂ,76561198892511800,ak47,1178.52978515625,-810.5047607421875,3.032024383544922,38.75349426269531,-809.277099609375,153.03125,True,59.2565,213335,0.4444,1149.6048312878918,0.3676940104211656,-13.32731644901221
de_ancient,121409,7.656119912300315e+16,✘ ɠσɳƈαʂ,76561197996053800,mac10,-2051.418212890625,284.626953125,88.03125,-1839.8668212890625,1109.0819091796875,52.03125,True,24.3254,901511,0.1617,851.9248592755669,0.14988444953729207,-0.21780956088387354
de_ancient,10900,7.656119912949653e+16,Djibril Cisse,76561198161389600,mac10,-2113.51171875,-277.08135986328125,72.03126525878906,-2084.02587890625,232.18881225585935,86.12934112548828,True,-1.1972,-0.8954,0.0591,510.31782126895547,0.05741949086748648,0.0
de_ancient,11152,7.656119912949653e+16,Djibril Cisse,76561198441157700,mac10,-2017.2427978515625,404.50384521484375,75.03125,-1684.3392333984375,928.7454833984376,52.03125,True,-179.7641,1738708,2.0039,621.4363027945939,1.0999114443997298,1.0424919535322432
de_ancient,37676,7.656119912949653e+16,Djibril Cisse,76561199117151400,xm1014,-1159.8504638671875,-903.4910278320312,35.246665954589844,-1031.90283203125,-817.4129638671875,33.68012237548828,True,-101.6541,-0.3787,0.9093,154.2157049302877,0.6467366827372817,-0.4531747616624481
de_ancient,45444,7.656119912949653e+16,Djibril Cisse,76561198161389600,hegrenade,-2176.93505859375,187.33352661132807,72.03125762939453,-1991.3909912109373,1223.4892578125,116.03125,True,-123.2556,0.8731,0.0,1053.556500416853,0.0,-0.6467366827372817
de_dust2,10680,7.656119912995034e+16,Fel1onಠ_ಠ,76561199146301600,usp_silencer,-1788.0042724609375,2448.57275390625,66.03125,-2061.947509765625,1143.5301513671875,36.42241668701172,True,125.9404,1005,331063.0,1333.8132458170664,12.710066989143147,0.0
de_dust2,12243,7.656119912995034e+16,Fel1onಠ_ಠ,76561197960279400,usp_silencer,-1952.571533203125,1237.3101806640625,31.09187889099121,-1171.177001953125,1093.65625,-4.933837890625,True,150.9988,17.5843,0.0,795.3060527446473,0.0,-12.710066989143147
de_dust2,20513,7.656119912995034e+16,Fel1onಠ_ಠ,76561199353783800,m4a1,-489.14349365234375,1577.9375,-123.8790283203125,-194.556396484375,1233.8824462890625,0.1584420204162597,True,-104.9902,54.2807,2603541.0,469.61764431334296,14.772383383584796,14.772383383584796
de_dust2,26129,7.656119912995034e+16,Fel1onಠ_ಠ,76561198190202200,m4a1,-604.8104858398438,1858.870361328125,-118.62139892578124,-200.38616943359372,1281.0343017578125,0.315800666809082,True,106.3868,15.8008,2272176.0,715.2619078962167,14.636248960718325,-0.13613442286647093
de_dust2,26463,7.656119912995034e+16,Fel1onಠ_ಠ,76561199353783800,m4a1,-382.7883911132813,1603.1644287109375,-126.7623291015625,-414.8590087890625,1334.420654296875,-124.09649658203124,False,-139.0721,1929578,0.5404,270.66371656992527,0.43204212295861677,-14.204206837759708
de_dust2,33373,7.656119912995034e+16,Fel1onಠ_ಠ,76561197960279400,m4a1,1278.7200927734375,1192.487060546875,1.0312514305114746,1257.132080078125,2908.48486328125,127.90040588378906,True,-54.6917,-8.7784,0.6287,1720.8167489982845,0.48778215059737806,0.05574002763876129
de_dust2,34829,7.656119912995034e+16,Fel1onಠ_ಠ,76561199146301600,ak47,-92.50482177734376,2146.83056640625,-127.02850341796876,-1235.1787109375,2450.7294921875,37.87489318847656,False,-87.6723,-2.6927,0.0836,1193.8388937673865,0.08028883122880298,-0.4074933193685751
de_dust2,55726,7.656119912995034e+16,Fel1onಠ_ಠ,76561197960279400,m4a1,643.3904418945312,969.141357421875,-0.09906005859375,636.6102294921875,201.23146057128903,-0.905029296875,True,98.4052,2183573,0.4833,767.9402519387244,0.39426933534742964,0.31398050411862666
de_dust2,60151,7.656119912995034e+16,Fel1onಠ_ಠ,76561198097081700,ak47,738.5422973632812,400.1795349121094,0.5039114952087402,563.9742431640625,453.7469482421875,1.3837013244628906,False,-53.1725,20.1431,1422681.0,182.60407264877873,14.168054380559502,13.773785045212072
de_dust2,63534,7.656119912995034e+16,Fel1onಠ_ಠ,76561199353783800,ak47,648.9469604492188,1027.215087890625,0.6471428871154785,623.9776611328125,-296.03240966796875,0.503410816192627,True,24.0182,-7.5984,0.1603,1323.4830661411354,0.1486785923713627,-14.019375788188139
de_dust2,65968,7.656119912995034e+16,Fel1onಠ_ಠ,76561198190202200,ak47,-1694.7808837890625,966.3148193359376,32.794681549072266,-1591.23779296875,1183.6048583984375,33.73051834106445,False,-12.6102,-15.2700,0.099,240.70107711206333,0.09440067542148432,-0.054277916949878366
de_dust2,67540,7.656119912995034e+16,Fel1onಠ_ಠ,76561197960279400,ak47,-2185.965576171875,1128.286376953125,35.106483459472656,-2038.354248046875,1208.78955078125,34.177223205566406,True,30.7724,-0.0302,0.524,168.1390160309237,0.42133845726445457,0.32693778184297023
de_dust2,67847,7.656119912995034e+16,Fel1onಠ_ಠ,76561198097081700,ak47,-1963.3072509765625,1065.5274658203125,34.301204681396484,-1774.324462890625,1385.1312255859375,43.08831405639648,False,163.8535,666751,4.0689,371.4004183360944,1.6231238315386636,1.201785374274209
de_dust2,84951,7.656119912995034e+16,Fel1onಠ_ಠ,76561198190202200,m4a1,1326.373291015625,2660.833251953125,101.4395751953125,426.7947998046875,2485.295654296875,95.43889617919922,True,83.9898,-0.5452,2451875.0,916.5647375875468,14.712364003797004,13.089240172258341
de_dust2,114331,7.656119912995034e+16,Fel1onಠ_ಠ,76561199129950300,world,1511.66650390625,1505.860107421875,-5.0997314453125,1511.66650390625,1505.860107421875,-5.0997314453125,False,-78.5516,721507,1410569.0,0.0,14.159504435984333,-0.5528595678126713
de_inferno,3335,7.656119913008866e+16,ALBATROS,76561198304850100,glock,45.75527572631836,884.215087890625,80.03125,188.2821044921875,1284.483154296875,99.89395904541016,False,106.0888,1.1000,1894150.0,425.3503839345583,14.454281274999042,0.0
de_inferno,3695,7.656119913008866e+16,ALBATROS,76561198844569300,glock,19.829683303833008,806.9208374023438,80.03125,398.0389099121094,2105.4970703125,139.70263671875,True,176.8988,-3.0569,0.732,1353.8475269260205,0.5492768101402434,-13.905004464858798
de_mirage,8026,7.656119913008866e+16,ALBATROS,76561198029567800,mac10,73.49906921386719,-1455.6949462890625,-175.96875,-83.49322509765625,-1886.3045654296875,-167.96875,True,-159.4576,0.0659,0.9019,458.40508785312375,0.6428533865054784,0.09357657636523498
de_inferno,8080,7.656119913008866e+16,ALBATROS,76561198208536200,glock,-198.96429443359372,852.8656616210938,33.04144287109375,640.7593383789062,544.0726318359375,93.25232696533205,True,-109.2467,813091,0.0,896.7241857511866,0.0,-0.6428533865054784
de_inferno,8727,7.656119913008866e+16,ALBATROS,76561198844569300,glock,-449.443359375,807.772216796875,-23.140869140625,107.9843978881836,753.6085815429688,80.69031524658203,True,82.7614,-1.0423,0.2531,569.5966281524419,0.22562048118910227,0.22562048118910227
de_mirage,12330,7.656119913008866e+16,ALBATROS,76561198091848500,mac10,-234.1131591796875,-1545.0201416015625,-53.96875,-359.96160888671875,-1514.8153076171875,-164.86993408203125,True,-171.1920,-0.8799,0.463,170.43836692623938,0.38048912203798724,0.15486864084888496
de_dust2,14272,7.656119913008866e+16,ALBATROS,76561198178481400,ak47,1361.49462890625,1742.7362060546875,-7.197021484375,1204.4061279296875,2245.2216796875,8.348198890686035,True,171.6208,-2.3864,3.0378,526.6973535414476,1.3956999891939863,1.0152108671559992
de_dust2,15289,7.656119913008866e+16,ALBATROS,76561199015488100,ak47,1134.263427734375,894.46923828125,-0.29022216796875,1769.1793212890625,2016.7073974609373,3.495760440826416,False,330606,5.0190,1987683.0,1289.3994770712739,14.50248069984184,13.106780710647854
de_dust2,15833,7.656119913008866e+16,ALBATROS,76561198009145800,ak47,1396.840087890625,2036.0958251953125,-8.27081298828125,1062.087890625,2252.13037109375,16.048419952392578,False,100.4377,2421407,0.2821,399.15082824232087,0.24849935857651795,-14.253981341265321
de_mirage,18391,7.656119913008866e+16,ALBATROS,76561198091848500,ak47,-1540.4776611328125,859.2300415039062,-8.627685546875,-1460.43603515625,684.1856079101562,-47.96875,False,164.4797,7915,74571.0,196.45593646778306,11.219520380615352,10.971021022038833
de_mirage,18504,7.656119913008866e+16,ALBATROS,76561198029567800,ak47,-1621.947265625,776.3013916015625,-47.96875,-1205.2249755859375,688.314208984375,-79.96875,True,26.2996,-4.0986,0.1328,427.1103034583816,0.12469244395731827,-11.094827936658033
de_dust2,19656,7.656119913008866e+16,ALBATROS,76561198313319800,ak47,422.9479064941406,1934.5628662109373,96.03125,288.26934814453125,2120.5205078125,98.43377685546876,False,-89.9832,-2.4136,0.1215,229.61779261293242,0.11466707497812596,-0.010025368979192303
de_inferno,22131,7.656119913008866e+16,ALBATROS,76561198213870300,ak47,1210.21435546875,365.9685668945313,128.03125,1404.013427734375,252.3886260986328,128.03125,True,12.0228,-0.3653,0.2492,224.6296582426656,0.22250334642678649,0.10783627144866052
de_inferno,22340,7.656119913008866e+16,ALBATROS,76561198208536200,ak47,1662.7391357421875,1225.1961669921875,177.03125,2548.1943359375,1104.8271484375,159.4302978515625,True,1640031,-6.5135,844442.0,893.772569335886,13.646432517392562,13.423929170965774
de_mirage,22645,7.656119913008866e+16,ALBATROS,76561198091848500,ak47,440.56048583984375,-798.5289306640625,-159.96875,-1155.89892578125,-670.5493774414062,-167.96875,True,103.5956,6.0675,0.172,1601.6008925436572,0.15871169115482087,-13.48772082623774
de_mirage,22821,7.656119913008866e+16,ALBATROS,76561198379781400,ak47,263.8368835449219,-830.3632202148438,-165.523193359375,-608.0960693359375,-469.006103515625,-167.21453857421875,True,-86.1452,153372,871561.0,943.8479224733948,13.678042283121457,13.519330591966636
de_mirage,26980,7.656119913008866e+16,ALBATROS,76561198029567800,ak47,-122.2635498046875,-1518.2354736328125,-53.96875,-536.7901611328125,-1782.0777587890625,-179.96875,True,-153.1834,357606,0.6476,507.26823568566795,0.4993196835797886,-13.178722599541668
de_dust2,29107,7.656119913008866e+16,ALBATROS,76561198313319800,ak47,1318.288818359375,1341.6295166015625,1.03125,1352.41015625,2668.701904296875,96.01097869873048,False,59.6750,0.2177,0.0,1330.9044055627994,0.0,-0.4993196835797886
de_mirage,29424,7.656119913008866e+16,ALBATROS,76561198379380500,ak47,-877.2503662109375,-78.70843505859375,-167.99444580078125,-566.5872192382812,-1171.4669189453125,-167.96875,True,175.1217,0.0000,0.8501,1136.060163747338,0.6152396916834199,0.6152396916834199
de_dust2,30258,7.656119913008866e+16,ALBATROS,76561198009145800,ak47,1244.8026123046875,2480.45703125,172.03125,543.5618286132812,2266.6416015625,-106.07623291015624,True,89.5111,2361326,0.0096,784.0914785503097,0.009554212804811658,-0.6056854788786082
de_inferno,30427,7.656119913008866e+16,ALBATROS,76561199547149300,ak47,2174.260009765625,64.00521850585938,124.80755615234376,2356.19384765625,950.5021362304688,160.28643798828125,True,-97.0855,1510339,0.3347,905.6685141712576,0.28870654749796876,0.2791523346931571
de_dust2,30478,7.656119913008866e+16,ALBATROS,76561199015488100,ak47,941.2433471679688,2254.665771484375,2.1705093383789062,-57.96844482421875,2010.03125,-121.435791015625,False,-78.4297,2502734,1.0909,1036.1219869519862,0.7375945952952404,0.44888804779727165
de_mirage,33124,7.656119913008866e+16,ALBATROS,76561198379380500,ak47,22.81558990478516,-1419.0516357421875,-171.85015869140625,-249.28375244140625,-2187.9951171875,-169.7149658203125,True,158.1331,11.1079,0.0728,815.669472771333,0.07027205298533172,-0.6673225423099087
de_inferno,40592,7.656119913008866e+16,ALBATROS,76561199221645100,tec9,-457.47991943359375,733.5971069335938,-32.743896484375,-304.1195068359375,799.4690551757812,19.0694580078125,False,165.3992,731641,0.1073,174.76599618082997,0.10192461972192554,0.03165256673659382
de_inferno,42205,7.656119913008866e+16,ALBATROS,76561198208536200,awp,-384.21630859375,-284.14404296875,194.53125,814.9835815429688,26.181026458740234,86.28508758544922,True,81.9731,0.0309,1562995.0,1243.4223968131555,14.262115050219277,14.160190430497352
de_inferno,46815,7.656119913008866e+16,ALBATROS,76561198304850100,awp,-539.7783813476562,902.226318359375,26.03125,87.99417877197266,812.55224609375,80.03125,True,14.0206,1993981,346252.0,636.4399629783265,12.754925000706079,-1.5071900495131985
de_inferno,53200,7.656119913008866e+16,ALBATROS,76561198799594500,ak47,2536.9052734375,1153.4573974609375,158.52806091308594,2225.94775390625,1011.7872924804688,174.328125,True,77.7791,2521757,0.6159,342.0740265254808,0.4798920769960651,-12.275032923710013
de_inferno,54467,7.656119913008866e+16,ALBATROS,76561198208536200,mac10,510.0556640625,3379.267333984375,167.03125,491.2092590332031,2907.4033203125,161.53123474121094,True,1547778,-6.0342,22282.0,472.27225680629033,10.011579334886969,9.531687257890903
de_mirage,54754,7.656119913008866e+16,ALBATROS,76561198379781400,ak47,-830.9474487304688,40.98463439941406,-167.079833984375,-1534.7899169921875,472.3194274902344,-166.96875,True,2745499,0.1844,0.0906,825.4961757628565,0.08672800350982414,-9.924851331377145
de_mirage,55568,7.656119913008866e+16,ALBATROS,76561198344148300,ak47,-1171.2095947265625,-414.3170166015625,-55.96875,-1138.5814208984375,-468.1795654296875,-167.96875,True,86.7649,10.1603,0.1339,128.49035720092186,0.12566301799565707,0.03893501448583293
de_dust2,57450,7.656119913008866e+16,ALBATROS,76561199015488100,ak47,-1656.7877197265625,1061.3929443359375,31.45212173461914,-1491.718505859375,1116.09765625,35.5597038269043,True,82.1286,-0.3873,1.0423,173.94632247614987,0.7140766237409751,0.5884136057453181
de_inferno,65695,7.656119913008866e+16,ALBATROS,76561198213870300,ak47,2597.55126953125,1177.9505615234375,158.50314331054688,2525.1044921875,1384.282470703125,158.62863159179688,True,-103.5523,2268066,848825.0,218.68106465933081,13.651609497292512,12.937532873551536
de_inferno,66661,7.656119913008866e+16,ALBATROS,76561199547149300,ak47,2068.911376953125,2627.094970703125,124.03184509277344,1619.66259765625,2241.534912109375,172.0169219970703,True,74.7166,-1.1639,2630629.0,593.955883957773,14.782733919194166,1.1311244219016547
de_mirage,67773,7.656119913008866e+16,ALBATROS,76561198379380500,usp_silencer,-1974.751708984375,-428.4427490234375,-167.96875,-1645.7755126953125,790.0480346679688,-47.96875,True,-55.5393,55.8294,0.3081,1267.8111561528858,0.2685757027120443,-14.514158216482123
de_inferno,71938,7.656119913008866e+16,ALBATROS,76561198799594500,ak47,508.94818115234375,2083.674072265625,139.706298828125,213.98117065429688,1646.0350341796875,112.63125610351562,True,-166.2166,-1.5511,0.5049,528.4567369969645,0.4087264508105359,0.1401507480984916
de_mirage,71965,7.656119913008866e+16,ALBATROS,76561198379380500,m4a1_silencer,-826.5899658203125,-162.3287353515625,-167.93096923828125,-308.1126708984375,-929.5618286132812,-166.038818359375,True,-51.3910,656799,0.3592,925.9961689879709,0.3068962913755852,-0.10183015943495066
de_inferno,73366,7.656119913008866e+16,ALBATROS,76561198844569300,usp_silencer,203.40940856933597,2877.380859375,161.53126525878906,849.9099731445312,2681.233642578125,140.0843048095703,True,-13.9283,-4.1072,0.4931,675.9413308606871,0.40085449555048114,0.09395820417489592
de_inferno,73503,7.656119913008866e+16,ALBATROS,76561198304850100,usp_silencer,143.16065979003906,2802.734619140625,161.53126525878906,451.7823791503906,2492.37353515625,167.03125,True,-173.1473,581834,0.3511,437.72322070578963,0.3009190754837764,-0.09993542006670475
de_mirage,76883,7.656119913008866e+16,ALBATROS,76561198091848500,m4a1_silencer,-688.0415649414062,-2299.02099609375,-179.34637451171875,-770.3638916015625,-1417.9461669921875,-167.96875,True,-54.0479,1486904,0.3247,884.9854633171207,0.2811860187080788,-0.01973305677569759
de_inferno,83946,7.656119913008866e+16,ALBATROS,76561199576395700,usp_silencer,836.0188598632812,2137.005859375,136.20504760742188,340.12408447265625,2017.047119140625,138.42666625976562,True,121.5342,-1.0887,0.299,510.2025707577071,0.2615947376884625,-0.019591281019616325
de_inferno,87486,7.656119913008866e+16,ALBATROS,76561198304850100,m4a1_silencer,708.6031494140625,672.591796875,100.8584442138672,1400.922119140625,417.1378479003906,129.03125,True,82.0044,13.4068,0.4395,738.4822156801303,0.3642958310700935,0.10270109338163103
de_inferno,90494,7.656119913008866e+16,ALBATROS,76561198448033400,ak47,1411.0653076171875,1200.666259765625,177.8694305419922,1487.2147216796875,453.957275390625,120.37370300292967,True,-137.0194,-2.6862,0.715,752.7807112922409,0.5394130806179033,0.17511724954780977
de_inferno,94759,7.656119913008866e+16,ALBATROS,76561198304850100,ak47,1424.8758544921875,2872.7470703125,124.03189086914062,644.5756225585938,2524.20166015625,189.03125,False,-93.4985,2042346,0.0637,857.0748342963007,0.06175339627548214,-0.4776596843424211
de_mirage,95549,7.656119913008866e+16,ALBATROS,76561198344148300,m4a1_silencer,-1875.7703857421875,-508.5040893554688,-167.96875,-1196.1534423828125,-1048.1776123046875,-167.96875,True,-130.0359,-3.8610,0.0,867.8287279605123,0.0,-0.06175339627548214
de_inferno,95578,7.656119913008866e+16,ALBATROS,76561198208536200,ak47,492.3167114257813,3423.944091796875,160.96678161621094,480.8644104003906,2924.63525390625,161.53125,True,-9.0891,1354718,9.0691,499.4404763523066,2.3094713283569988,2.3094713283569988
de_inferno,96116,7.656119913008866e+16,ALBATROS,76561198213870300,ak47,1931.6917724609373,75.59387969970703,127.13013458251952,1966.031494140625,721.8949584960938,160.03125,True,54.6000,1088150,711129.0,648.0484428915219,13.474610533140904,11.165139204783905
de_inferno,96156,7.656119913008866e+16,ALBATROS,76561198799594500,ak47,1920.947265625,76.7374038696289,127.63078308105467,2001.131591796875,274.8954162597656,160.03125,True,73.6568,-1.9336,0.8229,216.20803475961037,0.6004286395567388,-12.874181893584165
de_inferno,97602,7.656119913008866e+16,ALBATROS,76561199130088600,world,2028.52197265625,146.97372436523438,147.699951171875,2028.52197265625,146.97372436523438,147.699951171875,False,96.0631,2425028,0.0,0.0,0.0,-0.6004286395567388
de_inferno,107552,7.656119913008866e+16,ALBATROS,76561198844569300,m4a1_silencer,447.7751159667969,3164.985595703125,161.80322265625,880.8729858398438,2168.66796875,187.96875,True,-117.8929,0.8020,0.0766,1086.695547744286,0.07380792714471986,0.07380792714471986
de_inferno,107565,7.656119913008866e+16,ALBATROS,76561199221645100,m4a1_silencer,454.6183166503906,3168.0419921875,161.13954162597656,889.740478515625,1915.8106689453125,136.03128051757812,True,-164.2422,2174503,0.5275,1325.9128958687454,0.4236324120636133,0.34982448491889345
de_mirage,109388,7.656119913008866e+16,ALBATROS,76561198379781400,mp9,180.7828826904297,-1717.8062744140625,-167.96875,215.39756774902344,-1468.05126953125,-175.96875,True,177.9727,23.0050,1.0559,252.26917942094974,0.7207137082777507,0.2970812962141374
de_dust2,113806,7.656119913008866e+16,ALBATROS,76561199015488100,m4a1_silencer,-1745.492919921875,1319.7923583984375,39.035457611083984,-2168.289306640625,1258.84423828125,39.8277702331543,True,-95.6507,0.8096,0.8111,427.167514831759,0.5939343954883531,-0.12677931278939758
de_mirage,116862,7.656119913008866e+16,ALBATROS,76561198379781400,usp_silencer,-666.3984985351562,-2250.966552734375,-179.96875,117.80714416503906,-1572.423828125,-173.92620849609375,True,11.0182,-1.8725,0.8799,1037.0319336794635,0.6312185839377786,0.03728418844942549
de_inferno,122933,7.656119913008866e+16,ALBATROS,76561199221645100,mp9,1795.5233154296875,-349.2799072265625,260.03125,1867.1060791015625,-195.9266357421875,260.03125,True,-0.4529,2939108,0.6169,169.23746018498366,0.48051073576363185,-0.15070784817414679
de_dust2,132387,7.656119913008866e+16,ALBATROS,76561198313319800,m4a1_silencer,-607.7464599609375,1484.0977783203125,-111.59515380859376,-149.03680419921875,993.95361328125,1.4748663902282717,True,-153.7492,2031724,0.4973,680.7647760266657,0.4036634861615362,-0.07684724960209566
de_inferno,135218,7.656119913008866e+16,ALBATROS,76561199576395700,m4a1_silencer,771.05322265625,2148.882080078125,136.03131103515625,372.5709838867188,1919.552001953125,136.03121948242188,True,86.0113,1015162,0.65,459.76121992573997,0.5007752879124893,0.09711180175095308
de_inferno,135257,7.656119913008866e+16,ALBATROS,76561198213870300,m4a1_silencer,782.0241088867188,2124.246826171875,136.03131103515625,467.972412109375,2091.532958984375,140.1398162841797,True,-95.2611,1636288,0.3121,315.7776831419081,0.27162890712953297,-0.2291463807829563
de_dust2,142978,7.656119913008866e+16,ALBATROS,76561198313319800,ak47,1500.091552734375,948.3562622070312,-7.6971435546875,1269.7264404296875,2644.544189453125,127.03125,True,-160.9404,17.1782,0.5224,1717.0536711274863,0.42028803699980266,0.1486591298702697
de_dust2,152949,7.656119913008866e+16,ALBATROS,76561198009145800,m4a1_silencer,629.842529296875,2379.971435546875,67.03125,1230.7623291015625,2350.922119140625,100.18083190917967,True,-82.8376,2705412,0.764,602.5341180063828,0.5675839575845996,0.1472959205847969
de_dust2,156928,7.656119913008866e+16,ALBATROS,76561198178481400,m4a1_silencer,-2010.2142333984373,1495.6602783203125,32.66802978515625,-1706.5992431640625,1006.7929077148438,33.14579391479492,False,95.7483,-3.9204,0.1531,575.4768427975949,0.1424539677949335,-0.4251299897896661
de_dust2,157067,7.656119913008866e+16,ALBATROS,76561198313319800,m4a1_silencer,-1995.366455078125,1501.1812744140625,31.676898956298828,-1626.515869140625,910.7762451171876,35.922542572021484,False,97.5922,0.6534,0.9549,696.1658414883573,0.6703390412339368,0.5278850734390034
de_dust2,158576,7.656119913008866e+16,ALBATROS,76561198958840900,m4a1_silencer,-804.6326904296875,2386.97265625,-72.044921875,-318.04071044921875,1749.119873046875,-115.2816162109375,False,-95.7177,1.1639,1.165,803.4284907559509,0.7724203614544531,0.1020813202205163
de_dust2,8124,7.656119913206594e+16,ʙʟᴠᴄᴋ,76561198180825500,deagle,-205.4063720703125,334.4466247558594,2.160105466842652,579.1708984375,225.43313598632807,-0.25079345703125,True,-8.5563,1780559,0.5909,792.1182023945763,0.46429989382905695,0.0
de_dust2,8778,7.656119913206594e+16,ʙʟᴠᴄᴋ,76561199360521100,galilar,539.031494140625,497.6575012207031,1.492602825164795,665.300048828125,758.4006958007812,0.6852328777313232,False,62.8590,1.1790,1.1868,289.7091874085575,0.7824392880387072,0.31813939420965026
de_dust2,17879,7.656119913206594e+16,ʙʟᴠᴄᴋ,76561198366175000,m4a1_silencer,-707.0660400390625,2518.86669921875,-79.9840087890625,-569.9026489257812,2043.9400634765625,-117.5101318359375,False,-73.4855,1064500,0.4465,495.75933184360395,0.36914684543405274,-0.4132924426046545
de_dust2,36482,7.656119913206594e+16,ʙʟᴠᴄᴋ,76561198366175000,mp9,-489.6802978515625,1094.5283203125,-69.0751953125,-55.1585693359375,443.31494140625,-0.92584228515625,True,-58.4565,-3.5369,2788628.0,785.8322541972601,14.841060635172596,14.471913789738544
de_dust2,43125,7.656119913206594e+16,ʙʟᴠᴄᴋ,76561199360521100,m4a1_silencer,-362.33251953125,1556.136962890625,-126.40625,-486.1253051757813,819.3351440429688,-7.56402587890625,False,-99.7840,-6.9375,0.6816,756.5216773291401,0.5197457211405496,-14.321314914032046
de_dust2,49701,7.656119913206594e+16,ʙʟᴠᴄᴋ,76561198112244700,ssg08,1596.3125,2169.895263671875,-4.44134521484375,1235.9666748046875,2561.03125,99.60230255126952,True,132.4680,-8.5281,0.1424,541.9054845423185,0.13313131260318287,-0.3866144085373667
de_dust2,49893,7.656119913206594e+16,ʙʟᴠᴄᴋ,76561198366175000,ssg08,1514.6876220703125,2614.760009765625,77.88826751708984,897.143310546875,2663.276123046875,95.87843322753906,True,174.7650,-1.1172,2416477.0,619.7083475354877,14.69782166614969,14.564690353546506
de_dust2,53546,7.656119913206594e+16,ʙʟᴠᴄᴋ,76561198180825500,ak47,1762.518310546875,2093.43212890625,3.424670696258545,489.3070983886719,2203.7919921875,96.04109954833984,True,175.1358,-3.1016,0.7919,1281.3367602165051,0.5832765094242329,-14.114545156725457
de_dust2,96837,7.656119913206594e+16,ʙʟᴠᴄᴋ,76561198180825500,mp7,-1665.5596923828125,1066.68017578125,31.178016662597656,-1381.544677734375,1075.2413330078125,37.68180847167969,True,538825,1911071,0.872,284.21843935027505,0.6270073780554003,0.043730868631167374
de_dust2,107725,7.656119913206594e+16,ʙʟᴠᴄᴋ,76561198366175000,ak47,-170.94189453125,343.273681640625,2.160104751586914,-189.24151611328125,1337.5888671875,0.0787873268127441,True,91.5460,2443840,1922669.0,994.4857446144639,14.4692254029805,13.8422180249251
de_dust2,114728,7.656119913206594e+16,ʙʟᴠᴄᴋ,76561198366175000,ak47,-2012.5853271484373,1528.321533203125,32.81438446044922,-1627.3291015625,895.8145751953125,35.77950668334961,False,-59.2146,-0.6801,0.4468,740.6052951679565,0.36935422109580585,-14.099871181884694
de_dust2,124956,7.656119913206594e+16,ʙʟᴠᴄᴋ,76561199360521100,glock,-1880.244384765625,2830.2236328125,30.393234252929688,-1541.1319580078125,2559.95654296875,2.8534274101257324,True,-36.6707,2747081,0.7761,434.5111952471666,0.574419949291144,0.2050657281953382
de_dust2,127866,7.656119913206594e+16,ʙʟᴠᴄᴋ,76561198392370200,ak47,439.71875,-660.0325927734375,2.560873508453369,72.47860717773438,-669.9143676757812,4.427004814147949,False,-176.2729,1911071,1140654.0,367.3778088308938,13.947113216776982,13.372693267485838
de_dust2,135338,7.656119913206594e+16,ʙʟᴠᴄᴋ,76561198180825500,awp,-470.3558349609375,-503.788818359375,1.2812228202819824,-288.33282470703125,1005.1264038085938,-47.2493896484375,True,83.9537,1451142,0.0186,1520.6290620327802,0.01842913546836719,-13.928684081308615
de_dust2,140577,7.656119913206594e+16,ʙʟᴠᴄᴋ,76561198180825500,awp,-435.541015625,-424.4505004882813,0.2535595893859863,-424.608154296875,2412.425048828125,-92.4818115234375,True,89.4665,582230,0.4731,2838.411925500158,0.3873690238387556,0.3689398883703884
de_dust2,159780,7.656119913206594e+16,ʙʟᴠᴄᴋ,76561198366175000,awp,1333.1619873046875,1268.2376708984375,-3.83111572265625,628.9600219726562,753.4374389648438,0.8838725090026855,True,-143.5848,0.0670,1201650.0,872.319848387277,13.9992070025001,13.611837978661343
de_dust2,160345,7.656119913206594e+16,ʙʟᴠᴄᴋ,76561198392370200,awp,1485.34130859375,1401.675537109375,-9.2738037109375,597.6642456054688,693.5460205078125,1.0836396217346191,True,-142.0917,0.2225,1.0764,1135.5726560067626,0.7306356249709369,-13.268571377529163
de_dust2,161881,7.656119913206594e+16,ʙʟᴠᴄᴋ,76561198180825500,awp,1593.897705078125,1428.034423828125,0.9254236221313475,1489.8812255859375,1856.2762451171875,-9.05712890625,True,105.1477,2.0744,1563971.0,440.8062350533439,14.262739297113837,13.5321036721429
de_dust2,161997,7.656119913206594e+16,ʙʟᴠᴄᴋ,76561199360521100,awp,1552.12060546875,1408.7623291015625,1.0312519073486328,1347.92431640625,2257.668212890625,3.3155105113983154,False,102.9367,2164064,0.8258,873.1222948911312,0.6020182471488433,-13.660721049964994
de_dust2,169677,7.656119913206594e+16,ʙʟᴠᴄᴋ,76561198180825500,awp,1619.6453857421875,822.8010864257812,-9.02630615234375,1230.297607421875,2500.998291015625,172.03125,True,103.1997,-4.5988,0.5187,1732.2584647263202,0.4178547057540873,-0.18416354139475605
de_ancient,2570,7.656119913221522e+16,Jack Daniel's,76561198122719700,deagle,1148.5447998046875,271.069580078125,130.53125,1263.62744140625,-477.98150634765625,43.929012298583984,True,160.5075,445263,874848.0,762.7722412676864,13.681806579019018,0.0
de_ancient,2607,7.656119913221522e+16,Jack Daniel's,76561199687871600,deagle,1151.0106201171875,271.126953125,130.53125,1290.44580078125,-226.5059814453125,114.5308074951172,True,-110.9008,14.5610,2569573.0,517.0461501029021,14.759250684377038,1.0774441053580208
de_ancient,2667,7.656119913221522e+16,Jack Daniel's,76561198164913400,deagle,1150.20849609375,274.9103698730469,129.40574645996094,1289.22021484375,-680.1201782226562,11.20148468017578,True,1223565,2888795,6.1733,972.306460561027,1.9703657997745287,-12.78888488460251
de_ancient,5494,7.656119913221522e+16,Jack Daniel's,76561199687871600,deagle,-997.3594360351562,-737.8732299804688,33.90738296508789,-1162.125732421875,-914.33447265625,34.328399658203125,True,-122.3819,2900393,0.342,241.42634455819623,0.29416103854949005,-1.6762047612250388
de_ancient,8470,7.656119913221522e+16,Jack Daniel's,76561198164913400,deagle,-278.367919921875,-772.4420776367188,164.03125,487.6486206054688,-856.96435546875,124.44693756103516,True,-81.1378,1493995,620184.0,771.681458636049,13.337773099609473,13.043612061059983
de_ancient,14870,7.656119913221522e+16,Jack Daniel's,76561198088502600,awp,1138.750244140625,333.40594482421875,120.43274688720705,1299.672119140625,-238.20751953125,114.53651428222656,True,-148.3769,-6.0061,1838723.0,593.8624150802174,14.424582410757024,1.086809311147551
de_ancient,17709,7.656119913221522e+16,Jack Daniel's,76561198088502600,awp,-501.0189208984375,542.7788696289062,160.03172302246094,-742.5669555664062,-859.5559692382812,34.53886795043945,True,91.1903,-7.1013,0.2495,1428.5086314148566,0.22274347129287,-14.201838939464153
de_ancient,18137,7.656119913221522e+16,Jack Daniel's,76561199687871600,awp,-485.7772216796875,522.7223510742188,160.031494140625,-751.939453125,-860.8189086914062,35.472354888916016,True,-121.3172,2201683,0.313,1414.4057869271205,0.27231459532065916,0.049571124027789154
de_ancient,18264,7.656119913221522e+16,Jack Daniel's,76561198164913400,awp,-495.0974731445313,521.943115234375,160.03147888183594,-437.0020751953125,-443.7555541992188,108.71875,True,26.1633,0.0000,643956.0,968.8044134674409,13.375387232670928,13.10307263735027
de_ancient,20774,7.656119913221522e+16,Jack Daniel's,76561198317804200,awp,658.7249755859375,584.2822265625,121.20427703857422,1214.7781982421875,-352.2225341796875,84.9813461303711,True,-75.7126,412361,999702.0,1089.7469678979444,13.81521351385104,0.43982628118011213
de_ancient,20912,7.656119913221522e+16,Jack Daniel's,76561198164913400,awp,668.4828491210938,544.4859619140625,123.53301239013672,1239.8929443359375,-387.7655029296875,82.90625,True,86.2561,1173738,0.343,1094.1904881870703,0.29490591754110057,-13.520307596309939
de_ancient,21298,7.656119913221522e+16,Jack Daniel's,76561198088502600,awp,1293.3306884765625,-401.2496337890625,66.86927795410156,923.2833862304688,-1356.3924560546875,4.310235023498535,False,77.2081,13.9337,0.7778,1026.2292388533608,0.5753766448254375,0.2804707272843369
de_ancient,26591,7.656119913221522e+16,Jack Daniel's,76561198317804200,awp,1152.7421875,329.6344299316406,121.22167205810548,1198.830322265625,-601.2587890625,29.03125,True,-101.3211,6.1091,0.4243,936.5817504386358,0.3536804649584035,-0.221696179867034
de_ancient,26755,7.656119913221522e+16,Jack Daniel's,76561198088502600,awp,1264.6365966796875,411.6158752441406,122.98234558105467,992.7349243164062,-198.79351806640625,123.4993133544922,True,-85.8327,2366043,526682.0,668.2293125352837,13.174354128512386,12.820673663553983
de_ancient,30289,7.656119913221522e+16,Jack Daniel's,76561198088502600,awp,1150.6146240234375,770.8729858398438,126.77537536621094,1178.382080078125,-123.0333251953125,130.53125,True,-104.3207,208007,586247.0,894.3453645647721,13.281498187222947,0.10714405871056165
de_ancient,36745,7.656119913221522e+16,Jack Daniel's,76561198088502600,awp,-563.3556518554688,684.167724609375,138.03125,-249.70623779296875,-855.896240234375,164.03125,True,-112.2092,1800648,0.4399,1571.8934349223553,0.36457366673208774,-12.91692452049086
de_ancient,36870,7.656119913221522e+16,Jack Daniel's,76561198317804200,awp,-540.3790283203125,690.9119262695312,138.03125,-292.9677734375,-660.106201171875,164.03125,True,-100.8353,1639941,4.1196,1373.7315275256558,1.6330763109994997,1.2685026442674119
de_ancient,37874,7.656119913221522e+16,Jack Daniel's,76561198122719700,usp_silencer,-1092.880126953125,-818.0631713867188,35.310386657714844,-1116.0404052734375,-1140.146728515625,0.6231465339660645,True,-127.0881,4.1051,0.5948,324.7728758564766,0.4667483365250629,-1.1663279744744368
de_ancient,41094,7.656119913221522e+16,Jack Daniel's,76561198088502600,deagle,1097.5975341796875,-856.7525634765625,4.447417736053467,217.90457153320312,-878.2175903320312,153.03125,True,123.5468,-3.4782,0.355,892.4111222513397,0.3038014543316642,-0.1629468821933987
de_ancient,41283,7.656119913221522e+16,Jack Daniel's,76561198122719700,deagle,1103.23681640625,-881.4522705078125,9.031248092651367,175.73312377929688,-765.502685546875,153.03125,True,170.3722,2427616,677527.0,945.7501819394822,13.426206159295281,13.122404704963618
de_ancient,41362,7.656119913221522e+16,Jack Daniel's,76561198317804200,deagle,1102.7457275390625,-890.1680297851562,9.031248092651367,-218.77001953125,-788.9866943359375,164.03125,True,170.3722,2427616,677527.0,1334.4161768314154,13.426206159295281,0.0
de_ancient,41750,7.656119913221522e+16,Jack Daniel's,76561198164913400,deagle,170.77101135253906,-800.9868774414062,153.03125,-698.4012451171875,-670.779541015625,70.84375,True,-175.2295,95755,0.2721,882.7055834376616,0.2406690781800282,-13.185537081115253
de_ancient,44585,7.656119913221522e+16,Jack Daniel's,76561198088502600,ak47,1262.6475830078125,-767.4409790039062,4.627080917358398,1277.124755859375,-313.12109375,104.53022003173828,False,-79.0542,0.0371,1.0178,465.3995959128066,0.7020078089921419,0.4613387308121137
de_train,18208,7.656119913476778e+16,vzon8e,76561199045978700,m4a1_silencer,318.2500915527344,-383.2457275390625,-217.0758056640625,-449.4901123046875,126.06228637695312,-215.96875,True,-47.9982,168134,0.77,921.3147666407802,0.5709795465857378,0.0
de_train,18881,7.656119913476778e+16,vzon8e,76561199072017000,m4a1_silencer,664.739501953125,-102.99664306640624,-215.96875,-86.383544921875,677.228515625,-171.96875,True,-146.0471,1377788,0.0,1083.9156469955647,0.0,-0.5709795465857378
de_train,29740,7.656119913476778e+16,vzon8e,76561199045978700,ak47,682.2918701171875,-1054.1710205078125,-172.5257568359375,-354.63018798828125,-1250.2371826171875,-350.96875,True,-152.1830,-0.9273,0.1914,1070.27622430816,0.17512908621245,0.17512908621245
de_train,29806,7.656119913476778e+16,vzon8e,76561198036927400,ak47,667.217041015625,-1004.7197875976562,-172.52581787109375,-136.45440673828125,-1502.4547119140625,-350.96875,True,2701488,1470162,59902.0,962.0133735275616,11.00048186632186,10.825352780109409
de_train,41369,7.656119913476778e+16,vzon8e,76561199134767700,world,1456.0,-1328.0,-327.96875,1456.0,-1328.0,-327.96875,False,152.7855,2755360,2.1672,0.0,1.1528479168097838,-9.847633949512076
de_train,50013,7.656119913476778e+16,vzon8e,76561198036927400,m4a1_silencer,-269.46875,42.1057243347168,-215.96875,-646.5868530273438,568.3035278320312,-215.96875,True,1740383,-1.5199,0.3602,647.3810253910293,0.3076317477594013,-0.8452161690503825
de_train,50572,7.656119913476778e+16,vzon8e,76561199045978700,m4a1_silencer,-450.0926513671875,637.9658203125,-215.96875,-622.0286254882812,256.0277404785156,-215.96875,True,743970,2169267,0.2089,418.854003232917,0.1897108552258092,-0.11792089253359209
de_train,64018,7.656119913476778e+16,vzon8e,76561198036927400,m4a1,681.2566528320312,44.11481857299805,-215.96875,1165.0274658203125,690.716796875,-211.96875,True,-168.9079,2257322,0.2952,807.5545293312429,0.2586651233812884,0.0689542681554792
de_train,78745,7.656119913476778e+16,vzon8e,76561199031120800,mac10,-963.2819213867188,-870.9454345703125,-153.96875,-759.2322998046875,-922.3521728515624,-217.10992431640625,True,159.1984,-3.6076,0.0,219.6945805033476,0.0,-0.2586651233812884
de_train,83897,7.656119913476778e+16,vzon8e,76561199072017000,ak47,-1323.9700927734375,-392.4783325195313,-126.94482421875,-626.6826782226562,-399.353759765625,-213.46875,True,-53.9717,715877,0.4666,702.6687695659518,0.3829467966775621,0.3829467966775621
de_train,94923,7.656119913476778e+16,vzon8e,76561199031120800,ak47,-985.7837524414062,-308.4691162109375,20.03125,-906.6156005859376,-850.8754272460938,-152.96875,True,-90.3825,-0.2427,0.139,574.8053605517065,0.1301506844650451,-0.25279611221251697
de_train,96264,7.656119913476778e+16,vzon8e,76561198036927400,ak47,-195.26416015625,84.25347137451172,-215.96875,350.38525390625,-419.2470703125,-216.098876953125,True,-11.6743,24.9252,792975.0,742.4594907999275,13.583548235341846,13.453397550876801
de_train,99627,7.656119913476778e+16,vzon8e,76561199072017000,ak47,-966.6558227539062,-275.4823608398437,20.031253814697266,-897.5979614257812,-908.95751953125,-152.96875,True,-52.8968,2097498,1.0459,660.2944541719263,0.7158377904796438,-12.867710444862203
de_train,100712,7.656119913476778e+16,vzon8e,76561199031120800,ak47,-437.7694091796875,-189.8819580078125,-215.96875,916.4844970703124,263.61834716796875,-211.96875,True,-84.8278,4.1580,0.5321,1428.1744184055078,0.4266393433395709,-0.2891984471400729
de_train,104111,7.656119913476778e+16,vzon8e,76561199032867400,ak47,-635.15087890625,361.8004455566406,-215.96875,-477.94622802734375,503.7878723144531,-215.96875,True,-0.4837,7.1628,0.9961,211.8342078495916,0.6911952768347,0.26455593349512907
de_train,104366,7.656119913476778e+16,vzon8e,76561199072017000,ak47,-586.95947265625,411.42523193359375,-215.96875,-344.3470458984375,436.3942260742188,-215.96875,False,34.4744,637775,0.1097,243.893911948842,0.10408970852438094,-0.587105568310319
de_train,112644,7.656119913476778e+16,vzon8e,76561199204782200,deagle,-736.093505859375,1100.3046875,-215.96875,-782.6627807617188,674.8848876953125,-215.96875,True,179.1472,297733,0.0474,427.9611003710389,0.04631090286325026,-0.05777880566113069
de_dust2,34533,7.656119914630165e+16,Ishinorui,76561197966870100,galilar,-1339.783447265625,2683.966064453125,130.03125,-203.56732177734372,2057.586181640625,-125.6932373046875,True,-97.3028,2834831,1204603.0,1322.3970110443565,14.001661440190594,0.0
de_dust2,48874,7.656119914630165e+16,Ishinorui,76561199092589700,ak47,-1968.3223876953125,1758.591064453125,32.13753128051758,-2123.825927734375,2207.903076171875,0.8643078804016113,True,-167.3496,1457351,0.7007,476.4878270651455,0.5310399310162307,-13.470621509174363
de_dust2,49963,7.656119914630165e+16,Ishinorui,76561199129950300,ak47,-1305.2230224609375,2678.55419921875,130.03125,-1014.5473022460938,2300.710205078125,-34.80712890625,True,16.7662,1667425,0.2128,504.41069515921174,0.19293173590597015,-0.3381081951102606
de_dust2,63798,7.656119914630165e+16,Ishinorui,76561197966870100,ssg08,-392.6866455078125,-221.009033203125,0.8884658813476562,-416.3660888671875,2265.33056640625,-116.72088623046876,True,-142.3162,0.8405,0.5704,2489.2322672518285,0.4513303639801143,0.25839862807414415
de_dust2,73233,7.656119914630165e+16,Ishinorui,76561197985457300,m4a1_silencer,182.4576416015625,2430.22900390625,-120.96875,132.6534423828125,2251.316162109375,-125.2108154296875,True,60.1608,1354442,1829136.0,185.76398558053256,14.419354828887114,13.968024464907
de_dust2,77381,7.656119914630165e+16,Ishinorui,76561197966870100,awp,-547.9734497070312,339.8358764648437,6.192180633544922,-375.465576171875,2079.563720703125,-128.41790771484375,True,51.2189,14.3396,0.2814,1753.4342914220538,0.24795323022278412,-14.17140159866433
de_dust2,89753,7.656119914630165e+16,Ishinorui,76561197966870100,usp_silencer,-1977.3497314453125,1982.591796875,-0.58013916015625,-1983.5335693359373,1348.293212890625,28.12964630126953,True,-106.5705,527778,0.8513,634.9780982655086,0.6158880950129938,0.36793486479020965
de_dust2,92823,7.656119914630165e+16,Ishinorui,76561199092589700,usp_silencer,1502.8057861328125,1104.5762939453125,-6.94537353515625,1756.60009765625,886.1267700195312,-8.374755859375,True,43.4128,-1.4893,2031785.0,334.8638382968291,14.52442576717387,13.908537672160877
de_dust2,102577,7.656119914630165e+16,Ishinorui,76561197966870100,mp9,361.734130859375,93.73800659179688,-3.17919921875,-159.91656494140625,536.1119995117188,-0.03125,True,-42.6441,2596876,0.8029,683.9766864635359,0.5893964795660175,-13.935029287607852
de_dust2,102875,7.656119914630165e+16,Ishinorui,76561199129950300,mp9,-71.07061767578125,383.2197570800781,-1.14453125,-369.516357421875,883.2492065429688,-27.7047119140625,True,155.3323,-17.8185,1323306.0,582.9277426059444,14.095644464552938,13.50624798498692
de_dust2,119959,7.656119914630165e+16,Ishinorui,76561198128564000,famas,1779.6661376953125,1996.51318359375,3.674280643463135,1146.716796875,867.5516967773438,0.164736270904541,False,115.4011,-3.1153,2.1849,1294.2917845915895,1.1584208913569707,-12.937223573195968
de_mirage,6339,7.6561199155915e+16,Panda,76561199467551800,mp9,130.66627502441406,-2025.6439208984373,-39.96875,-190.97454833984372,-1539.71826171875,-53.96875,True,177.5930,7.0151,0.6047,582.9001333879169,0.47293682322317704,0.0
de_mirage,11038,7.6561199155915e+16,Panda,76561199157215700,m4a1_silencer,-1185.778564453125,-604.2579345703125,-167.96875,479.09130859375,-784.2948608398438,-160.75762939453125,True,-81.4561,367467,0.8527,1674.5915887941408,0.61664403457383,0.14370721135065295
de_mirage,19070,7.6561199155915e+16,Panda,76561199467551800,mp9,16.30255699157715,-2283.934814453125,-39.96875,407.8135681152344,-2342.100830078125,-39.96875,False,-62.2736,723548,495271.0,395.8082328663165,13.112862385583256,12.496218351009425
de_mirage,28771,7.6561199155915e+16,Panda,76561199467551800,ak47,97.11322021484376,-2362.2939453125,-39.96875,490.3159790039063,-2213.0341796875,-39.96875,False,29.5618,0.3759,334685.0,420.5792281529839,12.720948057821445,-0.39191432776181045
de_mirage,43826,7.6561199155915e+16,Panda,76561199160594800,ak47,-723.273681640625,-2146.847412109375,-179.96875,-717.5564575195312,-1131.8983154296875,-167.96875,True,-90.3522,-6.0878,0.0,1015.0361350723256,0.0,-12.720948057821445
de_mirage,50261,7.6561199155915e+16,Panda,76561199084249100,ak47,21.04376792907715,-2219.414306640625,-39.96875,141.69737243652344,-2297.263671875,-39.96875,False,51.9633,14.1875,9.1714,143.58905232654186,2.3195798603699074,2.3195798603699074
de_mirage,57045,7.6561199155915e+16,Panda,76561199160594800,m4a1_silencer,-10.554931640625,-2074.693115234375,-167.96875,-90.31817626953124,-1418.0316162109375,-115.96875,True,-9.2230,0.5411,0.6141,663.5288234081762,0.4787775257970969,-1.8408023345728104
de_mirage,2624,7.656119916059486e+16,BOT ARNOLD,76561199121783700,glock,-1944.760009765625,754.5679321289062,-47.96875,-2409.171630859375,377.4451599121094,-166.406005859375,True,-7.0598,0.3574,0.2351,609.8582808381846,0.21115193846183167,0.0
de_mirage,2767,7.656119916059486e+16,BOT ARNOLD,76561199278282700,glock,-2176.3291015625,658.3397216796875,11.65625,-2544.247802734375,274.7965393066406,-167.96875,True,-5.6020,18.5624,0.4981,561.0121959831566,0.40419763854119917,0.1930457000793675
de_mirage,6220,7.656119916059486e+16,BOT ARNOLD,76561198402995700,ak47,-104.52783203125,-1811.3558349609373,-167.96875,-748.345947265625,-1617.3306884765625,-167.96875,False,-111.4072,0.7258,1.095,672.4191572019837,0.739553553374101,0.33535591483290184
de_mirage,6570,7.656119916059486e+16,BOT ARNOLD,76561199155915000,ak47,-488.4326171875,-2280.873779296875,-172.08795166015625,119.92897033691406,-1993.8038330078125,-167.96875,True,158.4730,-6.2117,0.113,672.7034584866853,0.10705907229340779,-0.6324944810806932
de_mirage,35415,7.656119916059486e+16,BOT ARNOLD,76561199121783700,ak47,-66.94427490234375,-893.4276733398438,-167.07086181640625,-823.8483276367188,-665.1322631835938,-264.839111328125,True,163.0924,-0.0505,2654250.0,796.6060318355101,14.79167306363001,14.684613991336603
de_mirage,15358,7.656119916916797e+16,Hunken,76561199008333200,usp_silencer,-496.032958984375,-1520.3116455078125,-39.96875,-866.0772094726562,-2342.2265625,-168.840576171875,True,40.8654,2614924,1.0792,910.5409522226786,0.7319832043451434,0.0
de_mirage,24540,7.656119916916797e+16,Hunken,76561198253819600,awp,-650.4891357421875,-1712.6881103515625,-176.83740234375,-81.96856689453125,-1659.040771484375,-167.96875,True,62.1074,54089,1549907.0,571.1149859395985,14.253706132295152,13.521722927950009
de_mirage,41876,7.656119916916797e+16,Hunken,76561199008333200,deagle,-1275.04931640625,-1447.4288330078125,-156.18017578125,-221.152099609375,-1587.4296875,-53.96875,True,103.9001,2892416,0.6135,1068.0574696105907,0.4784057325098795,-13.775300399785273
de_mirage,52018,7.656119916916797e+16,Hunken,76561198330759100,awp,-943.6112060546876,233.5404357910156,-172.0111083984375,-318.71490478515625,-924.5149536132812,-166.03131103515625,True,86.1514,2929643,0.8463,1315.9116346644194,0.6131836364195604,0.13477790390968092
de_mirage,54504,7.656119916916797e+16,Hunken,76561198023280500,awp,-1376.748046875,352.7948303222656,-167.96875,-2143.569580078125,642.8338623046875,-145.14166259765625,False,-96.6663,-2.8341,2779132.0,820.1578992953528,14.837649566521504,14.224465930101944
de_mirage,99214,7.656119916916797e+16,Hunken,76561198180825500,awp,420.4423522949219,474.8149108886719,-263.46142578125,236.3995819091797,-214.9022216796875,-167.59637451171875,True,55.6540,372000,0.4134,720.2579901288765,0.34599814927461686,-14.491651417246887
de_mirage,99563,7.656119916916797e+16,Hunken,76561198330759100,awp,288.2815246582031,477.3213195800781,-259.90545654296875,165.9385528564453,-406.17333984375,-166.96875,True,-120.2347,970452,0.2245,896.754061826745,0.20253259741008536,-0.1434655518645315
de_mirage,100938,7.656119916916797e+16,Hunken,76561198023280500,awp,455.4549560546875,-838.0540161132812,-159.96875,-433.452392578125,-592.59130859375,-275.407958984375,True,157.7603,369321,0.4124,929.3731361553192,0.34529038507209425,0.1427577876620089
de_mirage,121381,7.656119916916797e+16,Hunken,76561198180825500,ak47,487.5096740722656,-310.2923583984375,-160.50067138671875,-1188.988037109375,-664.8204956054688,-167.96875,True,92.4863,4.0018,0.5817,1713.589959082085,0.45850021798730606,0.1132098329152118
de_dust2,36513,7.65611991720336e+16,Bartek Bąbelek,76561198180825500,m4a1_silencer,-972.9478149414062,1361.88134765625,-110.76068115234376,-1265.12060546875,1156.3133544921875,32.031246185302734,True,-140.2377,-15.7080,1451111.0,384.7241529340663,14.187840717033579,0.0
de_dust2,37104,7.65611991720336e+16,Bartek Bąbelek,76561198112244700,m4a1_silencer,-459.3157958984375,752.1494140625,-0.4456787109375,-471.92572021484375,185.1865997314453,-1.16900634765625,False,-92.6196,1908119,0.5167,567.103488111584,0.41653692207521426,-13.771303794958364
de_dust2,56161,7.65611991720336e+16,Bartek Bąbelek,76561199360521100,m4a1_silencer,-1647.96337890625,1621.2418212890625,2.3987693786621094,-1774.3448486328125,2207.626953125,-0.76336669921875,True,102.8441,1390480,0.2289,599.8581480925893,0.20611946030841446,-0.2104174617667998
de_dust2,56345,7.65611991720336e+16,Bartek Bąbelek,76561198180825500,m4a1_silencer,-1616.3270263671875,1641.2813720703125,2.28278923034668,-1884.2091064453125,2090.693359375,-3.8653564453125,True,120.6841,3.1418,2.1835,523.230105073648,1.157981220474943,0.9518617601665285
de_dust2,56869,7.65611991720336e+16,Bartek Bąbelek,76561198112244700,m4a1_silencer,-1863.164794921875,1959.708740234375,-1.42510986328125,-2004.4510498046875,1813.341064453125,33.031246185302734,False,-133.4444,-5.4753,0.2507,206.33114841090514,0.22370339457272384,-0.9342778259022191
de_dust2,56933,7.65611991720336e+16,Bartek Bąbelek,76561198392370200,m4a1_silencer,-1880.5230712890625,1974.2210693359373,-1.59320068359375,-1999.4693603515625,1706.19873046875,31.89401054382324,True,-114.2582,-0.5833,0.5063,295.1365567485106,0.40965631272663244,0.1859529181539086
de_dust2,64656,7.65611991720336e+16,,76561198112244700,ak47,-700.7178955078125,2177.436767578125,-119.132080078125,1355.0496826171875,2304.5322265625,10.99822998046875,True,1017627,-2.5581,0.2509,2063.7992849500465,0.22386329223855864,-0.1857930204880738
de_dust2,65121,7.65611991720336e+16,,76561198392370200,ak47,456.6010437011719,2166.12841796875,-128.57086181640625,1108.7484130859375,2433.83447265625,96.49615478515624,True,21.8470,-17.3460,544944.0,740.012084410616,13.208440151121682,12.984576858883123
de_dust2,69788,7.65611991720336e+16,Bartek Bąbelek,76561198392370200,ak47,-1707.5325927734375,1867.4102783203125,0.179844856262207,-1849.164306640625,1907.5135498046875,0.0626120567321777,False,172.3971,-3.4559,1181592.0,147.19996093829522,13.982374086011143,0.7739339348894614
de_dust2,77126,7.65611991720336e+16,Bartek Bąbelek,76561198180825500,glock,879.9627075195312,2610.213134765625,95.06999206542967,396.6979370117188,1883.9569091796875,95.5669174194336,True,-123.9488,325798,0.0,872.3492365739241,0.0,-13.982374086011143
de_dust2,110563,7.65611991720336e+16,Bartek Bąbelek,76561198392370200,ak47,1070.6431884765625,2348.032470703125,99.0878448486328,555.7182006835938,2221.91650390625,-112.2021484375,True,-169.5953,20.8466,2553079.0,570.6982051816473,14.752811031416178,14.752811031416178
de_dust2,154983,7.65611991720336e+16,Bartek Bąbelek,76561198180825500,ak47,-1697.2581787109375,815.1242065429688,32.80080032348633,-1568.7950439453125,1093.432861328125,35.26472854614258,False,62.9935,-3.6128,0.4062,306.53638489487804,0.34089103078292393,-14.411920000633254
de_dust2,155919,7.65611991720336e+16,Bartek Bąbelek,76561198392370200,ak47,-1493.614990234375,2149.89111328125,-0.6416015625,-567.6864624023438,2391.226806640625,-100.920654296875,True,15.1289,1195987,0.3395,962.1031358226344,0.29229641000252643,-0.0485946207803975
de_dust2,156929,7.65611991720336e+16,Bartek Bąbelek,76561199360521100,ak47,-837.9539184570312,2235.63134765625,-96.87200927734376,1300.521728515625,2211.388671875,3.92545747756958,True,-1.1179,-2.0421,0.1918,2140.987138991816,0.17546476933074148,-0.11683164067178495
de_ancient,3452,7.656119917317434e+16,Con Huevos,76561198161389600,glock,11.712013244628906,-844.3067016601562,153.03125,-326.0791015625,-715.47314453125,115.03125,True,-144.5217,2.1269,0.7668,363.51743106091914,0.5691700007402344,0.0
de_ancient,17495,7.656119917317434e+16,Con Huevos,76561199117151400,deagle,1086.7845458984375,-892.2086791992188,9.031248092651367,-67.0726318359375,-781.7365112304688,153.03125,True,-137.9842,-1.7424,6.1495,1168.0438720588236,1.967042424190765,1.3978724234505306
de_ancient,20363,7.656119917317434e+16,Con Huevos,76561199117151400,ak47,-667.9517822265625,-344.3460693359375,60.824893951416016,-1002.9702758789062,-126.376220703125,104.2747802734375,True,62.2499,-0.2791,1292230.0,402.0399714250976,14.071880739912856,12.104838315722091
de_ancient,31920,7.656119917317434e+16,Con Huevos,76561199117151400,ak47,655.361328125,-769.6459350585938,89.40739440917969,42.80605316162109,-819.607666015625,153.03125,True,55.9980,2301638,1.0391,617.8738823141217,0.7125085340385652,-13.35937220587429
de_mirage,27581,7.656119918120454e+16,mortem29a,76561198091804300,m4a1_silencer,-584.6593017578125,-926.5588989257812,-167.96875,-826.0272216796875,-594.1921997070312,-261.94677734375,True,24.5922,5.1481,1094786.0,421.3762750089311,13.906070381763218,0.0
de_mirage,27770,7.656119918120454e+16,mortem29a,76561198890041700,m4a1_silencer,-646.1077880859375,-1162.7335205078125,-167.96875,-730.8416137695312,-287.0845947265625,-159.96875,True,-161.2755,1752801,0.2146,879.7754613745684,0.1944148044813379,-13.71165557728188
de_mirage,33512,7.656119918120454e+16,mortem29a,76561198274450700,ak47,-718.9210815429688,-1426.7293701171875,-167.96875,-186.7947998046875,-2052.644775390625,-167.96875,False,21.5789,-2.8935,861943.0,821.5403059346634,13.666945582338284,13.472530777856946
de_mirage,34122,7.656119918120454e+16,mortem29a,76561198091804300,ak47,-508.8096923828125,-1567.59375,-39.96875,-348.3134765625,-1871.2060546875,-169.6500244140625,True,991635,1030045,2.0715,367.0922224509136,1.122166041621845,-12.544779540716439
de_mirage,37302,7.656119918120454e+16,mortem29a,76561198245763800,ak47,-664.4065551757812,-848.7924194335938,-259.56884765625,-754.4094848632812,-550.1919555664062,-266.2525634765625,False,-46.9099,-4.7959,0.5711,311.9413990338559,0.4517760109714147,-0.6703900306504305
de_mirage,40925,7.656119918120454e+16,mortem29a,76561198184283300,ak47,-469.8785400390625,-1563.452392578125,-39.96875,289.842041015625,-1604.0306396484375,-175.96875,True,26.6988,-0.3375,0.4314,772.8634778622751,0.3586529863223601,-0.09312302464905459
de_mirage,51672,7.656119918120454e+16,mortem29a,76561198245763800,ak47,-452.2233276367188,772.74658203125,-71.96875,499.35101318359375,864.2715454101562,-99.42901611328124,False,139.2599,-11.1982,0.7056,956.3600845100838,0.5339169549893884,0.1752639686670283
de_mirage,61737,7.656119918120454e+16,mortem29a,76561198274450700,m4a1_silencer,-887.589599609375,-187.81378173828125,-167.9442138671875,80.0798568725586,-932.5137329101562,-39.96875,True,-49.3794,3.0271,1402899.0,1227.7377218426807,14.154052080706863,13.620135125717475
de_mirage,62383,7.656119918120454e+16,mortem29a,76561198890041700,m4a1_silencer,-1178.031982421875,-616.6777954101562,-167.96875,-275.7523193359375,-364.0181884765625,-166.9239501953125,True,139.9359,0.0000,0.0439,936.9880250040247,0.04296369943211567,-14.111088381274747
de_mirage,87135,7.656119918120454e+16,mortem29a,76561198091804300,glock,-704.65771484375,-492.286376953125,-164.4639892578125,-825.845947265625,-95.7708740234375,-168.21673583984375,True,-111.0368,-0.8624,0.635,414.6386557570704,0.4916428043492167,0.44867910491710106
de_mirage,97618,7.656119918120454e+16,mortem29a,76561198091804300,deagle,-81.18267822265625,-382.4112548828125,-165.96875,-1105.595703125,-578.9649047851562,-134.96875,True,111.9438,2457839,0.1426,1043.5594774039012,0.1333063673082251,-0.3583364370409916
de_mirage,107712,7.656119918120454e+16,mortem29a,76561198091804300,ak47,23.792898178100582,-415.925048828125,-175.96875,-708.7326049804688,-855.4657592773438,-256.232177734375,True,-40.6604,0.1761,0.3169,858.0395484775689,0.2752804897340374,0.1419741224258123
de_mirage,128208,7.656119918120454e+16,mortem29a,76561198890041700,ak47,-1228.2779541015625,133.3663330078125,-168.83782958984375,-1337.546875,435.4601440429688,-167.96875,True,50.1643,-15.4293,85500.0,321.24931601388226,11.356283350762888,11.081002861028852
de_mirage,132008,7.656119918120454e+16,mortem29a,76561198091804300,ak47,743.9658813476562,-1605.0716552734375,-257.1161499023437,52.0341911315918,-1582.3604736328125,-172.93255615234375,True,-149.2596,2327266,0.4721,697.4038565662211,0.3866899527818304,-10.969593397981058
de_mirage,155983,7.656119918120454e+16,mortem29a,76561198274450700,galilar,-709.2734375,-2273.867919921875,-179.96875,-1099.907470703125,-2536.12646484375,-167.96875,True,-3.1678,6.1856,0.3144,470.6575105966963,0.27338028774092127,-0.11330966504090911
de_mirage,157712,7.656119918120454e+16,mortem29a,76561198245763800,m4a1_silencer,-742.9920654296875,-2484.8544921875,-167.96875,-679.682861328125,-1571.8082275390625,-167.96875,False,179.3082,729877,0.9671,915.2385135648728,0.6765603769555464,0.4031800892146251
de_mirage,173679,7.656119918120454e+16,mortem29a,76561198274450700,ak47,-1238.8240966796875,-992.1167602539062,-167.96875,-1102.5380859375,-1519.7928466796875,-160.475830078125,False,65016,-6.9791,0.8375,545.0431843061647,0.6084059521048547,-0.06815442485069167
de_mirage,175427,7.656119918120454e+16,mortem29a,76561198245763800,ak47,-1738.3641357421875,-1991.041748046875,-267.111083984375,-1041.6055908203125,-2526.994873046875,-167.96875,True,98.7637,2.1880,0.4906,884.6171061576774,0.3991787234654564,-0.2092272286393983
de_mirage,189679,7.656119918120454e+16,mortem29a,76561198184283300,m4a1_silencer,-771.6098022460938,-485.22705078125,-164.17626953125,-984.1943969726562,-706.1248779296875,-263.96875,True,-5.8059,2071108,0.045,322.4075047390548,0.04401688541677433,-0.35516183804868207
de_mirage,195667,7.656119918120454e+16,mortem29a,76561198890041700,m4a1_silencer,-742.5340576171875,-1721.7681884765625,-177.74542236328125,-212.1929931640625,-1607.1473388671875,-167.96875,True,-94.3911,1.1484,0.9365,542.674089240446,0.6608822199726698,0.6168653345558955
de_mirage,199836,7.656119918120454e+16,mortem29a,76561198245763800,m4a1_silencer,-676.8171997070312,-1778.1859130859375,-179.96875,-180.3248291015625,-1682.40576171875,-167.96875,True,-149.6091,2.1121,0.7615,505.7889989564418,0.5661657187991553,-0.09471650117351449
de_train,23866,7.656119920478226e+16,VivernO,76561199032867400,mp9,1149.814208984375,1525.7540283203125,-215.96875,859.864501953125,1656.29931640625,-215.96875,False,-42.4230,0.1820,0.3276,317.98255431540287,0.28337280086368255,0.0
de_train,24793,7.656119920478226e+16,VivernO,76561199045978700,mp9,-617.5308837890625,469.6509094238281,-215.96875,-324.8780517578125,410.4806213378906,-215.96875,True,176.5795,-4.5277,0.7919,298.5746189616322,0.5832765094242329,0.2999037085605504
de_train,29033,7.656119920478226e+16,VivernO,76561199031120800,ak47,-410.28369140625,-332.04931640625,-214.8387451171875,-987.694091796875,-319.72174072265625,-213.46875,True,-16.4998,-8.6239,1.1497,577.5436057027363,0.7653282975199529,0.18205178809571998
de_train,51299,7.656119920478226e+16,VivernO,76561199031120800,mp9,904.30615234375,427.43701171875,-211.96875,1227.9410400390625,456.3222351074219,-211.96875,False,-11.9109,13.0868,2616996.0,324.921369970907,14.777538035160843,14.012209737640891
de_train,57272,7.656119920478226e+16,VivernO,76561198036927400,m4a1,-945.403564453125,781.9873046875,-0.6961669921875,-939.9396362304688,619.1348876953125,17.03125,False,-147.7369,13.1692,1.1186,163.90553848187852,0.7507554931802587,-14.026782541980584
de_train,70139,7.656119920478226e+16,VivernO,76561199032867400,m4a1,663.7202758789062,-185.66070556640625,-215.96875,751.7384643554688,206.3944091796875,-211.96875,True,1029255,2366439,2321483.0,401.8338145319137,14.657717194322736,13.906961701142476
de_train,92231,7.656119920478226e+16,VivernO,76561198036927400,elite,681.0490112304688,-205.2174072265625,-215.96875,268.1859130859375,-212.8314208984375,-215.96875,False,84.9542,0.7169,156325.0,412.9333009260652,11.959698849344512,-2.698018344978223
de_train,101343,7.656119920478226e+16,VivernO,76561199032867400,m4a1_silencer,143.49972534179688,169.02645874023438,-215.96875,105.32005310058594,-176.16680908203125,-215.96875,True,176.4322,616622,0.6558,347.29825729804736,0.5042842757225684,-11.455414573621944
de_inferno,3594,7.656119922164512e+16,Diamond,76561198097081700,usp_silencer,386.2676086425781,1889.0264892578125,137.03125,93.09283447265624,1057.628173828125,87.52408599853516,True,-9.4016,1605668,0.3979,882.9640799015409,0.33497111049494577,0.0
de_inferno,9049,7.656119922164512e+16,Diamond,76561199130088600,mp7,332.9703369140625,521.9620361328125,88.6211929321289,-4.27886962890625,869.305419921875,80.03125,False,-101.9160,1321845,2.0927,484.2088812645584,1.1290444957883117,0.7940733852933659
de_inferno,13606,7.656119922164512e+16,Diamond,76561199130088600,mp7,1016.9898071289062,2648.03125,245.8701019287109,579.2589111328125,2944.205810546875,201.03125,False,-141.6673,572306,0.9827,530.4132636604805,0.6844595521623799,-0.4445849436259318
de_inferno,18842,7.656119922164512e+16,Diamond,76561198097081700,deagle,457.0778198242188,1833.5223388671875,136.03121948242188,344.5468444824219,2011.19140625,184.03125,False,-4.9737,-10.3817,0.2993,215.71629712597726,0.2618256579065536,-0.42263389425582626
de_inferno,28060,7.656119922164512e+16,Diamond,76561199130088600,aug,110.77277374267578,3105.81640625,160.20181274414062,849.0670166015625,2411.9677734375,140.0843048095703,True,120.1448,-6.3988,0.0608,1013.3651999254018,0.05902334044946101,-0.2028023174570926
de_inferno,32939,7.656119922164512e+16,Diamond,76561198091216600,aug,850.0123901367188,2300.708740234375,140.0843048095703,220.47804260253903,1682.7049560546875,115.3074188232422,True,66.9795,0.3818,0.5023,882.5282239480382,0.4069972670862409,0.3479739266367799
de_inferno,45541,7.656119922164512e+16,Diamond,76561198103716700,negev,386.4537963867188,1892.5487060546875,136.9915771484375,174.75167846679688,1162.631591796875,92.5863800048828,True,179.1743,1427035,0.0254,761.2940312071223,0.025082780367463156,-0.38191448671877776
de_inferno,48856,7.656119922164512e+16,Diamond,76561199130088600,m4a1,1093.63623046875,447.0303955078125,105.87712097167967,-100.34197998046876,798.520751953125,62.43212890625,True,155.2131,1409198,1.0246,1245.3982917272438,0.7053721501825143,0.6802893698150512
de_inferno,51836,7.656119922164512e+16,Diamond,76561198097081700,negev,806.577392578125,2299.019287109375,136.03147888183594,635.9600219726562,1958.8779296875,136.03126525878906,False,-20.8167,2812063,284465.0,380.5344007854812,12.558369017498272,11.852996867315758
de_inferno,78225,7.656119922164512e+16,Diamond,76561198103716700,mac10,1959.3218994140625,-185.462158203125,256.03125,2033.0,540.6268920898438,160.03125,True,-19.3940,486902,5.0824,736.104456895417,1.8053993549320897,-10.752969662566182
de_inferno,95612,7.656119922164512e+16,Diamond,76561199130088600,ak47,987.3558959960938,3426.58740234375,128.03125,507.3397216796875,3423.63525390625,161.93496704101562,True,58.7494,1826093,2746291.0,481.2210560802102,14.825762196146169,13.020362841214078
de_inferno,106705,7.656119922164512e+16,Diamond,76561198103716700,galilar,374.19525146484375,2069.348388671875,184.03125,984.86865234375,1872.0997314453125,144.03125,True,-179.2100,-2.3765,0.0,642.9844751770382,0.0,-14.825762196146169
de_inferno,114497,7.656119922164512e+16,Diamond,76561198091216600,ak47,1667.6094970703125,-317.041015625,256.03125,1898.9288330078125,-303.0780029296875,261.03125,True,117.0398,1608926,1.0037,231.7943073116668,0.6949954714175629,0.6949954714175629
de_inferno,120425,7.656119922164512e+16,Diamond,76561198097081700,ak47,1316.1124267578125,339.9683837890625,129.53125,1398.0517578125,126.3656234741211,132.03125,True,-123.6497,502973,1.0544,228.79345092867493,0.719983834513505,0.0249883630959421
de_inferno,122817,7.656119922164512e+16,Diamond,76561198190202200,ak47,1829.031494140625,-172.02752685546875,260.03125,1851.666748046875,-325.2379150390625,282.71875,False,-136.0004,1600554,0.2753,156.52635695951622,0.24318144505071707,-0.47680238946278797
de_train,9488,7.65611992220292e+16,vOrdY,76561199072017000,fiveseven,-611.6234741210938,-354.97686767578125,-213.46875,-1296.317138671875,-319.8902587890625,-132.96875,True,2547873,13.1726,0.1168,690.3019153958269,0.11046745302597097,0.0
de_train,10284,7.65611992220292e+16,vOrdY,76561199045978700,ak47,-643.91845703125,-842.5758666992188,-302.36328125,35.89982604980469,-1045.593994140625,-167.96875,True,-156.3787,-9.9859,0.0,722.1018959336662,0.0,-0.11046745302597097
de_train,14713,7.65611992220292e+16,vOrdY,76561199045978700,mp9,-1142.2962646484375,-894.5301513671875,-101.96875,-1088.202392578125,-1573.7457275390625,-101.0816650390625,True,75.4802,4.1250,1593920.0,681.3668122456357,14.281707576250918,14.281707576250918
de_train,24682,7.65611992220292e+16,vOrdY,76561199072017000,ak47,481.1650085449219,572.2362670898438,-215.96875,-454.8250732421875,521.9444580078125,-215.96875,False,47.8956,-0.0282,2495338.0,937.3402259929866,14.729935149681515,0.4482275734305965
de_train,57190,7.65611992220292e+16,vOrdY,76561199072017000,ak47,482.3540954589844,-1025.8968505859375,-172.7626953125,739.8417358398438,-667.0652465820312,-215.96875,True,-170.6064,13.1692,0.8859,443.7643159860628,0.6344051605361825,-14.095529989145332
de_train,69694,7.65611992220292e+16,vOrdY,76561199031120800,m4a1_silencer,512.568115234375,-164.48895263671875,-141.96875,-207.91424560546875,-280.1180419921875,-208.96875,True,78.9436,0.3529,0.2248,732.771395857214,0.20277756536133695,-0.4316275951748455
de_train,79615,7.65611992220292e+16,vOrdY,76561198036927400,tec9,250.38333129882807,-1066.1966552734375,-335.792724609375,974.6233520507812,-1429.0694580078125,-342.96875,False,-173.0954,0.2764,0.0782,810.0936822142838,0.0752929840354313,-0.12748458132590565
de_train,89158,7.65611992220292e+16,vOrdY,76561199072017000,ak47,-460.27880859375,229.65220642089844,-215.96875,-3.2674560546875,-244.92462158203125,-215.96875,True,77.1924,2580441,0.7251,658.8494077002009,0.5452850198175615,0.4699920357821302
de_train,89299,7.65611992220292e+16,vOrdY,76561199031120800,ak47,-377.7687377929688,80.83753967285156,-215.96875,435.0799865722656,-20.28607177734375,-176.71868896484375,False,-16.0692,0.1150,0.0,820.0546328057554,0.0,-0.5452850198175615
de_train,96150,7.65611992220292e+16,vOrdY,76561199032867400,ak47,17.97066879272461,534.9425659179688,-215.96875,697.7677001953125,-119.632080078125,-215.96875,True,-5.9817,-0.0563,0.3978,943.7118050997786,0.3348995720608916,0.3348995720608916
de_train,100577,7.65611992220292e+16,vOrdY,76561199045978700,ak47,-473.64007568359375,165.67654418945312,-215.96875,-176.73828125,97.83235931396484,-215.96875,True,-28.0309,2.0174,0.2929,304.5546075161356,0.25688775727837054,-0.07801181478252106
de_train,101553,7.65611992220292e+16,vOrdY,76561198036927400,ak47,790.4072875976562,572.0383911132812,-211.96875,962.8049926757812,-100.63116455078124,-211.96875,False,-176.4102,-7.5043,2.1544,694.4100372499604,1.1487983035812803,0.8919105463029098
de_train,104395,7.65611992220292e+16,vOrdY,76561199045978700,ak47,-675.7916259765625,308.8436889648437,-215.96875,-346.37896728515625,584.4808349609375,-215.96875,True,-152.5919,-0.4621,0.1479,429.52128696842584,0.13793418608931401,-1.0108641174919664
de_train,104493,7.65611992220292e+16,vOrdY,76561198036927400,ak47,-692.5908203125,401.4959411621094,-215.96875,150.9945068359375,597.5999145507812,-215.96875,True,-44.8980,0.6777,0.2895,866.0790798529666,0.2542545463392624,0.1163203602499484
de_train,114156,7.65611992220292e+16,vOrdY,76561199072017000,ak47,-658.20654296875,1265.9658203125,-215.96875,-823.2825317382812,549.9767456054688,-215.96875,True,-43.5388,-0.0923,0.3808,734.7723709885049,0.32266304134702645,0.06840849500776403
de_ancient,4350,7.656119923834883e+16,Specter Z<3,76561199123003100,knife_t,-189.2152099609375,1748.0880126953125,27.71639060974121,-192.0,1696.0,26.05304527282715,False,-146.6922,0.9901,0.6056,52.18891491321248,0.47349751849999133,0.0
de_ancient,17577,7.656119923834883e+16,Specter Z<3,76561199121624200,ak47,96.80904388427734,-840.6812133789062,153.03125,395.5675964355469,-426.2218017578125,182.42405700683597,True,-75.1475,1015162,1919017.0,511.75894101380777,14.467324154831203,13.993826636331212
de_ancient,17934,7.656119923834883e+16,Specter Z<3,76561198180825500,ak47,-269.41650390625,-406.5549926757813,164.03125,-1443.804931640625,3.7192747592926025,103.03125,False,-79.7230,723273,0.3983,1245.4855092355767,0.3352572130646679,-14.132066941766535
de_ancient,19613,7.656119923834883e+16,Specter Z<3,76561199123003100,ak47,-275.788818359375,1023.642822265625,70.03125,-665.272705078125,1387.532958984375,48.28200912475586,False,-105.0791,533408,16.4234,533.4667366325515,2.8578141303359894,2.5225569172713214
de_ancient,28772,7.656119923834883e+16,Specter Z<3,76561198180825500,ak47,1380.0555419921875,841.0165405273438,126.34363555908205,377.5372314453125,834.7628173828125,109.2021942138672,True,27.6299,5.0204,0.0309,1002.684347661975,0.030432207120201983,-2.8273819232157873
de_ancient,32918,7.656119923834883e+16,Specter Z<3,76561199123003100,inferno,-1187.6451416015625,-937.167236328125,35.310813903808594,-769.443115234375,-879.9705810546875,38.6507453918457,True,85.2567,-7.5153,1.1769,422.1084545166503,0.7779018464247536,0.7474696393045516
de_ancient,33089,7.656119923834883e+16,Specter Z<3,76561198180825500,ak47,-1202.900634765625,-865.5343627929688,39.28959655761719,196.7720489501953,-749.7355346679688,153.03125,True,70.3056,2318958,2482952.0,1409.0529279850268,14.72495913559589,13.947057289171136
de_ancient,34877,7.656119923834883e+16,Specter Z<3,76561198094102900,ak47,-1431.96240234375,1258.0274658203125,98.11322021484376,-920.1844482421876,1432.210693359375,73.0066146850586,True,42.4440,15.4176,59902.0,541.1901816381502,11.00048186632186,-3.724477269274031
de_ancient,44837,7.656119923834883e+16,Specter Z<3,76561198094102900,awp,736.0897827148438,-78.28057861328125,134.03125,1254.1837158203125,351.407958984375,122.79755401611328,True,169.7542,-0.8920,1989509.0,673.1862734704005,14.503398935225029,3.5029170689031695
de_ancient,50927,7.656119923834883e+16,Specter Z<3,76561199123003100,awp,-369.7818603515625,-861.8709106445312,32.04124069213867,-717.967041015625,-240.172119140625,61.51082611083984,True,-150.4382,1732712,0.3368,713.169519719003,0.2902786982990469,-14.213120236925981
de_ancient,51727,7.656119923834883e+16,Specter Z<3,76561198094102900,awp,-1304.6502685546875,97.42469024658205,106.03125,-1408.76806640625,540.2567749023438,73.03125,True,-82.7065,1976054,4.1727,456.1028075226314,1.6433947959122825,1.3531160976132357
de_ancient,58428,7.656119923834883e+16,Specter Z<3,76561198094102900,awp,-2114.1396484375,394.29107666015625,75.03125,-1288.2283935546875,1427.2840576171875,98.4024887084961,True,125.0347,4.1800,0.8472,1322.7812042992466,0.6136709790581485,-1.029723816854134
de_ancient,62782,7.656119923834883e+16,Specter Z<3,76561198094102900,ak47,-1639.4185791015625,1177.3228759765625,52.03125,-1403.6802978515625,458.4473876953125,83.94635772705078,False,90.9706,-6.7130,0.6194,757.2140245660661,0.48205571026987687,-0.13161526878827162
de_ancient,64018,7.656119923834883e+16,Specter Z<3,76561198885569000,ak47,-442.618408203125,-683.8865966796875,32.03070831298828,-1199.173828125,-787.0322875976562,46.35144805908203,True,-3.8136,1005911,0.0,763.6885625403755,0.0,-0.48205571026987687
de_ancient,67575,7.656119923834883e+16,Specter Z<3,76561198180825500,deagle,-1216.2216796875,-1456.832763671875,-23.2557373046875,-1527.7279052734375,-1345.6978759765625,-23.2557373046875,False,124.7583,-0.9328,1.0829,330.7371945243636,0.7337611534452003,0.7337611534452003
de_ancient,73311,7.656119923834883e+16,Specter Z<3,76561199123003100,usp_silencer,623.258056640625,624.2691040039062,117.56619262695312,1202.8211669921875,-338.24578857421875,94.35064697265624,True,106.4252,1260209,577116.0,1123.7736777817336,13.265800297898183,12.532039144452982
de_ancient,90825,7.656119923834883e+16,Specter Z<3,76561198180825500,ak47,1109.6502685546875,349.8220520019531,124.46283721923828,889.9309692382812,-18.4439697265625,130.03125,True,161.4118,-0.0529,713321.0,428.8676258156321,13.477688210353245,0.21188791245506167
de_ancient,99079,7.656119923834883e+16,Specter Z<3,76561199123003100,deagle,1164.2470703125,241.760986328125,130.53125,1180.9595947265625,-422.3766479492188,58.179447174072266,True,-93.8586,16.4561,2609660.0,668.2760575600172,14.77473088580561,1.2970426754523654
de_ancient,100410,7.656119923834883e+16,Specter Z<3,76561198180825500,deagle,-2.859130859375,-683.0921020507812,159.89830017089844,-1029.79345703125,-678.7860107421875,43.21467590332031,True,83.8291,13.1671,2842716.0,1033.5510247997718,14.860270842941883,0.08553995713627316
de_ancient,104490,7.656119923834883e+16,Specter Z<3,76561199123003100,galilar,1383.9703369140625,-826.0131225585938,1.6576032638549805,1284.0174560546875,-843.640625,1.9070940017700195,False,-3.5428,1907722,6.1893,101.49566237055897,1.972593809552522,-12.88767703338936
de_ancient,121582,7.656119923834883e+16,Specter Z<3,76561198094102900,m4a1_silencer,1261.0821533203125,-847.362060546875,1.955740451812744,705.431640625,-808.6582641601562,78.0248794555664,False,-178.3081,0.0529,355.3546,562.1672260298359,5.8759263025217825,3.9033324929692608
de_mirage,2645,7.656119925647691e+16,"7,65612E+16",76561199537883100,deagle,-213.13409423828125,-1725.8131103515625,-167.96875,128.74383544921875,-2298.762939453125,-39.96875,True,62.2403,228399,0.9936,679.3644275901711,0.6899420496109969,0.0
de_mirage,2737,7.656119925647691e+16,"7,65612E+16",76561199839969400,deagle,-343.71856689453125,-1822.9244384765625,-167.96875,178.2323760986328,-2338.357421875,-39.96875,True,53.4440,-0.2757,0.9651,744.6394746899114,0.6755431346115843,-0.014398914999412593
de_mirage,5253,7.656119925647691e+16,"7,65612E+16",76561199839969400,deagle,163.51174926757812,-2367.509521484375,-39.96875,692.2222900390625,-2188.864501953125,-39.96875,False,-59.0673,-10.9774,0.2677,558.0760512028769,0.23720423496254395,-0.4383388996490404
de_mirage,5542,7.656119925647691e+16,"7,65612E+16",76561199537883100,deagle,72.3777084350586,-1626.5223388671875,-168.516357421875,701.1712036132812,-1482.0643310546875,-263.9351806640625,True,19.7857,-0.5064,0.6928,652.1917873053337,0.5263839626818432,0.28917972771929923
de_mirage,7897,7.656119925647691e+16,"7,65612E+16",76561199825655200,awp,-920.720703125,-478.9973754882813,-48.09375,-653.8483276367188,568.695556640625,-81.46868896484375,True,928327,2061643,0.7403,1081.6631783427456,0.5540575121579913,0.027673549476148085
de_mirage,8734,7.656119925647691e+16,"7,65612E+16",76561199537883100,awp,-386.090576171875,-1530.034423828125,-39.96875,309.9400329589844,-1611.33154296875,-175.96875,True,-109.2628,-0.7426,0.7153,713.8373977508044,0.5395879924336423,-0.014469519724348956
de_mirage,15252,7.656119925647691e+16,"7,65612E+16",76561199825655200,awp,168.0771942138672,-2343.1337890625,-39.96875,471.6305236816406,-2097.351318359375,-39.96875,True,-76.7247,-6.1582,0.422,390.5811653624674,0.35206433138104914,-0.18752366105259316
de_mirage,15526,7.656119925647691e+16,"7,65612E+16",76561199839969400,deagle,74.55883026123047,-1917.6856689453125,-39.96875,-17.45452880859375,-1680.5894775390625,-167.96875,True,-68.3185,1.1584,0.4865,284.7192691523732,0.39642436345601534,0.044360032074966194
de_mirage,16028,7.656119925647691e+16,"7,65612E+16",76561199537883100,awp,-630.8386840820312,-813.95361328125,-263.96875,344.4030456542969,-103.73370361328124,-171.603759765625,True,106.9354,25.7980,510337.0,1209.9752240971213,13.14282853028,12.746404166823984
de_mirage,19195,7.656119925647691e+16,"7,65612E+16",76561199839969400,awp,121.78330993652344,-1529.8170166015625,-175.96875,334.33551025390625,-1662.23388671875,-179.1328125,True,-32.1937,-0.6664,0.4142,250.44495731177508,0.34656400018800343,-12.796264530091996
de_mirage,19362,7.656119925647691e+16,"7,65612E+16",76561198408857200,awp,507.1134948730469,-1591.7484130859375,-263.96875,604.5769653320312,-1397.1470947265625,-260.25830078125,True,-50.4939,0.3210,0.9226,217.67537438700103,0.6536784366495787,0.30711443646157527
de_mirage,21748,7.656119925647691e+16,"7,65612E+16",76561199537883100,awp,171.15902709960938,-1609.6004638671875,-170.20855712890625,589.6314086914062,-1542.617919921875,-263.9659423828125,True,-2.9244,11.0296,2288612.0,434.0463600102477,14.643456515178203,13.989778078528625
de_mirage,23106,7.656119925647691e+16,"7,65612E+16",76561198408857200,awp,-1047.96630859375,123.66864013671876,-367.96875,-907.20556640625,463.9210205078125,-367.96875,False,4.0128,1119074,0.3108,368.21905014457263,0.2706376378425225,-14.37281887733568
de_mirage,25688,7.656119925647691e+16,"7,65612E+16",76561199537883100,awp,166.19894409179688,-1614.9219970703125,-169.6763916015625,743.2425537109375,-1488.335693359375,-263.931396484375,True,81.5422,-6.2268,0.046,598.2369310189265,0.044973365642731154,-0.22566427219979132
de_mirage,25823,7.656119925647691e+16,"7,65612E+16",76561198813502500,awp,406.4822998046875,-1612.337158203125,-215.2061767578125,653.6241455078125,-1479.381591796875,-263.9420166015625,True,64.5175,-1.6964,1.0845,284.8358415319772,0.7345290183387145,0.6895556526959834
de_mirage,31961,7.656119925647691e+16,"7,65612E+16",76561198813502500,awp,36.4179801940918,-1643.139404296875,-167.96875,742.0379028320312,-1496.775390625,-263.936767578125,True,148.3587,1.0513,0.9431,727.0018982915985,0.664284635874844,-0.07024438246387055
de_mirage,32097,7.656119925647691e+16,"7,65612E+16",76561199537883100,awp,74.20567321777344,-1607.31396484375,-170.43719482421875,579.65576171875,-1642.864501953125,-263.96875,True,36.1498,0.0395,2.1323,515.2589489451011,1.1417675589820373,0.4774829231071933
de_mirage,35759,7.656119925647691e+16,"7,65612E+16",76561199537883100,awp,152.37994384765625,-1656.794189453125,-167.96875,286.3560485839844,-1551.3480224609375,-175.96875,True,83.9115,1250227,0.0,170.6824266691327,0.0,-1.1417675589820373
de_mirage,36441,7.656119925647691e+16,"7,65612E+16",76561198408857200,awp,1017.5536499023438,-1043.21923828125,-259.832275390625,1365.66357421875,-1377.735107421875,-167.96875,True,-169.7254,-4.1037,0.5466,491.4471420322595,0.436058973192798,0.436058973192798
de_mirage,39135,7.656119925647691e+16,"7,65612E+16",76561198408857200,awp,-493.52490234375,-1612.3021240234375,-39.96875,694.9577026367188,-1523.9228515625,-263.95556640625,True,-31.8906,-0.1583,0.0,1212.630154690907,0.0,-0.436058973192798
de_mirage,43250,7.656119925647691e+16,"7,65612E+16",76561198813502500,deagle,286.3586120605469,-1605.117919921875,-175.96875,78.51795959472656,-1572.7755126953125,-173.89105224609375,False,-9.9292,-2.0222,0.4112,210.3522877236739,0.3444404062703898,0.3444404062703898
de_mirage,43419,7.656119925647691e+16,"7,65612E+16",76561199825655200,deagle,72.85334014892578,-1458.5439453125,-175.96875,59.86650085449219,-1931.043212890625,-39.96875,True,174.3664,-11.5120,0.0651,491.85385619787917,0.06306869146698299,-0.28137171480340684
de_mirage,43483,7.656119925647691e+16,"7,65612E+16",76561199537883100,deagle,-28.23260498046875,-1498.2900390625,-167.96875,-724.1676635742188,-2349.64404296875,-176.4521484375,True,-7.6774,657985,277525.0,1099.6368554191602,12.53366990147334,12.470601210006357
de_mirage,46521,7.656119925647691e+16,"7,65612E+16",76561198408857200,deagle,-118.35833740234376,-350.59423828125,-159.96875,-1165.193359375,-730.489501953125,-167.96875,True,-90.9661,-14.8710,1.1568,1113.6642108772353,0.7686256417358509,-11.76504425973749
de_dust2,27871,7.656119926157675e+16,mazz,76561198145404500,m4a1_silencer,1168.4305419921875,2515.4091796875,95.84576416015624,284.7803955078125,2417.1943359375,98.14937591552734,True,-79.5153,-5.1564,0.3828,889.094507654734,0.3241104290653324,0.0
de_dust2,42564,7.656119926157675e+16,mazz,76561198079073200,m4a1_silencer,1043.65185546875,2575.748046875,152.03125,1352.6441650390625,1761.7744140625,-6.95831298828125,True,-87.4965,-0.2640,0.5299,885.0463284070382,0.42520237379119624,0.10109194472586386
de_dust2,46667,7.656119926157675e+16,mazz,76561198145404500,famas,-1329.7210693359375,2669.204345703125,130.03125,-1551.942626953125,2690.170654296875,6.3060832023620605,True,-143.1261,0.6884,0.7712,255.20564975125583,0.5716572829722354,0.14645490918103915
de_dust2,51551,7.656119926157675e+16,mazz,76561199080512600,ak47,-1639.732421875,1110.3131103515625,32.02774810791016,-1225.8934326171875,1054.4737548828125,21.337989807128903,True,90.7000,-0.1487,0.1234,417.7260029991219,0.11635980111619529,-0.45529748185604013
de_dust2,63726,7.656119926157675e+16,mazz,76561199080512600,deagle,-586.1638793945312,1487.039794921875,-111.03045654296876,-1090.0341796875,1318.34912109375,-111.96875,True,86.1266,0.5349,0.0,531.3592977906051,0.0,-0.11635980111619529
de_dust2,70830,7.656119926157675e+16,mazz,76561198207845500,ak47,-1540.214111328125,1148.5645751953125,34.814361572265625,-1097.8646240234375,1108.273193359375,-34.4063720703125,True,-85.2790,0.9630,0.0357,449.54196059432087,0.0350775266126961,0.0350775266126961
de_dust2,80342,7.656119926157675e+16,mazz,76561198087731000,deagle,-630.2933349609375,1470.9552001953125,-112.955322265625,-151.63055419921875,1445.2830810546875,-0.22344970703125,True,28.0835,-0.4635,0.0,492.4282592198367,0.0,-0.0350775266126961
de_dust2,88157,7.656119926157675e+16,mazz,76561198079073200,p250,-2014.4122314453125,1550.344482421875,32.8433723449707,-1784.402587890625,2289.743408203125,1.373300313949585,True,-74.2717,1390480,0.6795,774.9874663555911,0.5184961300702103,0.5184961300702103
de_dust2,90769,7.656119926157675e+16,mazz,76561199080512600,ak47,912.371337890625,895.2406005859375,0.5128092765808105,1541.9500732421875,1422.7891845703125,1.0312480926513672,False,-134.3604,0.0841,0.3475,821.3873393531202,0.29825102380101515,-0.2202451062691952
de_dust2,91876,7.656119926157675e+16,mazz,76561198079073200,ak47,1587.2535400390625,2447.32421875,41.23857879638672,917.7357788085938,2716.33837890625,97.2416534423828,True,-82.6192,-2.5248,1271046.0,723.7119560553332,14.055351528244778,13.757100504443763
de_dust2,104286,7.656119926157675e+16,mazz,76561199080512600,ak47,-678.8399047851562,2500.43017578125,-79.49859619140625,-1214.3609619140625,2116.75927734375,10.048108100891112,True,117.4634,-6.2859,0.3319,664.8343953090213,0.28660649422484774,-13.768745034019929
de_dust2,115616,7.656119926157675e+16,mazz,76561198079073200,ak47,-290.3446044921875,1356.4383544921875,-68.96875,-618.8583984375,2207.31005859375,-121.31561279296876,True,158.6075,-4.6331,0.8542,913.588618414933,0.6174533361907449,0.3308468419658972
de_dust2,115829,7.656119926157675e+16,mazz,76561199080512600,ak47,-489.9744873046875,870.338623046875,-17.8603515625,47.90477752685547,308.9434814453125,0.3958864212036133,True,134.0930,-4.6640,0.2676,777.6965338580834,0.23712534883462863,-0.3803279873561163
de_dust2,120608,7.656119926157675e+16,mazz,76561198079073200,ak47,463.1467895507813,2313.403564453125,96.28304290771484,716.3865356445312,2345.26171875,25.24027442932129,True,172.4757,410200,321536.0,264.9384569101003,12.680867901574526,12.443742552739897
de_dust2,122709,7.656119926157675e+16,mazz,76561198145404500,ak47,783.3395385742188,2454.39990234375,138.28125,461.7734069824219,2185.858642578125,-128.911865234375,True,178.2443,2291289,0.0938,496.9017468394247,0.08965787193053529,-12.59121002964399
de_mirage,6580,7.656119927828277e+16,Chipsy,76561199160594800,deagle,-1254.960205078125,-2409.89501953125,-190.833740234375,-489.4761962890625,-2278.60986328125,-172.3355712890625,True,57.8317,1.0756,1435040.0,776.880777351126,14.176703978196274,0.0
de_mirage,7462,7.656119927828277e+16,Chipsy,76561199157215700,deagle,-1008.037353515625,-2485.94189453125,-167.96875,-317.1092529296875,-1545.9263916015625,-167.96875,False,-83.5414,600551,0.0,1166.6236693670521,0.0,-14.176703978196274
de_mirage,8520,7.656119927828277e+16,Chipsy,76561198263159600,ak47,-661.2070922851562,-2198.595458984375,-179.96875,155.58262634277344,-1658.8155517578125,-167.96875,True,57.8022,5.0753,431750.0,979.1076512323908,12.975604312161424,12.975604312161424
de_mirage,13685,7.656119927828277e+16,Chipsy,76561199160594800,ak47,-834.0304565429688,-40.83209228515625,-168.32196044921875,-310.074462890625,-907.0684814453124,-167.52142333984375,True,77.6249,2775935,2.1478,1012.371476311489,1.1467037961353637,-11.82890051602606
de_mirage,14780,7.656119927828277e+16,Chipsy,76561198263159600,ak47,-797.056640625,-317.7530517578125,-167.696044921875,192.3591766357422,-432.6922607421875,-167.24853515625,True,175.7788,1215803,0.0,996.0697171748002,0.0,-1.1467037961353637
de_mirage,22966,7.656119927828277e+16,Chipsy,76561198263159600,ak47,-1274.2408447265625,467.4238586425781,-166.12091064453125,-2203.054931640625,572.1051635742188,-155.84320068359375,False,-3.9685,-0.2187,930945.0,934.7509908923531,13.743956552428786,13.743956552428786
de_mirage,25458,7.656119927828277e+16,Chipsy,76561199157215700,ak47,-872.0370483398438,-344.2069091796875,-164.960693359375,481.2882385253906,-572.016357421875,-160.70135498046875,True,96.2272,-0.1912,2.035,1372.3718952021368,1.1102114245114616,-12.633745127917324
de_mirage,34792,7.656119927828277e+16,Chipsy,76561199157215700,ak47,-2213.947509765625,237.3034820556641,-159.96875,-1762.5206298828125,679.8156127929688,-47.96875,True,33.4036,1289339,0.3399,641.9869264481954,0.2925949843124253,-0.8176164401990362
de_mirage,39605,7.656119927828277e+16,Chipsy,76561199157215700,m4a1_silencer,-1300.8795166015625,280.81719970703125,-167.96875,-1951.4715576171875,770.9231567382812,-47.96875,True,2449561,-1.1089,0.4759,823.3309498314721,0.38926797320559314,0.09667298889316783
de_mirage,56799,7.656119927828277e+16,Chipsy,76561198263159600,m4a1_silencer,-1292.29248046875,205.85775756835935,-167.96875,-1700.4564208984375,778.778076171875,-47.96875,True,26.7469,0.2592,1.0717,713.6073806623943,0.7283695262697061,0.33910155306411294
de_mirage,58015,7.656119927828277e+16,Chipsy,76561199157215700,m4a1_silencer,-1900.0906982421875,243.2942352294922,-159.96875,-1532.2440185546875,742.5302124023438,-47.96875,True,20.6958,0.9239,0.9742,630.1521567533116,0.6801632530016505,-0.0482062732680556
de_ancient,18115,7.656119933269213e+16,resurgence-,76561198317804200,m4a1_silencer,-468.615234375,-278.8388671875,56.031700134277344,-771.6016235351562,-698.5404052734375,36.01499938964844,True,-41.7982,2395901,1320718.0,518.0258694280734,14.093686843238704,0.0
de_ancient,30323,7.656119933269213e+16,resurgence-,76561198122719700,m4a1_silencer,-1373.4005126953125,579.94189453125,73.03125,-1927.2728271484373,660.3102416992188,52.03125,True,-133.7228,894936,1387225.0,560.0666138453284,14.142816627624004,0.04912978438530047
de_dust2,70447,7.656119935378384e+16,Liam,76561197966870100,ak47,-1218.4979248046875,1084.9141845703125,17.759519577026367,-884.1722412109375,1482.2315673828125,-110.82867431640624,True,90.5634,261575,0.2821,534.9483049829936,0.24849935857651795,0.0
de_dust2,83540,7.656119935378384e+16,Liam,76561198128564000,ak47,530.913818359375,147.4295654296875,-3.4017333984375,107.51339721679688,280.53326416015625,1.920063018798828,True,39.8793,-2.0242,0.578,443.8612764778545,0.4561582224236825,0.20765886384716453
de_dust2,90959,7.656119935378384e+16,Liam,76561197985457300,usp_silencer,423.508544921875,2388.344482421875,-119.96875,-522.3090209960938,1916.2305908203125,-120.404052734375,True,79.7666,2.1385,1478138.0,1057.101028346219,14.206294422076354,13.75013619965267
de_dust2,108256,7.656119935378384e+16,Liam,76561199129950300,m4a1_silencer,-2091.4130859375,3025.45751953125,34.92229461669922,-1999.3321533203125,1546.1343994140625,31.71184730529785,True,-95.8767,0.0000,6.017,1482.1896298506615,1.9483357762701516,-12.257958645806202
de_dust2,108920,7.656119935378384e+16,Liam,76561197985457300,m4a1_silencer,-1956.0908203125,2237.97998046875,-1.54107666015625,188.2109375,2109.090087890625,-124.13568115234376,True,74.3376,1667425,0.7174,2151.667276791924,0.5408115192562474,-1.4075242570139044
de_dust2,113050,7.656119935378384e+16,Liam,76561197966870100,ssg08,201.6178741455078,2408.419189453125,-120.5894775390625,1782.394775390625,1830.056396484375,2.112431526184082,True,-14.7258,-4.1745,0.3964,1687.7247673388526,0.3338974962487439,-0.2069140230075035
de_dust2,121560,7.656119935378384e+16,Liam,76561197985457300,ssg08,375.80181884765625,2151.52978515625,-125.42333984375,-1705.0606689453125,2266.8984375,-1.429443359375,True,-130.1028,1859969,1.1628,2087.743543975872,0.7714036785257128,0.4375061822769689
de_dust2,3151,7.656119936052117e+16,Abidos,76561199008951200,glock,-602.8058471679688,1908.3465576171875,-117.07794189453124,-99.02813720703124,2081.54833984375,-124.652587890625,False,20.0964,0.5912,1.0374,532.7740737704024,0.711674485173829,0.0
de_dust2,3247,7.656119936052117e+16,Abidos,76561198396270700,glock,-505.576904296875,1961.74609375,-121.39544677734376,-618.0423583984375,2487.978271484375,-83.116943359375,False,103.0346,-3.6221,0.0367,539.4756964620861,0.03604259134692936,-0.6756318938268997
de_dust2,7047,7.656119936052117e+16,Abidos,76561199008951200,ak47,576.8828735351562,653.0803833007812,1.215261459350586,1503.1502685546875,1401.491943359375,-8.157958984375,True,39.3654,0.5174,0.4497,1190.8732122132453,0.37135663847471473,0.33531404712778534
de_dust2,7305,7.656119936052117e+16,Abidos,76561198357961300,ak47,887.279296875,1026.3291015625,0.5727500915527344,1029.067138671875,625.4473876953125,7.487701416015625,True,-72.2907,5.0633,0.8509,425.2737437772627,0.615672007280534,0.24431536880581922
de_dust2,7568,7.656119936052117e+16,Abidos,76561198396270700,ak47,1248.734619140625,1180.5491943359375,0.0332059860229492,1603.6695556640625,2214.83935546875,-1.49853515625,True,69.3399,1405668,0.4329,1093.497733336454,0.3597003627404201,-0.25597164454011384
de_dust2,11828,7.656119936052117e+16,Abidos,76561199008951200,ak47,-1043.2684326171875,1401.72021484375,-112.4149169921875,-117.11346435546876,1491.6697998046875,0.2697224617004394,True,793795,-7.6877,0.0367,937.3109308225115,0.03604259134692936,-0.3236577713934907
de_dust2,12249,7.656119936052117e+16,Abidos,76561198357961300,ak47,-477.1376953125,1651.250244140625,-124.4830322265625,-310.94384765625,2230.044189453125,-123.70416259765624,False,74.9292,-0.6654,2565100.0,602.1822255489586,14.757508412030107,14.721465820683179
de_dust2,17293,7.656119936052117e+16,Abidos,76561199172033500,ak47,-2032.3525390625,1080.0350341796875,38.82918548583984,-1965.145751953125,1975.2545166015625,-0.3914794921875,True,87.9819,13.4164,0.7474,898.5949780087652,0.5581289688818571,-14.199379443148251
de_dust2,17924,7.656119936052117e+16,Abidos,76561199132065900,ak47,-2034.7269287109373,1836.8243408203125,21.558202743530277,-758.3030395507812,2503.391845703125,-82.1436767578125,True,27.1458,2793070,0.0,1443.7189003391718,0.0,-0.5581289688818571
de_dust2,27171,7.656119936052117e+16,Abidos,76561198357961300,ak47,1281.321044921875,2557.35107421875,127.1171646118164,349.3333740234375,1967.9931640625,96.10618591308594,True,-146.8051,4.1027,0.3771,1103.134373397135,0.31997983875094316,0.31997983875094316
de_dust2,32797,7.656119936052117e+16,Abidos,76561198396270700,ak47,-603.5724487304688,1842.2655029296875,-118.49365234375,-205.0084228515625,1299.0264892578125,0.2541022300720215,True,-53.9854,-4.5459,1.1078,684.1512536832171,0.7456447495176992,0.42566491076675605
de_dust2,33692,7.656119936052117e+16,Abidos,76561198357961300,ak47,-776.7462158203125,2391.841552734375,-87.9351806640625,-1217.9105224609375,2143.65625,6.745625019073486,True,-151.6532,-3.8809,2.1455,514.9624694206992,1.1459728600279473,0.4003281105102481
de_dust2,36789,7.656119936052117e+16,Abidos,76561199132065900,ak47,305.84979248046875,103.3875503540039,-1.793212890625,-241.5262451171875,629.8508911132812,2.001887798309326,True,134.8702,2485324,0.8446,759.4725659882448,0.6122624518194815,-0.5337104082084658
de_dust2,37074,7.656119936052117e+16,Abidos,76561198396270700,ak47,285.22906494140625,287.15753173828125,-0.83563232421875,-326.596923828125,308.03369140625,1.530817985534668,True,-179.1146,865109,0.7031,612.1866175141087,0.5324501198626531,-0.07981233195682835
de_dust2,47387,7.656119936052117e+16,Abidos,76561199172033500,ssg08,-412.7106323242188,-453.9841918945313,0.4347457885742187,-408.259521484375,2276.980224609375,-115.7550048828125,True,89.8912,2678722,0.1585,2733.438588071682,0.14712606489029384,-0.3853240549723593
de_dust2,93140,7.656119936052117e+16,Abidos,76561198357961300,m4a1_silencer,1074.9501953125,2856.12646484375,127.2269058227539,1621.6336669921875,882.3353271484375,-9.12884521484375,True,-74.6449,1982963,0.0371,2052.634201287053,0.036428356613551496,-0.11069770827674234
de_dust2,113312,7.656119936052117e+16,Abidos,76561198357961300,mp9,-1770.9691162109375,1814.03125,79.03125,-1972.8499755859373,2262.17333984375,-0.6229248046875,True,114.4985,2358554,0.4216,497.9277072380366,0.3517829978583045,0.31535464124475304
de_dust2,124756,7.656119936052117e+16,Abidos,76561198396270700,famas,-1547.6907958984375,2606.75146484375,4.040762424468994,-1532.537841796875,2460.410400390625,0.6289539337158203,False,-90.7948,2492598,0.0,147.1630374803922,0.0,-0.3517829978583045
de_dust2,151011,7.656119936052117e+16,Abidos,76561199008951200,m4a1_silencer,410.35845947265625,1984.015869140625,96.03125,1200.1055908203125,2671.501708984375,95.9081039428711,True,40.7651,0.1109,0.1522,1047.0612812163718,0.14167315831614571,0.14167315831614571
de_dust2,160336,7.656119936052117e+16,Abidos,76561199008951200,ak47,595.2159423828125,948.427001953125,0.3117148876190185,1544.2677001953125,1280.4085693359375,1.03125,True,18.6308,2777791,0.9764,1005.4409569038468,0.681277007989458,0.5396038496733123
de_dust2,161468,7.656119936052117e+16,Abidos,76561198396270700,ak47,1309.2415771484375,1096.5633544921875,-4.7396240234375,1277.0738525390625,1399.837158203125,1.03125,True,94.8422,2635012,1.0149,305.0296141538379,0.7005695663755834,0.019292558386125425
de_mirage,5871,7.656119946755187e+16,donk666,76561199121783700,galilar,243.1801300048828,-1472.173583984375,-175.96875,-89.15606689453125,-1812.74267578125,-167.96875,True,134.7000,1032297,314841.0,475.918747326594,12.659826204669193,0.0
de_mirage,6254,7.656119946755187e+16,donk666,76561198356645200,galilar,-205.37451171875,-1558.983154296875,-53.96875,-1006.5289306640624,-1527.9658203125,-164.412841796875,True,42.3698,0.1099,0.0,809.3258771446369,0.0,-12.659826204669193
de_mirage,41092,7.656119946755187e+16,donk666,76561198402995700,ak47,-955.4730224609376,-276.71014404296875,-363.96875,-1070.8873291015625,-633.5768432617188,-168.9375,False,92.3926,788377,0.5426,422.7428197677454,0.4334693045177617,0.4334693045177617
de_mirage,41473,7.656119946755187e+16,donk666,76561199278282700,ak47,-878.9948120117188,-732.3364868164062,-265.0501708984375,-710.06494140625,-382.1697998046875,-168.0916748046875,True,-104.2091,0.0882,0.8154,400.6930993170523,0.5963058291103899,0.16283652459262815
de_mirage,50412,7.656119946755187e+16,donk666,76561198402995700,ak47,814.2023315429688,-1549.112548828125,-108.96875,432.563720703125,-1654.60595703125,-228.2469482421875,True,-8.0561,1564002,1306840.0,413.5265130967777,14.083123332566444,13.486817503456054
de_mirage,50808,7.656119946755187e+16,donk666,76561199155915000,ak47,31.870729446411133,-1421.37744140625,-172.75567626953125,-672.7051391601562,-2507.373779296875,-167.96875,True,35.9919,0.4906,0.0893,1294.541662210088,0.08553528810626275,-13.997588044460182
de_dust2,6710,7.65611994868912e+16,Ilya_Sukonko_ORIGINAL,76561198294497800,mac10,-1016.6458129882812,1395.889892578125,-112.8568115234375,-895.202880859375,1348.47998046875,-109.6094970703125,False,82.6584,2301819,0.6291,130.40947274428444,0.4880277150899866,0.0
de_dust2,7573,7.65611994868912e+16,Ilya_Sukonko_ORIGINAL,76561199558996700,mac10,-533.8107299804688,1764.098876953125,-117.5511474609375,-242.2930908203125,2198.4404296875,-125.05413818359376,False,15.1004,0.7914,0.8726,523.1552477448765,0.6273278395226517,0.1393001244326651
de_dust2,7684,7.65611994868912e+16,Ilya_Sukonko_ORIGINAL,76561199045569900,mac10,-542.5050048828125,1752.171630859375,-116.7115478515625,-257.052734375,1423.3343505859375,32.052886962890625,False,-176.9166,-3.3395,0.4196,460.16063793132105,0.35037514179020435,-0.27695269773244735
de_dust2,31722,7.65611994868912e+16,Ilya_Sukonko_ORIGINAL,76561199045569900,ak47,589.7439575195312,2091.336181640625,-96.53179931640624,308.21148681640625,2542.168212890625,-115.69189453125,False,56.3657,1821526,4.1187,531.861976183529,1.6329005005617672,1.2825253587715628
de_dust2,34186,7.65611994868912e+16,Ilya_Sukonko_ORIGINAL,76561199045569900,ak47,-258.7996826171875,401.0055541992188,-3.05120849609375,-96.6121826171875,1579.720458984375,2.38356351852417,True,-89.7765,-1.6730,0.1817,1189.8332440580828,0.16695407966283285,-1.4659464208989343
de_dust2,35469,7.65611994868912e+16,Ilya_Sukonko_ORIGINAL,76561198846732900,ak47,1282.96044921875,2898.922607421875,127.98263549804688,1273.2535400390625,1608.230224609375,0.2740716934204101,True,123.9224,702788,0.0549,1297.0314292279397,0.05344597570562603,-0.11350810395720681
de_dust2,36878,7.65611994868912e+16,Ilya_Sukonko_ORIGINAL,76561198168074900,ak47,116.56194305419922,2092.78369140625,-123.43670654296876,-440.215087890625,2165.81689453125,-125.68865966796876,False,179.3075,1525802,0.7193,561.5510504302422,0.5419172312436644,0.4884712555380384
de_dust2,37425,7.65611994868912e+16,Ilya_Sukonko_ORIGINAL,76561198294497800,ak47,-1278.1646728515625,2680.992919921875,130.03125,-1778.7864990234375,2690.29931640625,32.73077774047852,True,112.7743,1.1862,1083343.0,510.07470409452117,13.895563111743183,13.353645880499519
de_dust2,46385,7.65611994868912e+16,Ilya_Sukonko_ORIGINAL,76561198846732900,ak47,312.1146545410156,2093.228759765625,97.4636688232422,1111.5159912109375,2564.13037109375,96.15947723388672,True,5.1570,2616690,0.7194,927.7890522833217,0.5419753927582067,-13.353587718984976
de_dust2,58617,7.65611994868912e+16,Ilya_Sukonko_ORIGINAL,76561199558996700,awp,-536.1708984375,2165.243896484375,-122.818359375,603.441162109375,2145.839111328125,-96.81634521484376,False,179.4733,-2.2776,359.4449,1140.0738129486351,5.887339101770049,5.345363709011842
de_dust2,62273,7.65611994868912e+16,Ilya_Sukonko_ORIGINAL,76561198294497800,glock,-1627.5535888671875,2629.4365234375,5.084630966186523,-2073.784912109375,2947.677001953125,34.03045654296875,True,-82.1863,1102728,0.6587,548.8508511669169,0.5060341630298598,-5.38130493874019
de_dust2,72082,7.65611994868912e+16,Ilya_Sukonko_ORIGINAL,76561199558996700,usp_silencer,1493.7587890625,1281.8104248046875,-10.00592041015625,554.8746948242188,678.4533081054688,1.3201003074645996,True,15.1206,2812063,828738.0,1116.0965152846452,13.627660547392614,13.121626384362754
de_dust2,106457,7.65611994868912e+16,Ilya_Sukonko_ORIGINAL,76561198168074900,m4a1_silencer,581.731201171875,683.8705444335938,1.1735873222351074,740.9703979492188,447.12493896484375,0.4632284641265869,False,31.3941,2543125,0.1543,285.3175566080116,0.14349409963872947,-13.484166447753884
de_dust2,110121,7.65611994868912e+16,Ilya_Sukonko_ORIGINAL,76561199045569900,ak47,-554.655517578125,2431.354248046875,-90.27886962890624,-354.029052734375,1085.540283203125,-74.36279296875,True,168.8654,14.1446,2742242.0,1360.779015072031,14.82428675662195,14.68079265698322
de_mirage,2677,7.656119949335656e+16,memesense sucks btw,76561198813502500,deagle,-534.1478881835938,-1443.651611328125,-73.83868408203125,176.7371368408203,-2350.837890625,-39.96875,True,-151.4482,0.0000,1465720.0,1153.0358349085213,14.197857829537778,0.0
de_mirage,5116,7.656119949335656e+16,memesense sucks btw,76561198813502500,deagle,-1131.5250244140625,-699.4284057617188,-167.96875,235.0311584472656,-242.5712890625,-167.6031494140625,True,48.6258,-0.2565,0.6925,1440.9005377398662,0.5262067258042931,-13.671651103733485
de_mirage,8270,7.656119949335656e+16,memesense sucks btw,76561198813502500,awp,-1216.6363525390625,-1236.7586669921875,-167.96875,-421.3330078125,-1697.34619140625,-168.41357421875,True,1828649,1187617,0.0,919.0475916119457,0.0,-0.5262067258042931
de_mirage,8376,7.656119949335656e+16,memesense sucks btw,76561198408857200,awp,-1168.8929443359375,-1292.1048583984375,-167.96875,-356.1680908203125,-1530.060546875,-139.375,True,77.7736,0.9592,0.0268,847.3265012611204,0.026447170014848295,0.026447170014848295
de_mirage,11412,7.656119949335656e+16,memesense sucks btw,76561198408857200,awp,-776.961181640625,-718.0841064453125,-267.12255859375,416.8851013183594,-1540.0611572265625,-220.405517578125,True,-29.2123,-0.9767,0.1414,1450.2060892394848,0.13225557912047067,0.10580840910562238
de_mirage,11683,7.656119949335656e+16,memesense sucks btw,76561199537883100,awp,-843.5133666992188,-788.9646606445312,-221.96875,-692.48095703125,570.9496459960938,-81.632080078125,True,-6.4263,899563,0.0,1375.4534129154379,0.0,-0.13225557912047067
de_mirage,12357,7.656119949335656e+16,memesense sucks btw,76561199839969400,deagle,-586.544921875,-1506.23681640625,-167.96875,-464.2278442382813,-1757.700439453125,-174.90887451171875,True,-14.0021,-17.8476,0.0391,279.7205507746724,0.038354953876463996,0.038354953876463996
de_mirage,15548,7.656119949335656e+16,memesense sucks btw,76561198408857200,awp,-1030.8409423828125,-34.8115234375,-367.96875,-940.638671875,372.5132446289063,-367.96875,True,96.6069,11.1110,750575.0,417.192900568929,13.5285961907514,13.490241236874937
de_mirage,22207,7.656119949335656e+16,memesense sucks btw,76561199825655200,awp,-514.7286987304688,-1568.64306640625,-39.96875,217.4405975341797,-2349.791748046875,-39.96875,True,64.2570,-1.1505,0.2277,1070.6377264142886,0.20514250020465719,-13.323453690546744
de_mirage,25859,7.656119949335656e+16,memesense sucks btw,76561199825655200,awp,-935.1521606445312,-1453.6104736328125,-167.96875,209.22764587402344,-2317.51904296875,-39.96875,True,352401,2739502,1009167.0,1439.5579730387765,13.824636786962532,13.619494286757876
de_mirage,26368,7.656119949335656e+16,memesense sucks btw,76561199839969400,deagle,-791.8956298828125,-753.5980834960938,-261.96875,-998.6082153320312,-413.5784912109375,-329.17584228515625,True,37.2244,-4.0900,0.0,403.55942483640496,0.0,-13.824636786962532
de_mirage,29100,7.656119949335656e+16,memesense sucks btw,76561199825655200,awp,-986.7509765625,-1441.2593994140625,-166.8685302734375,251.09820556640625,-2343.20654296875,-39.96875,True,-89.3456,-7.0312,0.9706,1536.8418271562982,0.678338064906237,0.678338064906237
de_mirage,29354,7.656119949335656e+16,memesense sucks btw,76561199537883100,deagle,-366.0130004882813,-1779.035400390625,-167.96875,93.07928466796876,-1443.3687744140625,-175.96875,True,37.7734,-3.1939,0.1543,568.7721952455809,0.14349409963872947,-0.5348439652675075
de_mirage,29529,7.656119949335656e+16,memesense sucks btw,76561198813502500,deagle,173.33642578125,-1610.30126953125,-170.13848876953125,676.4596557617188,-1525.916748046875,-263.96002197265625,True,-36.0358,-5.0530,0.0634,518.7062869338598,0.06147132208810105,-0.08202277755062842
de_mirage,32632,7.656119949335656e+16,memesense sucks btw,76561199839969400,awp,-982.4385375976562,-633.0358276367188,-271.134033203125,-954.24267578125,433.3709716796875,-367.96875,True,997357,1735177,0.3042,1071.1654543668606,0.2655898259769649,0.20411850388886385
de_mirage,33070,7.656119949335656e+16,memesense sucks btw,76561198408857200,awp,-1042.8614501953125,-443.373046875,-314.278564453125,-951.106201171875,369.6263732910156,-367.96875,True,878987,-5.9512,2586285.0,819.9205564795217,14.765733427713014,14.500143601736049
de_mirage,39300,7.656119949335656e+16,memesense sucks btw,76561198813502500,awp,-150.3243408203125,-552.1931762695312,-223.735107421875,237.53614807128903,-165.69189453125,-167.55792236328125,True,-42.9559,-10.9719,0.3463,550.4315359331022,0.29736008900305205,-14.468373338709963
de_mirage,39978,7.656119949335656e+16,memesense sucks btw,76561199537883100,awp,527.7882690429688,489.4359436035156,-260.341796875,985.3499755859376,411.9057922363281,-251.96875,True,4.1456,10.0449,0.1101,464.1591834484199,0.10445010135646442,-0.19290998764658762
de_mirage,46791,7.656119949335656e+16,memesense sucks btw,76561199537883100,deagle,737.3224487304688,-1629.4322509765625,-260.3575439453125,309.3001708984375,-1481.3671875,-175.96875,True,123.6412,-0.4113,1397055.0,460.70359439273255,14.149877723334034,14.04542762197757
de_mirage,5520,7.656119953788318e+16,Seiichi,76561198879764200,deagle,707.2947998046875,-1511.4930419921875,-263.9493408203125,169.36158752441406,-1620.538330078125,-169.11474609375,True,18.0660,-0.9057,0.0507,557.0068366590039,0.049456608712592526,0.0
de_mirage,15884,7.656119953788318e+16,Seiichi,76561198879764200,awp,294.4752197265625,-127.924560546875,-165.46875,-681.7169189453125,-893.6463623046875,-237.141845703125,True,-74.6971,-12.0345,0.1272,1242.7461534600175,0.11973668160233342,0.07028007288974089
de_inferno,2959,7.656119954714934e+16,Май Навсегда #80,76561198180825500,usp_silencer,289.2353820800781,1875.9268798828125,137.03125,178.19732666015625,1189.8466796875,94.35821533203124,True,-56.5902,952920,1.065,696.3163639749187,0.7251302264129961,0.0
de_inferno,30191,7.656119954714934e+16,Май Навсегда #80,76561198180825500,tec9,2366.456298828125,1153.170166015625,180.03125,2150.276611328125,1138.5703125,211.078125,False,76.0666,-1.7379,314110.0,218.88517870687588,12.657501705607574,11.932371479194577
de_inferno,34411,7.656119954714934e+16,Май Навсегда #80,76561198190202200,deagle,2399.210205078125,1123.3919677734375,169.19384765625,2162.667236328125,647.0606689453125,160.03125,False,-65.3388,2.0592,0.3145,531.9098001580364,0.27345636518779887,-12.384045340419775
de_inferno,38129,7.656119954714934e+16,Май Навсегда #80,76561199130088600,m4a1_silencer,280.79644775390625,1642.9857177734375,120.90711975097656,109.61775207519533,961.6683959960938,82.03227233886719,False,80.8838,-2.5378,0.7183,703.5671201594288,0.5413354299705624,0.2678790647827635
de_inferno,65500,7.656119954714934e+16,Май Навсегда #80,76561198330759100,m4a1_silencer,1685.8414306640625,2808.322021484375,124.03186798095705,1658.692138671875,2004.658447265625,176.03125,True,-86.5637,1740991,437198.0,805.8015638555784,12.988143747999196,12.446808318028634
de_inferno,66518,7.656119954714934e+16,Май Навсегда #80,76561198180825500,ak47,1650.270263671875,2070.848876953125,176.03125,1829.22607421875,1327.66650390625,160.03125,True,121.8902,1.1440,0.3841,764.5921930912409,0.3250501089205192,-12.663093639078676
de_inferno,70388,7.656119954714934e+16,Май Навсегда #80,76561198180825500,deagle,541.59033203125,2618.673828125,161.53123474121094,835.1907348632812,2574.588134765625,140.0843048095703,True,109.0235,-1.0626,0.2087,297.66544257874574,0.1895454018832742,-0.13550470703724501
de_inferno,85011,7.656119954714934e+16,Май Навсегда #80,76561198330759100,glock,2259.0146484375,642.1185302734375,148.94798278808594,2254.127685546875,1168.7130126953125,180.03125,False,14.1531,1703859,1868582.0,527.5336963872772,14.44069094757939,14.251145545696115
de_inferno,93599,7.656119954714934e+16,Май Навсегда #80,76561198330759100,p250,1237.550048828125,-275.54327392578125,260.03125,1655.8802490234375,-377.9676513671875,256.03125,True,138.5544,0.9459,731947.0,430.7051305588429,13.503464752168746,-0.9372261954106431
de_inferno,118118,7.656119954714934e+16,Май Навсегда #80,76561198180825500,ak47,1454.000732421875,121.87164306640624,132.03125,1291.272705078125,331.9223937988281,129.53125,True,162.4092,496061,1101604.0,265.72161892936424,13.91227876523886,0.40881401307011345
de_inferno,118626,7.656119954714934e+16,Май Навсегда #80,76561198330759100,ak47,1996.6475830078125,497.2495422363281,160.03125,1934.2628173828125,-199.361328125,260.03125,True,-12.5951,2229258,865686.0,706.5115453321716,13.671278690341662,-0.24100007489719744
de_dust2,13913,7.656119955899672e+16,yakor`,76561199039770200,ssg08,1405.281494140625,1289.4500732421875,-10.9669189453125,831.1303100585938,863.0952758789062,0.1589503288269043,True,2522548,1316517,0.0,715.2284812453909,0.0,0.0
de_dust2,46450,7.656119955899672e+16,yakor`,76561199486891200,m4a1_silencer,1781.443359375,2103.84326171875,3.885650634765625,329.64141845703125,2083.102783203125,96.73026275634766,True,-89.4012,-1.7012,0.2354,1454.9155182010552,0.2113948042796617,0.2113948042796617
de_dust2,47944,7.656119955899672e+16,yakor`,76561198167700500,m4a1_silencer,307.2666015625,1779.213623046875,96.03125,237.21929931640625,1370.37060546875,0.1663999557495117,False,-137.1969,0.0189,0.1147,425.73384531694126,0.10858531041344073,-0.10280949386622097
de_dust2,52250,7.656119955899672e+16,yakor`,76561198167700500,ak47,-183.39959716796875,318.526611328125,2.160104751586914,-143.3565673828125,1344.18896484375,-0.03887939453125,True,123.2797,1324705,407247.0,1026.4460741728524,12.917177615463896,12.808592305050455
de_dust2,52357,7.656119955899672e+16,yakor`,76561198274201900,ak47,-282.4952392578125,409.0827331542969,-3.48333740234375,-425.4656982421875,1196.7086181640625,-105.7628173828125,True,-110.4686,220821,0.2082,807.0044478840836,0.18913164872250382,-12.728045966741393
de_dust2,55150,7.656119955899672e+16,yakor`,76561199039770200,ak47,-1096.2392578125,1398.947021484375,-112.0244140625,-610.7974243164062,1412.578369140625,-114.3150634765625,True,-90.3512,332493,0.0,485.6385841566884,0.0,-0.18913164872250382
de_dust2,65501,7.656119955899672e+16,yakor`,76561199486891200,awp,1449.8837890625,1363.574951171875,-11.43511962890625,573.8270874023438,678.1612548828125,1.218919277191162,True,30.5674,-0.2390,2096860.0,1112.397143238396,14.55595202251781,14.55595202251781
de_dust2,93621,7.656119955899672e+16,yakor`,76561199039770200,ak47,459.3725891113281,2013.099365234375,132.53125,527.1132202148438,2762.700439453125,97.47735595703124,True,-3.5932,58.5884,6.005,753.4715250490773,1.9466241797889703,-12.609327842728838
de_dust2,96626,7.656119955899672e+16,yakor`,76561199039770200,ak47,-455.56683349609375,760.8154907226562,-0.5899658203125,-14.971923828125,1525.3223876953125,0.6917853355407715,True,158.6254,-3.6653,0.4187,882.3810474109871,0.34974095933580274,-1.5968832204531676
de_dust2,105496,7.656119955899672e+16,yakor`,76561199039770200,mac10,-1403.6429443359375,1203.9703369140625,34.87254333496094,-1183.773193359375,1089.847412109375,0.7805123329162598,True,34.5139,2191151,1.0923,250.0580251427983,0.7382639393630684,0.3885229800272657
de_dust2,112811,7.656119955899672e+16,yakor`,76561199039770200,ak47,-501.4387817382813,909.1998901367188,-26.85748291015625,-17.821044921875,1519.69482421875,0.5922331809997559,True,83.9208,6.1249,0.6387,779.3225691693598,0.49390324457004137,-0.24436069479302708
de_dust2,124949,7.656119955899672e+16,yakor`,76561198274201900,awp,1270.17333984375,1231.4080810546875,0.0312786102294921,611.686279296875,717.5698852539062,0.9965152740478516,False,-31.9462,1086203,2664232.0,835.2459709889555,14.795426769280262,14.30152352471022
de_inferno,2765,7.656119957639579e+16,Eiro,76561199130088600,usp_silencer,1476.730224609375,377.8553466796875,128.03125,-230.52655029296875,850.38232421875,24.41316032409668,True,-169.7793,24.7213,229434.0,1774.4701035690168,12.34337504396626,0.0
de_inferno,4756,7.656119957639579e+16,Eiro,76561198185646600,usp_silencer,1510.2921142578125,1203.8221435546875,177.11805725097656,1380.55615234375,128.00921630859375,132.03125,True,-3.7947,2.1863,2302887.0,1084.5449250407578,14.649674545401393,2.3062995014351326
de_inferno,5782,7.656119957639579e+16,Eiro,76561198330759100,usp_silencer,2095.6103515625,2734.64599609375,124.03184509277344,1.2074534893035889,2804.978271484375,161.03125,True,15.2579,2522732,426636.0,2095.910084994706,12.96368881356028,-1.6859857318411127
de_inferno,7260,7.656119957639579e+16,Eiro,76561198190202200,glock,478.8096008300781,2955.60595703125,161.53125,910.3339233398438,1995.564208984375,136.03128051757812,True,-168.0143,0.3299,0.0,1052.8739940534272,0.0,-12.96368881356028
de_inferno,11802,7.656119957639579e+16,Eiro,76561198180825500,m4a1_silencer,1367.3201904296875,1224.089599609375,181.03125,1340.2232666015625,316.640380859375,128.03125,True,101.8618,13.8005,0.285,909.3994325327747,0.2507587183471831,0.2507587183471831
de_inferno,15484,7.656119957639579e+16,Eiro,76561198185646600,m4a1_silencer,345.9081115722656,2884.856689453125,184.29977416992188,541.409912109375,3375.7041015625,167.03125,True,-123.0095,-19.6796,3.1869,528.6306252145533,1.431960603303022,1.181201884955839
de_inferno,21660,7.656119957639579e+16,Eiro,76561198185646600,inferno,2574.62255859375,1320.6068115234375,160.03125,1881.59814453125,481.4969482421875,159.97073364257812,True,15.9298,16.8475,0.4337,1088.2960097348418,0.3602585152700852,-1.0717020880329369
de_inferno,38276,7.656119957639579e+16,Eiro,76561198180825500,m4a1,1752.596923828125,1052.93505859375,157.1096954345703,1392.03466796875,1005.9746704101562,162.1149139404297,False,-70.3650,800280,0.0737,363.64195387915106,0.07111062745795275,-0.2891478878121324
de_inferno,39350,7.656119957639579e+16,Eiro,76561198185646600,m4a1,1438.1873779296875,1211.189208984375,177.11805725097656,1475.5657958984375,725.301025390625,128.3781280517578,True,70.3369,0.3993,1.0641,489.75509572052965,0.7246942960580749,0.6535836686001222
de_inferno,39419,7.656119957639579e+16,Eiro,76561198330759100,m4a1,1503.1497802734375,1202.011474609375,177.11805725097656,1320.7537841796875,346.0174560546875,128.60284423828125,True,689885,8.1179,1684866.0,876.5544963583845,14.337197186902582,13.612502890844507
de_inferno,44523,7.656119957639579e+16,Eiro,76561198180825500,ak47,769.46875,437.7023010253906,96.03125762939452,-157.2825927734375,913.9620361328124,42.7593994140625,True,175.8238,2750125,0.6304,1043.3260648017356,0.48882538348632326,-13.848371803416258
de_inferno,45518,7.656119957639579e+16,Eiro,76561199130088600,ak47,363.8942565917969,2062.0849609375,184.03125,819.2276000976562,1880.0318603515625,136.03126525878906,True,-27.9321,-2.8842,0.258,492.72282642103653,0.2295231582782488,-0.25930222520807444
de_inferno,49592,7.656119957639579e+16,Eiro,76561198330759100,awp,1459.1494140625,389.5030517578125,129.03125,303.9651184082031,700.5786743164062,32.92874526977539,True,-64.1883,1558978,0.2151,1200.1893564317063,0.19482637793242902,-0.03469678034581977
de_inferno,58783,7.656119957639579e+16,Eiro,76561199130088600,mp9,1980.7969970703125,2800.830322265625,124.03184509277344,816.562255859375,2717.194091796875,136.03123474121094,True,-115.7156,4.1343,0.8893,1167.2966791015278,0.6362063900971352,0.4413800121647062
de_inferno,61354,7.656119957639579e+16,Eiro,76561198190202200,mp9,1595.076416015625,1199.045654296875,222.9375,1413.5902099609375,818.6138916015625,139.35366821289062,False,113.5822,1.0341,1496825.0,429.7113286751966,14.21885742418132,13.582651034084185
de_inferno,71477,7.656119957639579e+16,Eiro,76561198330759100,hegrenade,1249.72412109375,2997.968017578125,128.03170776367188,844.6619873046875,2364.552978515625,140.0843048095703,True,92.1763,2509430,0.0989,751.9542599359668,0.09430967947074133,-14.124547744710577
de_inferno,73926,7.656119957639579e+16,Eiro,76561199130088600,mp9,1461.1439208984375,1011.388427734375,154.24664306640625,1482.083984375,96.64392852783205,132.03125,False,-177.6431,2248952,2360564.0,915.2537947346225,14.674411555128223,14.580101875657482
de_inferno,79744,7.656119957639579e+16,Eiro,76561198330759100,mp9,1367.200927734375,113.6102523803711,132.03125,1312.6885986328125,455.562255859375,122.37351989746094,True,87.8951,9.1080,0.2721,346.40444347339894,0.2406690781800282,-14.433742476948195
de_inferno,112585,7.656119957639579e+16,Eiro,76561198180825500,ak47,-408.408447265625,-267.80908203125,192.03125,423.2436218261719,-54.54150390625,68.31639862060547,True,-9.9330,197264,0.1042,867.4292987649169,0.09912109086780718,-0.141547987312221
de_inferno,115271,7.656119957639579e+16,Eiro,76561198213870300,hegrenade,2394.565185546875,-215.3489990234375,153.609375,2384.906982421875,1081.9000244140625,165.14059448242188,True,-83.5740,1700815,528508.0,1297.33622423792,13.17781511347572,13.078694022607912
de_ancient,18123,7.656119968787163e+16,KRiPZ,76561199332692100,ak47,-752.0346069335938,-860.8018188476562,35.48052215576172,-470.9432373046875,-277.009033203125,56.03144836425781,True,-64.0479,1613733,0.6281,648.2659293981776,0.48741369075533175,0.0
de_mirage,25709,7.656119982565528e+16,Krol,76561199052453700,deagle,178.91848754882812,-2325.173828125,-39.96875,39.01850891113281,-2181.068115234375,-39.96875,True,82.1794,-6.0779,0.2537,200.8443688793461,0.22609917913984232,0.0
de_mirage,15266,7.656119983996944e+16,абаюнда,76561199052453700,deagle,-75.80023193359375,-1607.665771484375,-167.96875,82.79207611083984,-2193.996337890625,-39.96875,True,83.3663,-6.8754,0.0141,620.7407295104249,0.014001519635813609,0.0
de_mirage,19050,7.656119983996944e+16,абаюнда,76561198398208900,awp,461.3931884765625,-1619.5565185546875,-242.66162109375,-500.9622802734375,-1525.06884765625,-39.96875,True,35.6602,-3.3948,0.096,987.9981620312212,0.0916671885258238,0.07766566889001018
de_mirage,25908,7.656119983996944e+16,абаюнда,76561198398208900,deagle,-1047.97021484375,72.81163024902344,-367.96875,-1033.824462890625,-570.428466796875,-287.96875,True,135.8768,-0.1469,4.0686,648.3501559697014,1.6230646453487572,1.5313974568229334
de_mirage,46820,7.656119983996944e+16,абаюнда,76561199256476900,deagle,-954.8145751953124,157.28977966308594,-172.29827880859375,-748.9299926757812,-17.1376953125,-143.96875,False,-159.7453,-1.0392,0.1068,271.32262631066584,0.10147296893063379,-1.5215916764181234
